dataset,method,n,repeat,detail,improvement_error,expected_improvement_error,manipulating_y0,improved,predicted_positive_before
Adult,Ours,100,0,epoch 793,0.161620294599018,0.15573669039629257,267,145,39
Adult,Attias,100,0,tau=0.9,0.1820785597381342,0.17209404535995376,626,329,19
Adult,SERM,100,0,lambda=1,0.23567921440261866,0.22462559693348982,923,418,48
Adult,SVM,100,0,,0.7013093289689034,0.7000521182301666,1370,104,844
Adult,Ours,250,0,epoch 799,0.18985270049099837,0.18978328029259406,78,54,10
Adult,Attias,250,0,tau=0.8,0.16202945990180032,0.1589688540902455,130,79,13
Adult,SERM,250,0,lambda=1,0.15589198036006546,0.14497088332853986,332,182,19
Adult,SVM,250,0,,0.6845335515548282,0.6837400803734343,1257,110,948
Adult,Ours,500,0,epoch 250,0.22667757774140754,0.2266531946418103,14,10,5
Adult,Attias,500,0,tau=0.5,0.1698036006546645,0.16560469169024175,246,103,69
Adult,SERM,500,0,lambda=0.1,0.17389525368248773,0.16630875137877646,560,287,42
Adult,SVM,500,0,,0.6788052373158756,0.6774703201864891,1277,115,918
Adult,Ours,1000,0,epoch 765,0.1955810147299509,0.1951105944200517,50,34,8
Adult,Attias,1000,0,tau=0.5,0.19680851063829788,0.18896872813354518,354,106,168
Adult,SERM,1000,0,lambda=0.1,0.16039279869067102,0.1544980332934177,348,187,39
Adult,SVM,1000,0,,0.6579378068739771,0.6542073180373068,1175,115,980
Adult,Ours,2000,0,epoch 794,0.17307692307692307,0.1698897831293614,111,67,21
Adult,Attias,2000,0,tau=0.7,0.2078559738134206,0.2060187573542716,86,40,12
Adult,SERM,2000,0,lambda=1,0.15711947626841244,0.15135596463900586,264,153,23
Adult,SVM,2000,0,,0.6080196399345336,0.6022524859869669,1094,137,955
Adult,Ours,4000,0,epoch 800,0.16734860883797054,0.16424404505982876,121,74,21
Adult,Attias,4000,0,tau=0.7,0.2193126022913257,0.21904257847186143,35,17,11
Adult,SERM,4000,0,lambda=0.1,0.16366612111292964,0.15902141233619135,245,134,34
Adult,SVM,4000,0,,0.6419803600654664,0.6373057727341624,1171,123,946
Adult,Ours,6000,0,epoch 778,0.16530278232405893,0.16434247565780374,130,85,21
Adult,Attias,6000,0,tau=0.7,0.1951718494271686,0.19115866936600412,93,30,26
Adult,SERM,6000,0,lambda=0.1,0.17144026186579378,0.16211863181451533,460,230,50
Adult,SVM,6000,0,,0.6399345335515548,0.6326248546613359,1160,121,948
Adult,Ours,100,1,epoch 512,0.23895253682487724,0.23905739729298278,1,1,0
Adult,Attias,100,1,tau=0.5,0.22913256955810146,0.22821495423133337,64,23,12
Adult,SERM,100,1,lambda=1,0.2078559738134206,0.21419611292665425,878,454,44
Adult,SVM,100,1,,0.7099018003273322,0.7083355690429654,1295,88,935
Adult,Ours,250,1,epoch 422,0.23772504091653027,0.2370875198657267,4,0,0
Adult,Attias,250,1,tau=0.5,0.18085106382978725,0.18324844933264492,255,88,132
Adult,SERM,250,1,lambda=0.1,0.17266775777414076,0.17666334732085054,578,317,47
Adult,SVM,250,1,,0.6857610474631751,0.6822123102050361,1288,109,897
Adult,Ours,500,1,epoch 210,0.23690671031096563,0.23637085857377615,4,0,0
Adult,Attias,500,1,tau=0.5,0.19189852700490997,0.18860398972302253,222,62,116
Adult,SERM,500,1,lambda=1,0.14811783960720132,0.14956188515940222,380,238,27
Adult,SVM,500,1,,0.6648936170212766,0.6608489220301097,1172,111,995
Adult,Ours,1000,1,epoch 146,0.23649754500818332,0.23582188659280884,4,0,1
Adult,Attias,1000,1,tau=0.5,0.1939443535188216,0.19646452204880263,276,107,115
Adult,SERM,1000,1,lambda=1,0.15384615384615385,0.15521488211466516,316,190,35
Adult,SVM,1000,1,,0.6509819967266776,0.6445258067986633,1139,112,991
Adult,Ours,2000,1,epoch 79,0.22749590834697217,0.22754690853831652,11,8,5
Adult,Attias,2000,1,tau=0.7,0.1783960720130933,0.17679604612262684,144,59,28
Adult,SERM,2000,1,lambda=0.1,0.1599836333878887,0.16051211615644934,303,175,56
Adult,SVM,2000,1,,0.6554828150572831,0.6525617356017382,1161,119,988
Adult,Ours,4000,1,epoch 51,0.23036006546644844,0.22981015878431907,10,6,4
Adult,Attias,4000,1,tau=0.7,0.2078559738134206,0.20595389805531966,72,30,16
Adult,SERM,4000,1,lambda=0.1,0.1444353518821604,0.14859938789100857,360,229,28
Adult,SVM,4000,1,,0.6419803600654664,0.6377942122155745,1180,125,932
Adult,Ours,6000,1,epoch 32,0.22585924713584288,0.2254463797022024,10,6,5
Adult,Attias,6000,1,tau=0.7,0.17962356792144027,0.1767261183856068,171,69,36
Adult,SERM,6000,1,lambda=0.1,0.15834697217675942,0.1634265389206586,392,228,68
Adult,SVM,6000,1,,0.6419803600654664,0.6349230516909463,1156,119,951
Adult,Ours,100,2,epoch 307,0.21481178396072012,0.21602101874995913,29,24,5
Adult,Attias,100,2,tau=0.7,0.17062193126022912,0.1716787842100877,184,89,48
Adult,SERM,100,2,lambda=1,0.15834697217675942,0.16519846685447784,460,277,33
Adult,SVM,100,2,,0.7340425531914894,0.7286917005138085,1252,55,1043
Adult,Ours,250,2,epoch 328,0.23404255319148937,0.2344205576383973,7,6,3
Adult,Attias,250,2,tau=0.5,0.19967266775777415,0.1970536868175326,170,53,86
Adult,SERM,250,2,lambda=0.1,0.17062193126022912,0.17036216127050335,525,281,57
Adult,SVM,250,2,,0.7164484451718495,0.7136003914552254,1233,72,1041
Adult,Ours,500,2,epoch 237,0.22708674304418985,0.22815940740603008,13,12,4
Adult,Attias,500,2,tau=0.5,0.1992635024549918,0.200618422673838,388,140,156
Adult,SERM,500,2,lambda=0.1,0.16121112929623568,0.16308012468415317,493,276,50
Adult,SVM,500,2,,0.717266775777414,0.7113092704874526,1207,65,1069
Adult,Ours,1000,2,epoch 116,0.2246317512274959,0.2247851747861349,12,9,5
Adult,Attias,1000,2,tau=0.7,0.20458265139116202,0.20342802827217374,49,19,15
Adult,SERM,1000,2,lambda=0.1,0.16612111292962356,0.16590252634879743,440,237,70
Adult,SVM,1000,2,,0.6747135842880524,0.667816944405019,1154,98,1032
Adult,Ours,2000,2,epoch 94,0.23527004909983634,0.23570995056972957,5,4,2
Adult,Attias,2000,2,tau=0.7,0.19476268412438624,0.1944598529624176,90,40,21
Adult,SERM,2000,2,lambda=1,0.15016366612111293,0.1525779948030568,268,172,26
Adult,SVM,2000,2,,0.6039279869067103,0.5983905464777465,1026,131,1011
Adult,Ours,4000,2,epoch 50,0.22749590834697217,0.22794420911883662,11,9,4
Adult,Attias,4000,2,tau=0.5,0.19844517184942717,0.19836264616750218,387,129,180
Adult,SERM,4000,2,lambda=0.1,0.15752864157119476,0.1577187191379911,226,135,33
Adult,SVM,4000,2,,0.6055646481178396,0.6043797170996992,1076,143,973
Adult,Ours,6000,2,epoch 799,0.1681669394435352,0.1701776083557598,106,76,15
Adult,Attias,6000,2,tau=0.7,0.20867430441898527,0.20930018731730754,35,16,5
Adult,SERM,6000,2,lambda=1,0.15384615384615385,0.15575476097651716,315,193,37
Adult,SVM,6000,2,,0.6346153846153846,0.6286840592409705,1148,124,950
Adult,Ours,100,3,epoch 107,0.20949263502454993,0.20797340909537132,80,45,19
Adult,Attias,100,3,tau=0.5,0.23895253682487724,0.23895253682487724,0,0,0
Adult,SERM,100,3,lambda=0.1,0.2144026186579378,0.21344695184933477,165,76,39
Adult,SVM,100,3,,0.6317512274959084,0.6309054710370011,1202,137,826
Adult,Ours,250,3,epoch 414,0.2381342062193126,0.23815207064028893,4,2,1
Adult,Attias,250,3,tau=0.5,0.20990180032733224,0.20387029915838764,359,121,156
Adult,SERM,250,3,lambda=0.1,0.16202945990180032,0.1602982014069521,338,189,53
Adult,SVM,250,3,,0.632569558101473,0.6314466887357012,1151,136,954
Adult,Ours,500,3,epoch 279,0.23731587561374795,0.23756171390328001,4,2,0
Adult,Attias,500,3,tau=0.7,0.205810147299509,0.20461854206966212,99,44,20
Adult,SERM,500,3,lambda=0.1,0.15711947626841244,0.15615232036743773,360,205,47
Adult,SVM,500,3,,0.6395253682487725,0.6378629887834911,1156,128,961
Adult,Ours,1000,3,epoch 158,0.23527004909983634,0.23573818034776672,6,5,2
Adult,Attias,1000,3,tau=0.7,0.19680851063829788,0.1942746009029562,113,47,26
Adult,SERM,1000,3,lambda=0.1,0.16407528641571195,0.15791437704222924,281,153,38
Adult,SVM,1000,3,,0.6366612111292962,0.637233471489203,1204,143,911
Adult,Ours,2000,3,epoch 78,0.2279050736497545,0.22817544441384813,10,8,5
Adult,Attias,2000,3,tau=0.7,0.18985270049099837,0.18834739097215214,117,46,33
Adult,SERM,2000,3,lambda=1,0.15711947626841244,0.15503147988738944,340,201,29
Adult,SVM,2000,3,,0.6783960720130933,0.6778040840298315,1252,115,941
Adult,Ours,4000,3,epoch 35,0.2332242225859247,0.23392909357908195,7,7,4
Adult,Attias,4000,3,tau=0.7,0.20130932896890344,0.1997071000929658,56,21,17
Adult,SERM,4000,3,lambda=1,0.15261865793780688,0.15395721067750237,162,115,14
Adult,SVM,4000,3,,0.6513911620294599,0.6528498868040482,1192,135,956
Adult,Ours,6000,3,epoch 22,0.23404255319148937,0.23452896286701047,5,5,3
Adult,Attias,6000,3,tau=0.7,0.20253682487725042,0.20155345663672047,57,22,19
Adult,SERM,6000,3,lambda=0.1,0.16121112929623568,0.15941935456365341,205,118,34
Adult,SVM,6000,3,,0.63379705400982,0.6333953657836765,1151,135,952
Adult,Ours,100,4,epoch 800,0.2434533551554828,0.2414954771389784,37,12,8
Adult,Attias,100,4,tau=0.7,0.21563011456628478,0.20967824155038442,224,88,42
Adult,SERM,100,4,lambda=0.1,0.18453355155482815,0.18059500741181694,183,82,44
Adult,SVM,100,4,,0.636252045826514,0.633833562690512,1125,107,949
Adult,Ours,250,4,epoch 799,0.1788052373158756,0.17916826525310298,109,71,20
Adult,Attias,250,4,tau=0.7,0.2107201309328969,0.20612318977506908,148,59,27
Adult,SERM,250,4,lambda=0.1,0.16284779050736498,0.1558157559773242,348,189,34
Adult,SVM,250,4,,0.6497545008183306,0.6448666081598909,1218,130,912
Adult,Ours,500,4,epoch 787,0.17716857610474632,0.17701517121094343,110,71,20
Adult,Attias,500,4,tau=0.7,0.2037643207855974,0.1978949437824056,152,56,31
Adult,SERM,500,4,lambda=0.1,0.1751227495908347,0.1636451609579989,489,239,52
Adult,SVM,500,4,,0.6726677577741408,0.668003142187016,1227,109,954
Adult,Ours,1000,4,epoch 158,0.23036006546644844,0.23004962481077254,9,6,4
Adult,Attias,1000,4,tau=0.7,0.1890343698854337,0.18364113682438812,187,74,35
Adult,SERM,1000,4,lambda=0.1,0.16734860883797054,0.1594433895695307,392,201,55
Adult,SVM,1000,4,,0.6280687397708674,0.6235539705318273,1198,140,884
Adult,Ours,2000,4,epoch 98,0.23445171849427168,0.2341640640624539,6,3,2
Adult,Attias,2000,4,tau=0.7,0.18003273322422259,0.1737437439795043,279,102,59
Adult,SERM,2000,4,lambda=0.1,0.190671031096563,0.1858352753691638,169,76,36
Adult,SVM,2000,4,,0.5986088379705401,0.5914382956782722,1092,116,879
Adult,Ours,4000,4,epoch 800,0.17144026186579378,0.17161857629798444,109,73,21
Adult,Attias,4000,4,tau=0.7,0.17716857610474632,0.17351157603189898,215,80,52
Adult,SERM,4000,4,lambda=1,0.1599836333878887,0.1530903233758508,259,148,22
Adult,SVM,4000,4,,0.6423895253682488,0.6404589800880773,1202,132,917
Adult,Ours,6000,4,epoch 798,0.16448445171849427,0.16489930407965914,122,81,22
Adult,Attias,6000,4,tau=0.7,0.1820785597381342,0.1783369004063262,177,67,40
Adult,SERM,6000,4,lambda=1,0.16039279869067102,0.1564465554354546,199,118,23
Adult,SVM,6000,4,,0.6366612111292962,0.632165348524036,1185,130,918
HELOC,Ours,100,0,epoch 600,0.25925925925925924,0.264063988875231,67,27,131
HELOC,Attias,100,0,tau=0.7,0.27983539094650206,0.2777379792290959,57,16,115
HELOC,SERM,100,0,lambda=0.1,0.3559670781893004,0.35300615148797054,27,10,13
HELOC,SVM,100,0,,0.4218106995884774,0.4275592279905731,118,11,235
HELOC,Ours,250,0,epoch 600,0.26337448559670784,0.26229017451560377,59,24,150
HELOC,Attias,250,0,tau=0.8,0.25308641975308643,0.24364079859169652,58,18,97
HELOC,SERM,250,0,lambda=0.1,0.25925925925925924,0.2594692281597857,50,20,42
HELOC,SVM,250,0,,0.4218106995884774,0.4211856197219967,147,30,254
HELOC,Ours,500,0,epoch 600,0.23045267489711935,0.2300462583493698,62,25,68
HELOC,Attias,500,0,tau=0.8,0.22016460905349794,0.22774079483173584,62,30,49
HELOC,SERM,500,0,lambda=0.1,0.30246913580246915,0.2964243442358452,48,18,31
HELOC,SVM,500,0,,0.41358024691358025,0.39419771427704187,149,27,230
HELOC,Ours,1000,0,epoch 600,0.22839506172839505,0.21638720836486613,87,36,20
HELOC,Attias,1000,0,tau=0.8,0.23868312757201646,0.22016379074517445,91,32,37
HELOC,SERM,1000,0,lambda=1,0.2674897119341564,0.26457645568003646,43,15,79
HELOC,SVM,1000,0,,0.41975308641975306,0.409278523061372,159,32,232
HELOC,Ours,2000,0,epoch 600,0.22633744855967078,0.2186870941683488,89,42,12
HELOC,Attias,2000,0,tau=0.8,0.24691358024691357,0.2338451724374898,104,42,28
HELOC,SERM,2000,0,lambda=0.1,0.2777777777777778,0.27449031960089176,48,19,35
HELOC,SVM,2000,0,,0.3991769547325103,0.3923129958327167,149,33,230
HELOC,Ours,4000,0,epoch 585,0.22633744855967078,0.21888035866715957,88,42,11
HELOC,Attias,4000,0,tau=0.7,0.2613168724279835,0.254541379041564,91,36,92
HELOC,SERM,4000,0,lambda=0.1,0.294238683127572,0.29399007834275925,47,19,48
HELOC,SVM,4000,0,,0.3991769547325103,0.38610514468220136,142,30,230
HELOC,Ours,6000,0,epoch 452,0.23251028806584362,0.2171879310835365,92,40,12
HELOC,Attias,6000,0,tau=0.7,0.26954732510288065,0.2555037273327698,95,34,96
HELOC,SERM,6000,0,lambda=1,0.31893004115226337,0.30882813004590504,45,13,51
HELOC,SVM,6000,0,,0.39300411522633744,0.385960318178853,141,33,232
HELOC,Ours,100,1,epoch 565,0.2654320987654321,0.2631865148556256,37,14,147
HELOC,Attias,100,1,tau=0.8,0.24897119341563786,0.242912288634133,69,24,79
HELOC,SERM,100,1,lambda=1,0.2777777777777778,0.2788695496567683,41,17,65
HELOC,SVM,100,1,,0.36213991769547327,0.3564436260324637,125,34,217
HELOC,Ours,250,1,epoch 559,0.25102880658436216,0.2543269136317875,53,19,114
HELOC,Attias,250,1,tau=0.7,0.2716049382716049,0.2676635093110038,109,38,116
HELOC,SERM,250,1,lambda=0.1,0.29218106995884774,0.29691519341496175,42,23,15
HELOC,SVM,250,1,,0.3991769547325103,0.3895208884355893,150,34,217
HELOC,Ours,500,1,epoch 600,0.2551440329218107,0.2536647187944066,62,24,80
HELOC,Attias,500,1,tau=0.7,0.2654320987654321,0.26042149849814317,61,19,111
HELOC,SERM,500,1,lambda=0.1,0.30864197530864196,0.3072247093930697,41,19,16
HELOC,SVM,500,1,,0.35802469135802467,0.3632917725549523,129,39,218
HELOC,Ours,1000,1,epoch 600,0.23251028806584362,0.22438054691995257,70,27,37
HELOC,Attias,1000,1,tau=0.7,0.25102880658436216,0.25082071470981127,85,34,102
HELOC,SERM,1000,1,lambda=0.1,0.29218106995884774,0.28647964164906936,47,18,28
HELOC,SVM,1000,1,,0.3868312757201646,0.3840396372009952,145,34,224
HELOC,Ours,2000,1,epoch 600,0.22633744855967078,0.21621444264988463,85,37,19
HELOC,Attias,2000,1,tau=0.8,0.24897119341563786,0.24296647902816323,79,32,40
HELOC,SERM,2000,1,lambda=0.1,0.294238683127572,0.29205118090009696,48,21,26
HELOC,SVM,2000,1,,0.3991769547325103,0.38920471122175376,148,32,229
HELOC,Ours,4000,1,epoch 590,0.2242798353909465,0.21792031054449956,87,42,12
HELOC,Attias,4000,1,tau=0.7,0.26954732510288065,0.25999205281184934,85,32,87
HELOC,SERM,4000,1,lambda=0.1,0.3065843621399177,0.30094279530119944,46,18,31
HELOC,SVM,4000,1,,0.39300411522633744,0.38366380460024113,141,32,230
HELOC,Ours,6000,1,epoch 496,0.22633744855967078,0.21485218694579525,92,42,11
HELOC,Attias,6000,1,tau=0.7,0.2654320987654321,0.25863894133691456,96,38,85
HELOC,SERM,6000,1,lambda=1,0.35802469135802467,0.35397689126688614,39,16,24
HELOC,SVM,6000,1,,0.40329218106995884,0.3859602727939906,141,28,232
HELOC,Ours,100,2,epoch 600,0.24897119341563786,0.23855686498265416,63,21,70
HELOC,Attias,100,2,tau=0.7,0.23868312757201646,0.24811118417807165,104,48,73
HELOC,SERM,100,2,lambda=0.1,0.36213991769547327,0.3590050450786432,34,14,10
HELOC,SVM,100,2,,0.39094650205761317,0.3927692868458989,173,45,188
HELOC,Ours,250,2,epoch 600,0.2757201646090535,0.26845980904989836,46,12,90
HELOC,Attias,250,2,tau=0.5,0.2716049382716049,0.27583090061251986,87,35,156
HELOC,SERM,250,2,lambda=0.1,0.3683127572016461,0.3637577327153067,36,15,18
HELOC,SVM,250,2,,0.35185185185185186,0.35114207160748695,128,36,214
HELOC,Ours,500,2,epoch 600,0.24691358024691357,0.24235491467058173,61,22,89
HELOC,Attias,500,2,tau=0.7,0.2613168724279835,0.26079783030542775,63,23,96
HELOC,SERM,500,2,lambda=1,0.25925925925925924,0.25735839833142365,49,16,122
HELOC,SVM,500,2,,0.360082304526749,0.3600312549898762,108,31,237
HELOC,Ours,1000,2,epoch 600,0.23045267489711935,0.22016043399069585,74,26,56
HELOC,Attias,1000,2,tau=0.8,0.24074074074074073,0.233170896233256,75,31,40
HELOC,SERM,1000,2,lambda=1,0.2736625514403292,0.26792784280836984,45,12,91
HELOC,SVM,1000,2,,0.35802469135802467,0.36902024172846715,117,38,240
HELOC,Ours,2000,2,epoch 599,0.22633744855967078,0.2155953903191526,87,38,19
HELOC,Attias,2000,2,tau=0.7,0.28189300411522633,0.2719014928007772,75,26,103
HELOC,SERM,2000,2,lambda=0.1,0.29835390946502055,0.3039015718323212,45,24,26
HELOC,SVM,2000,2,,0.3724279835390947,0.37653864118096486,136,37,232
HELOC,Ours,4000,2,epoch 586,0.2222222222222222,0.21715403937969863,88,43,11
HELOC,Attias,4000,2,tau=0.7,0.26337448559670784,0.25423180725934563,95,37,92
HELOC,SERM,4000,2,lambda=0.1,0.2777777777777778,0.2740777831981925,49,18,40
HELOC,SVM,4000,2,,0.38271604938271603,0.38238560421500545,141,36,232
HELOC,Ours,6000,2,epoch 540,0.2222222222222222,0.21653573608416493,91,44,12
HELOC,Attias,6000,2,tau=0.7,0.2613168724279835,0.25044739177260944,84,31,90
HELOC,SERM,6000,2,lambda=0.1,0.29012345679012347,0.28841006886184256,47,21,26
HELOC,SVM,6000,2,,0.38477366255144035,0.38595989691974936,141,37,232
HELOC,Ours,100,3,epoch 600,0.294238683127572,0.28040244603025183,74,22,178
HELOC,Attias,100,3,tau=0.7,0.2613168724279835,0.25926278555818755,64,20,122
HELOC,SERM,100,3,lambda=0.1,0.2777777777777778,0.27215093040268,51,17,96
HELOC,SVM,100,3,,0.45267489711934156,0.441019658892582,138,22,276
HELOC,Ours,250,3,epoch 600,0.2654320987654321,0.26847637709251504,57,24,158
HELOC,Attias,250,3,tau=0.8,0.2654320987654321,0.2538834077527726,77,27,65
HELOC,SERM,250,3,lambda=1,0.2674897119341564,0.27113774268869373,58,24,161
HELOC,SVM,250,3,,0.411522633744856,0.40039260590740117,135,26,248
HELOC,Ours,500,3,epoch 600,0.257201646090535,0.2565122325499952,71,27,119
HELOC,Attias,500,3,tau=0.7,0.2757201646090535,0.2716711117344615,55,16,127
HELOC,SERM,500,3,lambda=1,0.2777777777777778,0.2683972075730278,65,21,152
HELOC,SVM,500,3,,0.4094650205761317,0.4020551102816321,139,29,248
HELOC,Ours,1000,3,epoch 600,0.22016460905349794,0.21514245633158077,76,32,43
HELOC,Attias,1000,3,tau=0.8,0.2366255144032922,0.23251884012824361,111,47,56
HELOC,SERM,1000,3,lambda=1,0.26337448559670784,0.25190863677893827,57,15,117
HELOC,SVM,1000,3,,0.40329218106995884,0.3955731156032497,149,31,231
HELOC,Ours,2000,3,epoch 600,0.21604938271604937,0.21432352349737813,87,42,19
HELOC,Attias,2000,3,tau=0.8,0.23868312757201646,0.23348186121510556,69,30,47
HELOC,SERM,2000,3,lambda=1,0.26954732510288065,0.27230247811028785,40,17,79
HELOC,SVM,2000,3,,0.39711934156378603,0.38717843226550114,138,31,236
HELOC,Ours,4000,3,epoch 585,0.21810699588477367,0.21894794494308997,88,46,12
HELOC,Attias,4000,3,tau=0.7,0.2448559670781893,0.2434008012835076,80,34,77
HELOC,SERM,4000,3,lambda=0.1,0.2736625514403292,0.27237798086838244,48,20,37
HELOC,SVM,4000,3,,0.39094650205761317,0.38270056382608475,140,32,231
HELOC,Ours,6000,3,epoch 557,0.22016460905349794,0.21505110855413667,92,45,11
HELOC,Attias,6000,3,tau=0.7,0.25925925925925924,0.25344912555759813,103,41,73
HELOC,SERM,6000,3,lambda=0.1,0.3395061728395062,0.3418228471604012,38,19,11
HELOC,SVM,6000,3,,0.39300411522633744,0.38596239356418194,141,33,232
HELOC,Ours,100,4,epoch 596,0.2716049382716049,0.2595076604414062,58,17,139
HELOC,Attias,100,4,tau=0.7,0.29012345679012347,0.2848081720084744,68,13,72
HELOC,SERM,100,4,lambda=0.1,0.3271604938271605,0.3170491968819071,43,13,33
HELOC,SVM,100,4,,0.4279835390946502,0.40710315629721067,138,21,249
HELOC,Ours,250,4,epoch 597,0.2716049382716049,0.264772763283001,52,16,133
HELOC,Attias,250,4,tau=0.7,0.29012345679012347,0.2840201949238417,47,12,64
HELOC,SERM,250,4,lambda=0.1,0.38271604938271603,0.36605324848388016,34,7,18
HELOC,SVM,250,4,,0.3765432098765432,0.36943492683036333,124,30,234
HELOC,Ours,500,4,epoch 600,0.2222222222222222,0.21787861657919402,65,25,53
HELOC,Attias,500,4,tau=0.7,0.2613168724279835,0.25469848521535793,100,38,73
HELOC,SERM,500,4,lambda=0.1,0.27983539094650206,0.2735008023152673,49,19,25
HELOC,SVM,500,4,,0.4012345679012346,0.3916155364775818,148,32,225
HELOC,Ours,1000,4,epoch 600,0.23251028806584362,0.21413203486843554,92,35,21
HELOC,Attias,1000,4,tau=0.8,0.24897119341563786,0.24416102586345473,65,27,34
HELOC,SERM,1000,4,lambda=0.1,0.27983539094650206,0.2651943844940055,51,16,29
HELOC,SVM,1000,4,,0.44238683127572015,0.41378760833921296,160,22,232
HELOC,Ours,2000,4,epoch 600,0.22633744855967078,0.21848632814335822,87,40,17
HELOC,Attias,2000,4,tau=0.7,0.257201646090535,0.251149333333057,73,27,105
HELOC,SERM,2000,4,lambda=0.1,0.294238683127572,0.2885701318317344,49,20,25
HELOC,SVM,2000,4,,0.411522633744856,0.3920026780001855,143,27,233
HELOC,Ours,4000,4,epoch 597,0.22633744855967078,0.21775900445464474,89,42,12
HELOC,Attias,4000,4,tau=0.7,0.26954732510288065,0.25934500756257745,82,28,97
HELOC,SERM,4000,4,lambda=0.1,0.2674897119341564,0.2642788701960274,52,19,44
HELOC,SVM,4000,4,,0.41358024691358025,0.3907830232110711,145,26,231
HELOC,Ours,6000,4,epoch 442,0.2242798353909465,0.2192337541525492,92,45,12
HELOC,Attias,6000,4,tau=0.7,0.27983539094650206,0.26256100583517866,99,33,94
HELOC,SERM,6000,4,lambda=0.1,0.32510288065843623,0.31039346715651567,44,13,26
HELOC,SVM,6000,4,,0.3991769547325103,0.3859600231956416,141,30,232
Law School,Ours,100,0,epoch 182,0.04707012487992315,0.04810316750934535,68,41,639
Law School,Attias,100,0,tau=0.9,0.07012487992315082,0.06760938395264035,58,28,497
Law School,SERM,100,0,lambda=0.1,0.2526416906820365,0.25058896671538805,18,11,146
Law School,SVM,100,0,,0.06051873198847262,0.057572960922238424,58,25,782
Law School,Ours,250,0,epoch 200,0.05187319884726225,0.050914696977908167,63,41,602
Law School,Attias,250,0,tau=0.9,0.056676272814601344,0.056778291288937244,61,40,601
Law School,SERM,250,0,lambda=0.1,0.26609029779058596,0.2646138455637338,17,11,127
Law School,SVM,250,0,,0.04707012487992315,0.05125361404486812,63,38,741
Law School,Ours,500,0,epoch 200,0.04514889529298751,0.044735035893039475,68,41,640
Law School,Attias,500,0,tau=0.9,0.04803073967339097,0.04704989566852078,61,35,706
Law School,SERM,500,0,lambda=1,0.22094140249759847,0.22055863949245275,16,11,232
Law School,SVM,500,0,,0.06051873198847262,0.05884562361169315,63,28,763
Law School,Ours,1000,0,epoch 200,0.043227665706051875,0.04512600936399946,70,45,625
Law School,Attias,1000,0,tau=0.9,0.049951969260326606,0.04872813513658922,63,37,674
Law School,SERM,1000,0,lambda=0.1,0.2516810758885687,0.24956635380478878,18,11,134
Law School,SVM,1000,0,,0.05091258405379443,0.05383359955622266,62,35,753
Law School,Ours,2000,0,epoch 200,0.04130643611911623,0.04276623708846406,68,44,619
Law School,Attias,2000,0,tau=0.9,0.04707012487992315,0.04833839137199545,64,41,651
Law School,SERM,2000,0,lambda=0.1,0.2612872238232469,0.26181156112516824,16,12,143
Law School,SVM,2000,0,,0.052833813640730067,0.05160900794921018,62,31,747
Law School,Ours,4000,0,epoch 200,0.04130643611911623,0.04260313385393654,68,45,605
Law School,Attias,4000,0,tau=0.9,0.053794428434197884,0.05220493543057279,59,34,676
Law School,SERM,4000,0,lambda=0.1,0.2516810758885687,0.2514763833557849,16,11,152
Law School,SVM,4000,0,,0.05091258405379443,0.05009148809954765,61,32,749
Law School,Ours,6000,0,epoch 194,0.04130643611911623,0.04258918453415812,68,45,598
Law School,Attias,6000,0,tau=0.9,0.05571565802113353,0.05506551710786878,57,34,674
Law School,SERM,6000,0,lambda=0.1,0.29010566762728146,0.28951875966879626,13,9,147
Law School,SVM,6000,0,,0.05091258405379443,0.049983441042615186,61,32,749
Law School,Ours,100,1,epoch 200,0.049951969260326606,0.047507999556447376,69,38,632
Law School,Attias,100,1,tau=0.9,0.06340057636887608,0.06420540132534831,56,36,538
Law School,SERM,100,1,lambda=0.1,0.39385206532180594,0.3934209684579296,10,7,64
Law School,SVM,100,1,,0.052833813640730067,0.05052389640190729,66,36,653
Law School,Ours,250,1,epoch 200,0.04899135446685879,0.04859422666650886,69,39,665
Law School,Attias,250,1,tau=0.9,0.07012487992315082,0.06802436355884045,56,26,695
Law School,SERM,250,1,lambda=0.1,0.3928914505283381,0.3913382200822671,9,3,104
Law School,SVM,250,1,,0.07300672430355427,0.07337083593395405,52,17,769
Law School,Ours,500,1,epoch 200,0.049951969260326606,0.05079713954241334,69,39,669
Law School,Attias,500,1,tau=0.9,0.05571565802113353,0.05149238818048992,60,32,695
Law School,SERM,500,1,lambda=0.1,0.2804995196926033,0.2799877122796647,13,9,134
Law School,SVM,500,1,,0.05763688760806916,0.05102577633281041,58,25,744
Law School,Ours,1000,1,epoch 200,0.05187319884726225,0.04505542618659521,68,34,637
Law School,Attias,1000,1,tau=0.9,0.056676272814601344,0.05767362626038274,56,38,635
Law School,SERM,1000,1,lambda=0.1,0.2584053794428434,0.257396711861277,15,10,152
Law School,SVM,1000,1,,0.05571565802113353,0.050699957244622194,62,28,741
Law School,Ours,2000,1,epoch 200,0.04707012487992315,0.044221463366465645,69,40,609
Law School,Attias,2000,1,tau=0.9,0.05091258405379443,0.04907726526400832,61,36,647
Law School,SERM,2000,1,lambda=0.1,0.287223823246878,0.28627938607515013,15,10,117
Law School,SVM,2000,1,,0.05475504322766571,0.0496375116289107,62,28,730
Law School,Ours,4000,1,epoch 200,0.043227665706051875,0.04298043737947728,69,43,605
Law School,Attias,4000,1,tau=0.9,0.06532180595581172,0.06623319443183093,56,36,650
Law School,SERM,4000,1,lambda=1,0.33525456292026895,0.3335644891466645,11,6,102
Law School,SVM,4000,1,,0.05187319884726225,0.050110227381741305,63,32,744
Law School,Ours,6000,1,epoch 197,0.04418828049951969,0.04231811030868639,68,42,587
Law School,Attias,6000,1,tau=0.9,0.06051873198847262,0.059907312575564024,55,34,657
Law School,SERM,6000,1,lambda=1,0.3621517771373679,0.3618622827562304,10,7,91
Law School,SVM,6000,1,,0.052833813640730067,0.049489483492784786,62,30,746
Law School,Ours,100,2,epoch 200,0.06051873198847262,0.06128762666212092,53,35,596
Law School,Attias,100,2,tau=0.9,0.06340057636887608,0.061942106728091764,62,28,612
Law School,SERM,100,2,lambda=0.1,0.33045148895292986,0.3303174927963323,13,9,117
Law School,SVM,100,2,,0.05571565802113353,0.053629438124916634,57,28,781
Law School,Ours,250,2,epoch 200,0.06724303554274735,0.06689134791925776,53,35,583
Law School,Attias,250,2,tau=0.9,0.06243996157540826,0.05941530950562906,57,34,648
Law School,SERM,250,2,lambda=0.1,0.3659942363112392,0.366686869400722,10,8,93
Law School,SVM,250,2,,0.04899135446685879,0.04753747328743122,61,32,740
Law School,Ours,500,2,epoch 200,0.05763688760806916,0.05329130093209443,58,33,610
Law School,Attias,500,2,tau=0.9,0.07396733909702209,0.07330234354837022,52,33,622
Law School,SERM,500,2,lambda=0.1,0.34870317002881845,0.3506610942087514,12,11,99
Law School,SVM,500,2,,0.05187319884726225,0.05160334322573703,59,34,728
Law School,Ours,1000,2,epoch 200,0.040345821325648415,0.0420123486737669,66,44,623
Law School,Attias,1000,2,tau=0.9,0.0643611911623439,0.061401412357035084,53,27,695
Law School,SERM,1000,2,lambda=0.1,0.2632084534101825,0.2647505359554188,14,12,144
Law School,SVM,1000,2,,0.05187319884726225,0.04931085764347847,60,29,759
Law School,Ours,2000,2,epoch 200,0.04226705091258405,0.04189852810910385,68,43,606
Law School,Attias,2000,2,tau=0.9,0.069164265129683,0.06561405519969617,53,26,697
Law School,SERM,2000,2,lambda=0.1,0.31796349663784823,0.3203627137796863,12,11,119
Law School,SVM,2000,2,,0.059558117195004805,0.053493769782590884,59,24,769
Law School,Ours,4000,2,epoch 200,0.04130643611911623,0.041242940169688415,68,45,585
Law School,Attias,4000,2,tau=0.9,0.053794428434197884,0.05467635691466046,59,36,678
Law School,SERM,4000,2,lambda=0.1,0.3410182516810759,0.34325700075523535,12,11,112
Law School,SVM,4000,2,,0.052833813640730067,0.05117269913308483,61,31,761
Law School,Ours,6000,2,epoch 199,0.04130643611911623,0.040968138615563435,68,45,580
Law School,Attias,6000,2,tau=0.9,0.05571565802113353,0.052748523155542716,58,34,659
Law School,SERM,6000,2,lambda=0.1,0.27761767531219983,0.2788074769885454,16,13,134
Law School,SVM,6000,2,,0.053794428434197884,0.050284963834121586,63,30,746
Law School,Ours,100,3,epoch 200,0.04514889529298751,0.04738486167033533,67,44,610
Law School,Attias,100,3,tau=0.9,0.056676272814601344,0.05529416061759195,64,34,584
Law School,SERM,100,3,lambda=0.1,0.22958693563880883,0.23029516339217138,16,12,190
Law School,SVM,100,3,,0.059558117195004805,0.059262957549010814,59,28,790
Law School,Ours,250,3,epoch 200,0.04610951008645533,0.045867927340230735,68,43,593
Law School,Attias,250,3,tau=0.9,0.04418828049951969,0.0428130688874869,68,42,632
Law School,SERM,250,3,lambda=0.1,0.2612872238232469,0.26274449452160414,18,15,125
Law School,SVM,250,3,,0.05763688760806916,0.05748007801825624,63,31,758
Law School,Ours,500,3,epoch 200,0.04226705091258405,0.04290303501401708,65,42,626
Law School,Attias,500,3,tau=0.9,0.04707012487992315,0.04588894386192526,69,40,657
Law School,SERM,500,3,lambda=0.1,0.2478386167146974,0.2505425521804785,20,18,118
Law School,SVM,500,3,,0.056676272814601344,0.05704393371120945,64,32,752
Law School,Ours,1000,3,epoch 200,0.04514889529298751,0.04334486464445321,69,41,605
Law School,Attias,1000,3,tau=0.9,0.04707012487992315,0.046264189990171525,68,40,674
Law School,SERM,1000,3,lambda=0.1,0.28530259365994237,0.2869303072930207,15,13,103
Law School,SVM,1000,3,,0.056676272814601344,0.053840505220132784,64,29,747
Law School,Ours,2000,3,epoch 200,0.04610951008645533,0.04507111095332759,69,43,574
Law School,Attias,2000,3,tau=0.9,0.04610951008645533,0.0445714329804148,67,38,673
Law School,SERM,2000,3,lambda=0.1,0.23919308357348704,0.2401852690590601,19,15,136
Law School,SVM,2000,3,,0.05571565802113353,0.05450673167508751,67,32,741
Law School,Ours,4000,3,epoch 200,0.04514889529298751,0.043354751738293874,69,42,591
Law School,Attias,4000,3,tau=0.9,0.05091258405379443,0.05195373582012494,58,34,702
Law School,SERM,4000,3,lambda=0.1,0.25552353506243997,0.2552425678564593,17,12,134
Law School,SVM,4000,3,,0.04803073967339097,0.05143492670761205,61,36,749
Law School,Ours,6000,3,epoch 195,0.04514889529298751,0.04318886329245697,69,42,588
Law School,Attias,6000,3,tau=0.9,0.052833813640730067,0.050951092992739096,57,31,691
Law School,SERM,6000,3,lambda=0.1,0.2564841498559078,0.25598428097158243,17,12,123
Law School,SVM,6000,3,,0.04610951008645533,0.050376770702333803,63,38,744
Law School,Ours,100,4,epoch 200,0.05187319884726225,0.049213744041138124,63,39,619
Law School,Attias,100,4,tau=0.9,0.06340057636887608,0.06086238318902603,59,31,623
Law School,SERM,100,4,lambda=0.1,0.21805955811719502,0.2146665156912819,18,10,207
Law School,SVM,100,4,,0.06532180595581172,0.06002726101535226,46,19,843
Law School,Ours,250,4,epoch 200,0.04610951008645533,0.041094492352807425,65,37,619
Law School,Attias,250,4,tau=0.9,0.08357348703170028,0.0785557679273473,55,23,598
Law School,SERM,250,4,lambda=0.1,0.3102785782901057,0.3095998221124022,13,9,152
Law School,SVM,250,4,,0.06051873198847262,0.05555362297426591,54,23,773
Law School,Ours,500,4,epoch 200,0.04803073967339097,0.043160945760760364,65,37,632
Law School,Attias,500,4,tau=0.9,0.07012487992315082,0.0618751597610395,54,22,682
Law School,SERM,500,4,lambda=0.1,0.28434197886647455,0.28181583065091276,13,7,139
Law School,SVM,500,4,,0.05091258405379443,0.049501527215548194,58,30,765
Law School,Ours,1000,4,epoch 200,0.04803073967339097,0.043468526578192355,67,38,597
Law School,Attias,1000,4,tau=0.9,0.05859750240153699,0.055247254842056545,58,33,656
Law School,SERM,1000,4,lambda=0.1,0.3285302593659942,0.327141530997413,12,7,116
Law School,SVM,1000,4,,0.053794428434197884,0.049435707328760146,61,29,751
Law School,Ours,2000,4,epoch 152,0.04899135446685879,0.042897090990817094,68,38,584
Law School,Attias,2000,4,tau=0.9,0.05187319884726225,0.04888122244481918,60,36,650
Law School,SERM,2000,4,lambda=0.1,0.2920268972142171,0.28989906569771934,14,8,114
Law School,SVM,2000,4,,0.05475504322766571,0.05003849509996746,63,29,745
Law School,Ours,4000,4,epoch 58,0.049951969260326606,0.044389349113417756,66,38,598
Law School,Attias,4000,4,tau=0.9,0.052833813640730067,0.05218026373683204,58,34,671
Law School,SERM,4000,4,lambda=0.1,0.2689721421709894,0.26666651177260514,14,8,145
Law School,SVM,4000,4,,0.04899135446685879,0.04903684426430731,63,34,743
Law School,Ours,6000,4,epoch 39,0.05091258405379443,0.044661316941279464,66,37,600
Law School,Attias,6000,4,tau=0.9,0.04899135446685879,0.04814639441461396,59,35,670
Law School,SERM,6000,4,lambda=0.1,0.30835734870317005,0.30709278007048774,13,8,113
Law School,SVM,6000,4,,0.05187319884726225,0.049861302955318106,62,31,746
ACSIncome,Ours,100,0,epoch 200,0.12469337694194603,0.12667752514039773,2828,2028,1127
ACSIncome,Attias,100,0,tau=0.9,0.41210139002452983,0.41210139002452983,0,0,0
ACSIncome,SERM,100,0,lambda=0.1,0.41210139002452983,0.41210139002452983,0,0,0
ACSIncome,SVM,100,0,,0.34883483237939494,0.35150199857772224,3941,1237,2757
ACSIncome,Ours,250,0,epoch 200,0.14615699100572363,0.14760097098380562,3578,2446,1071
ACSIncome,Attias,250,0,tau=0.9,0.41210139002452983,0.41210139002452983,0,0,0
ACSIncome,SERM,250,0,lambda=0.1,0.38491414554374487,0.38512580646827704,52,39,0
ACSIncome,SVM,250,0,,0.375,0.37528884340538543,3493,983,3729
ACSIncome,Ours,500,0,epoch 200,0.13113246116107932,0.13079658190789023,4071,2962,410
ACSIncome,Attias,500,0,tau=0.9,0.2100367947669665,0.2100234006859574,1111,673,193
ACSIncome,SERM,500,0,lambda=0.1,0.2877146361406378,0.2863632668173108,332,291,14
ACSIncome,SVM,500,0,,0.3461774325429272,0.3478828625295724,3851,1618,3856
ACSIncome,Ours,1000,0,epoch 200,0.10588716271463613,0.10633350611318203,3919,3034,226
ACSIncome,Attias,1000,0,tau=0.9,0.3028413736713001,0.30181652754540955,349,209,109
ACSIncome,SERM,1000,0,lambda=0.1,0.15310711365494686,0.15353542402334852,1211,1074,50
ACSIncome,SVM,1000,0,,0.3526165167620605,0.3535953778158896,3717,1541,4040
ACSIncome,Ours,2000,0,epoch 200,0.08513900245298446,0.08594153359843898,3624,2952,127
ACSIncome,Attias,2000,0,tau=0.9,0.21903107113654946,0.21666602450854044,1026,632,179
ACSIncome,SERM,2000,0,lambda=0.1,0.22025756336876534,0.2200129319307881,660,600,21
ACSIncome,SVM,2000,0,,0.3670278004905969,0.36905928379785774,3946,1538,3908
ACSIncome,Ours,4000,0,epoch 200,0.07849550286181521,0.07880663620563248,3504,2915,89
ACSIncome,Attias,4000,0,tau=0.9,0.2839329517579722,0.28140801587546854,490,278,150
ACSIncome,SERM,4000,0,lambda=0.1,0.12908830744071953,0.13038745573544044,1269,1151,36
ACSIncome,SVM,4000,0,,0.39329517579721995,0.39460514526779017,4034,1394,4040
ACSIncome,Ours,6000,0,epoch 199,0.07001226492232215,0.07328094731405134,3359,2862,76
ACSIncome,Attias,6000,0,tau=0.9,0.30580539656582173,0.3040254710624922,358,202,116
ACSIncome,SERM,6000,0,lambda=0.1,0.18591578086672117,0.1855267962366498,802,726,26
ACSIncome,SVM,6000,0,,0.40310711365494684,0.4029000551099935,4103,1358,4030
ACSIncome,Ours,100,1,epoch 200,0.19777187244480784,0.19939235702789154,4567,2834,808
ACSIncome,Attias,100,1,tau=0.9,0.41210139002452983,0.41210139002452983,0,0,0
ACSIncome,SERM,100,1,lambda=0.1,0.11529026982829109,0.11602416618802043,1634,1393,146
ACSIncome,SVM,100,1,,0.4800695012264922,0.48084668418764637,3752,822,5129
ACSIncome,Ours,250,1,epoch 200,0.1590351594439902,0.16070882021019883,4248,2891,621
ACSIncome,Attias,250,1,tau=0.9,0.41210139002452983,0.41210139002452983,0,0,0
ACSIncome,SERM,250,1,lambda=0.1,0.1455437448896157,0.14393862168555857,1148,1014,38
ACSIncome,SVM,250,1,,0.39033115290269826,0.392254287202728,3918,1392,4192
ACSIncome,Ours,500,1,epoch 200,0.13603843008994276,0.13602947241795255,4315,3127,284
ACSIncome,Attias,500,1,tau=0.9,0.3956459525756337,0.3955311763414682,25,17,6
ACSIncome,SERM,500,1,lambda=0.1,0.15433360588716272,0.15293193430056645,1103,975,39
ACSIncome,SVM,500,1,,0.4075020441537204,0.41025301494720035,4028,1322,4215
ACSIncome,Ours,1000,1,epoch 200,0.10915780866721178,0.10792583125542596,4000,3075,205
ACSIncome,Attias,1000,1,tau=0.9,0.31837694194603433,0.31899353740655784,338,239,67
ACSIncome,SERM,1000,1,lambda=0.1,0.17978331970564188,0.17847315888737475,892,793,34
ACSIncome,SVM,1000,1,,0.392886345053148,0.3951635320080276,3910,1361,4252
ACSIncome,Ours,2000,1,epoch 200,0.09382665576451349,0.09482542218942618,3899,3126,104
ACSIncome,Attias,2000,1,tau=0.9,0.28975878986099757,0.2910089517442714,425,279,95
ACSIncome,SERM,2000,1,lambda=0.1,0.22403924775143091,0.22415234793442199,604,554,20
ACSIncome,SVM,2000,1,,0.40412919051512675,0.40457813147776933,4084,1346,4077
ACSIncome,Ours,4000,1,epoch 200,0.08697874080130825,0.08593136052903473,3757,3065,87
ACSIncome,Attias,4000,1,tau=0.9,0.17681929681112019,0.17753819070685203,1526,933,210
ACSIncome,SERM,4000,1,lambda=0.1,0.23630417007358953,0.23545257676495732,552,496,22
ACSIncome,SVM,4000,1,,0.3978945216680294,0.39990958138102534,3981,1350,4190
ACSIncome,Ours,6000,1,epoch 200,0.08278822567457073,0.08271677524697289,3709,3069,65
ACSIncome,Attias,6000,1,tau=0.9,0.19501226492232215,0.1942728789225066,1262,773,179
ACSIncome,SERM,6000,1,lambda=0.1,0.10997547015535568,0.11039516737640463,1550,1373,59
ACSIncome,SVM,6000,1,,0.4089329517579722,0.40802736077585156,4086,1319,4133
ACSIncome,Ours,100,2,epoch 200,0.16843826655764513,0.1660443133386574,4044,2642,959
ACSIncome,Attias,100,2,tau=0.9,0.30979149632052333,0.30977190902863905,286,241,27
ACSIncome,SERM,100,2,lambda=0.1,0.321443172526574,0.32178803950467216,286,191,17
ACSIncome,SVM,100,2,,0.35752248569092393,0.35718812668085903,3762,1536,4042
ACSIncome,Ours,250,2,epoch 200,0.160772690106296,0.15694479540089312,3760,2471,1072
ACSIncome,Attias,250,2,tau=0.9,0.187551103843009,0.1868273171239607,866,675,142
ACSIncome,SERM,250,2,lambda=0.1,0.20952575633687653,0.20854007968429863,787,687,43
ACSIncome,SVM,250,2,,0.39278413736713,0.3930223960185907,3753,1339,4436
ACSIncome,Ours,500,2,epoch 200,0.13276778413736712,0.13006453470357493,4139,2999,381
ACSIncome,Attias,500,2,tau=0.9,0.12132052330335241,0.1213500563113981,2535,1716,496
ACSIncome,SERM,500,2,lambda=0.1,0.11743663123466885,0.11523837072659128,1411,1237,45
ACSIncome,SVM,500,2,,0.3946238757154538,0.395306433635971,4027,1384,4050
ACSIncome,Ours,1000,2,epoch 200,0.11396156991005724,0.11308075795695034,4125,3132,206
ACSIncome,Attias,1000,2,tau=0.9,0.10762469337694194,0.1075330507181817,2340,1725,447
ACSIncome,SERM,1000,2,lambda=0.1,0.07542927228127555,0.07413046725289374,2076,1821,55
ACSIncome,SVM,1000,2,,0.4304987735077678,0.43193436884582215,4125,1192,4260
ACSIncome,Ours,2000,2,epoch 200,0.10506950122649224,0.1036561976490373,4089,3195,95
ACSIncome,Attias,2000,2,tau=0.9,0.18979967293540476,0.18930838702153985,1331,811,155
ACSIncome,SERM,2000,2,lambda=0.1,0.1391046606704824,0.13846561387756312,1117,1010,28
ACSIncome,SVM,2000,2,,0.420073589533933,0.423038678856261,4161,1276,4135
ACSIncome,Ours,4000,2,epoch 200,0.09096484055600981,0.0876408090485893,3813,3083,69
ACSIncome,Attias,4000,2,tau=0.9,0.24233442354865087,0.24236388222366667,905,530,138
ACSIncome,SERM,4000,2,lambda=0.1,0.19061733442354864,0.19017641470021718,811,736,27
ACSIncome,SVM,4000,2,,0.41547424366312347,0.41575655359329544,4168,1294,4046
ACSIncome,Ours,6000,2,epoch 200,0.0857522485690924,0.0826762302766144,3709,3044,60
ACSIncome,Attias,6000,2,tau=0.9,0.267988552739166,0.2686452606351868,612,367,126
ACSIncome,SERM,6000,2,lambda=0.1,0.08391251022076861,0.08261029586202638,1852,1632,52
ACSIncome,SVM,6000,2,,0.4116925592804579,0.4107517274890676,4145,1311,4055
ACSIncome,Ours,100,3,epoch 200,0.17027800490596892,0.1684428203630035,4479,2988,500
ACSIncome,Attias,100,3,tau=0.9,0.10292313982011447,0.1022212040806172,1804,1540,93
ACSIncome,SERM,100,3,lambda=0.1,0.07307849550286181,0.07234506183033183,2098,1860,48
ACSIncome,SVM,100,3,,0.43254292722812754,0.43546761978715615,4344,1231,3911
ACSIncome,Ours,250,3,epoch 200,0.16312346688470972,0.16044789476382681,4357,2934,528
ACSIncome,Attias,250,3,tau=0.9,0.12254701553556828,0.12293047518634488,4031,2997,289
ACSIncome,SERM,250,3,lambda=0.1,0.08319705641864268,0.08246534219911374,1908,1674,58
ACSIncome,SVM,250,3,,0.4520645952575634,0.4571635348840288,4251,1099,4234
ACSIncome,Ours,500,3,epoch 200,0.12970155355682747,0.1290062959152971,4190,3075,298
ACSIncome,Attias,500,3,tau=0.9,0.3154129190515127,0.3154718363311312,269,201,28
ACSIncome,SERM,500,3,lambda=0.1,0.13184791496320522,0.13208536430619172,1169,1067,29
ACSIncome,SVM,500,3,,0.3865494685200327,0.3897169444720133,4033,1441,4028
ACSIncome,Ours,1000,3,epoch 200,0.10650040883074408,0.1076145754257248,3959,3064,218
ACSIncome,Attias,1000,3,tau=0.9,0.3586467702371218,0.3593159236295312,155,120,25
ACSIncome,SERM,1000,3,lambda=0.1,0.07798446443172527,0.07657239165176931,1957,1718,55
ACSIncome,SVM,1000,3,,0.40402698282910876,0.409249261674647,4112,1381,4094
ACSIncome,Ours,2000,3,epoch 200,0.09791496320523303,0.0963050024332491,3944,3124,107
ACSIncome,Attias,2000,3,tau=0.9,0.2892477514309076,0.2894862502193674,399,256,72
ACSIncome,SERM,2000,3,lambda=0.1,0.11917416189697465,0.11928164523217,1353,1208,45
ACSIncome,SVM,2000,3,,0.4036181520850368,0.40464857911231517,4010,1323,4205
ACSIncome,Ours,4000,3,epoch 199,0.08258381030253475,0.08476675898211701,3762,3110,74
ACSIncome,Attias,4000,3,tau=0.9,0.21136549468520033,0.21333067523074273,1015,662,132
ACSIncome,SERM,4000,3,lambda=0.1,0.10813573180703188,0.10815560001241678,1417,1271,43
ACSIncome,SVM,4000,3,,0.4043336058871627,0.4062082970297388,4077,1351,4121
ACSIncome,Ours,6000,3,epoch 200,0.08135731807031889,0.08128622799214671,3705,3073,61
ACSIncome,Attias,6000,3,tau=0.9,0.2874080130825838,0.28801878417273186,425,253,112
ACSIncome,SERM,6000,3,lambda=0.1,0.08769419460343418,0.08635241226564142,1760,1551,55
ACSIncome,SVM,6000,3,,0.39952984464431723,0.4007159743074229,4061,1364,4083
ACSIncome,Ours,100,4,epoch 200,0.19961161079313164,0.19828926035396946,4483,2757,905
ACSIncome,Attias,100,4,tau=0.9,0.17457072771872445,0.17384681493211357,1406,979,304
ACSIncome,SERM,100,4,lambda=0.1,0.20594848732624693,0.2049534324987371,738,637,45
ACSIncome,SVM,100,4,,0.41005723630417007,0.40759857324389354,3349,1112,5073
ACSIncome,Ours,250,4,epoch 200,0.18284955028618152,0.178771064786787,4426,2833,714
ACSIncome,Attias,250,4,tau=0.9,0.18734668847097302,0.18509340382891415,1431,888,433
ACSIncome,SERM,250,4,lambda=0.1,0.2079926410466067,0.2080461488024054,697,633,26
ACSIncome,SVM,250,4,,0.39247751430907607,0.3900710463545435,3953,1362,4138
ACSIncome,Ours,500,4,epoch 200,0.14523712183156173,0.14267748294467364,4265,3003,425
ACSIncome,Attias,500,4,tau=0.9,0.15341373671300082,0.15157836908290917,1638,1047,414
ACSIncome,SERM,500,4,lambda=0.1,0.16506541291905152,0.16314562451901762,1047,914,42
ACSIncome,SVM,500,4,,0.39687244480784956,0.39560645597173083,3972,1354,4128
ACSIncome,Ours,1000,4,epoch 200,0.116005723630417,0.11477373266041357,4089,3089,239
ACSIncome,Attias,1000,4,tau=0.9,0.1974652493867539,0.1953490363722555,1375,774,248
ACSIncome,SERM,1000,4,lambda=0.1,0.13358544562551103,0.13336620361663912,1203,1080,35
ACSIncome,SVM,1000,4,,0.4249795584627964,0.4236016895175893,4066,1210,4290
ACSIncome,Ours,2000,4,epoch 200,0.09955028618152086,0.0959316845535522,3898,3062,136
ACSIncome,Attias,2000,4,tau=0.9,0.20216680294358136,0.20059673096352099,1313,760,190
ACSIncome,SERM,2000,4,lambda=0.1,0.07563368765331153,0.07353268722696392,2110,1829,69
ACSIncome,SVM,2000,4,,0.4186426819296811,0.41446196451168316,4085,1251,4166
ACSIncome,Ours,4000,4,epoch 200,0.07481602616516762,0.07388290243856732,3288,2738,104
ACSIncome,Attias,4000,4,tau=0.9,0.20860588716271464,0.20710324473078282,1248,711,183
ACSIncome,SERM,4000,4,lambda=0.1,0.08145952575633687,0.0777488091059675,2837,2318,173
ACSIncome,SVM,4000,4,,0.4073998364677024,0.40709789213063197,4040,1315,4148
ACSIncome,Ours,6000,4,epoch 199,0.0722608340147179,0.07001409703261031,2966,2497,105
ACSIncome,Attias,6000,4,tau=0.9,0.205437448896157,0.20270146085869625,1266,714,206
ACSIncome,SERM,6000,4,lambda=0.1,0.12898609975470154,0.1268441771612505,1343,1168,53
ACSIncome,SVM,6000,4,,0.41005723630417007,0.41030638123479196,4097,1320,4141
Synthetic,Ours,100,0,epoch 798,0.078,0.06927687160803263,254,206,62
Synthetic,Attias,100,0,tau=0.9,0.122,0.10858826369636793,250,176,68
Synthetic,SERM,100,0,lambda=0.1,0.134,0.1272414747277652,126,107,16
Synthetic,SVM,100,0,,0.504,0.49379076028265295,461,71,397
Synthetic,Ours,250,0,epoch 800,0.081,0.07163947762656533,267,215,65
Synthetic,Attias,250,0,tau=0.9,0.122,0.10490945159182408,302,208,95
Synthetic,SERM,250,0,lambda=0.1,0.184,0.18197654621283352,59,52,9
Synthetic,SVM,250,0,,0.427,0.4150941038417318,421,105,389
Synthetic,Ours,500,0,epoch 800,0.081,0.07330808667230085,274,221,68
Synthetic,Attias,500,0,tau=0.9,0.128,0.11346943021618071,311,214,112
Synthetic,SERM,500,0,lambda=0.1,0.173,0.1728885824683826,61,57,11
Synthetic,SVM,500,0,,0.391,0.372985997397226,433,145,378
Synthetic,Ours,1000,0,epoch 789,0.079,0.06907059408431411,260,210,60
Synthetic,Attias,1000,0,tau=0.9,0.124,0.10637048169173653,319,219,107
Synthetic,SERM,1000,0,lambda=0.1,0.171,0.1721469094351895,69,66,10
Synthetic,SVM,1000,0,,0.403,0.3880468153727552,433,139,388
Synthetic,Ours,2000,0,epoch 799,0.076,0.06506039863563653,242,196,48
Synthetic,Attias,2000,0,tau=0.9,0.108,0.09217763074762703,308,226,82
Synthetic,SERM,2000,0,lambda=0.1,0.166,0.16587670628610524,77,72,10
Synthetic,SVM,2000,0,,0.407,0.39113061206241817,423,132,416
Synthetic,Ours,4000,0,epoch 795,0.075,0.06441213974343811,228,187,39
Synthetic,Attias,4000,0,tau=0.9,0.103,0.08474080823149964,294,215,82
Synthetic,SERM,4000,0,lambda=0.1,0.199,0.19868106637070196,46,43,9
Synthetic,SVM,4000,0,,0.389,0.36670122833266666,417,136,396
Synthetic,Ours,6000,0,epoch 799,0.073,0.06367062562250611,219,182,39
Synthetic,Attias,6000,0,tau=0.9,0.099,0.08379197947066189,286,212,77
Synthetic,SERM,6000,0,lambda=0.1,0.194,0.19352070580258035,55,50,6
Synthetic,SVM,6000,0,,0.383,0.3677786108256502,415,141,396
Synthetic,Ours,100,1,epoch 800,0.069,0.06900682850286144,260,222,50
Synthetic,Attias,100,1,tau=0.9,0.1,0.103419689221934,206,157,18
Synthetic,SERM,100,1,lambda=0.1,0.131,0.12769585277771012,121,95,16
Synthetic,SVM,100,1,,0.429,0.42576194154573294,448,119,388
Synthetic,Ours,250,1,epoch 800,0.08,0.08402899979515258,328,263,81
Synthetic,Attias,250,1,tau=0.9,0.127,0.13318321865892913,357,248,103
Synthetic,SERM,250,1,lambda=0.1,0.102,0.10321180269084164,134,124,19
Synthetic,SVM,250,1,,0.439,0.445031093974657,425,123,457
Synthetic,Ours,500,1,epoch 800,0.076,0.07921734349487244,302,248,77
Synthetic,Attias,500,1,tau=0.9,0.138,0.14370157875234016,366,246,89
Synthetic,SERM,500,1,lambda=0.1,0.151,0.15154807023255507,82,77,13
Synthetic,SVM,500,1,,0.43,0.4348516157846923,420,126,451
Synthetic,Ours,1000,1,epoch 800,0.069,0.07039106652676405,265,223,64
Synthetic,Attias,1000,1,tau=0.9,0.119,0.13188355278685027,382,279,98
Synthetic,SERM,1000,1,lambda=0.1,0.118,0.11863488409121224,116,107,22
Synthetic,SVM,1000,1,,0.424,0.4149732919751898,406,115,445
Synthetic,Ours,2000,1,epoch 800,0.063,0.06494026210413754,223,195,54
Synthetic,Attias,2000,1,tau=0.9,0.089,0.08354747232498377,274,208,76
Synthetic,SERM,2000,1,lambda=0.1,0.136,0.13671521969864717,102,95,16
Synthetic,SVM,2000,1,,0.38,0.39445602280363923,418,153,418
Synthetic,Ours,4000,1,epoch 800,0.066,0.06646409867502487,216,188,44
Synthetic,Attias,4000,1,tau=0.9,0.083,0.08638875367890236,284,228,77
Synthetic,SERM,4000,1,lambda=0.1,0.13,0.13340729319565933,105,101,15
Synthetic,SVM,4000,1,,0.377,0.37771375828523607,421,153,402
Synthetic,Ours,6000,1,epoch 800,0.066,0.06487604465645926,218,189,37
Synthetic,Attias,6000,1,tau=0.9,0.074,0.07681149197830171,265,220,71
Synthetic,SERM,6000,1,lambda=0.1,0.168,0.16822785757376874,72,67,10
Synthetic,SVM,6000,1,,0.372,0.37859376486263624,418,155,403
Synthetic,Ours,100,2,epoch 800,0.081,0.08639787168173879,308,248,97
Synthetic,Attias,100,2,tau=0.9,0.188,0.1907767372030095,401,229,85
Synthetic,SERM,100,2,lambda=0.1,0.088,0.08501121756628555,214,169,15
Synthetic,SVM,100,2,,0.545,0.552666901066742,429,48,462
Synthetic,Ours,250,2,epoch 784,0.069,0.07007001258438332,252,212,70
Synthetic,Attias,250,2,tau=0.9,0.204,0.2072148815541352,400,218,131
Synthetic,SERM,250,2,lambda=0.1,0.141,0.14051714531413798,120,103,8
Synthetic,SVM,250,2,,0.514,0.5156469335330717,456,72,424
Synthetic,Ours,500,2,epoch 800,0.073,0.07114695000536934,259,215,72
Synthetic,Attias,500,2,tau=0.9,0.118,0.12550036436338868,335,238,114
Synthetic,SERM,500,2,lambda=0.1,0.17,0.17214370073464827,66,64,10
Synthetic,SVM,500,2,,0.406,0.40683526048115015,429,139,413
Synthetic,Ours,1000,2,epoch 800,0.067,0.06605232289674078,219,188,53
Synthetic,Attias,1000,2,tau=0.9,0.093,0.09902366101827041,319,251,91
Synthetic,SERM,1000,2,lambda=0.1,0.175,0.17487343497164615,60,56,10
Synthetic,SVM,1000,2,,0.401,0.40792605576938046,414,136,426
Synthetic,Ours,2000,2,epoch 800,0.068,0.06646745851383765,221,189,46
Synthetic,Attias,2000,2,tau=0.9,0.078,0.07704827277930233,269,219,56
Synthetic,SERM,2000,2,lambda=0.1,0.161,0.16265397391223022,72,69,12
Synthetic,SVM,2000,2,,0.377,0.38100380832517494,418,155,410
Synthetic,Ours,4000,2,epoch 796,0.07,0.06578128272278835,225,191,38
Synthetic,Attias,4000,2,tau=0.9,0.081,0.07999097146736574,277,225,70
Synthetic,SERM,4000,2,lambda=0.1,0.184,0.1836010707587774,61,56,11
Synthetic,SVM,4000,2,,0.366,0.37647637746689533,422,164,402
Synthetic,Ours,6000,2,epoch 796,0.066,0.06354372913758768,223,192,38
Synthetic,Attias,6000,2,tau=0.9,0.084,0.08200852238697957,287,229,70
Synthetic,SERM,6000,2,lambda=0.1,0.187,0.18916981914415454,55,54,8
Synthetic,SVM,6000,2,,0.361,0.37061069737189406,418,165,397
Synthetic,Ours,100,3,epoch 653,0.087,0.09023300316512946,356,282,36
Synthetic,Attias,100,3,tau=0.9,0.126,0.1240551007155664,313,236,13
Synthetic,SERM,100,3,lambda=0.1,0.104,0.10910405329267396,242,208,13
Synthetic,SVM,100,3,,0.481,0.48801523537377817,457,106,400
Synthetic,Ours,250,3,epoch 232,0.086,0.0885125383491661,309,245,98
Synthetic,Attias,250,3,tau=0.9,0.126,0.11880988628905573,226,160,30
Synthetic,SERM,250,3,lambda=0.1,0.099,0.10253195175094194,169,157,12
Synthetic,SVM,250,3,,0.451,0.4487137297579883,472,126,381
Synthetic,Ours,500,3,epoch 800,0.069,0.07209418067373004,287,239,62
Synthetic,Attias,500,3,tau=0.9,0.099,0.10108022504517189,286,215,59
Synthetic,SERM,500,3,lambda=0.1,0.126,0.12805242811656573,111,105,15
Synthetic,SVM,500,3,,0.403,0.4030516199157902,421,137,421
Synthetic,Ours,1000,3,epoch 800,0.079,0.07341263047267316,277,225,56
Synthetic,Attias,1000,3,tau=0.9,0.08,0.08305902700871963,245,199,63
Synthetic,SERM,1000,3,lambda=0.1,0.187,0.1881993558951817,55,53,9
Synthetic,SVM,1000,3,,0.392,0.3850012483065994,425,144,400
Synthetic,Ours,2000,3,epoch 800,0.063,0.0694280403026359,236,207,49
Synthetic,Attias,2000,3,tau=0.9,0.07,0.07857575632894324,249,210,67
Synthetic,SERM,2000,3,lambda=0.1,0.141,0.14262041457951327,91,86,15
Synthetic,SVM,2000,3,,0.386,0.3751304439700127,421,143,397
Synthetic,Ours,4000,3,epoch 800,0.065,0.0672893913552613,219,192,40
Synthetic,Attias,4000,3,tau=0.9,0.075,0.08206865666521738,290,241,73
Synthetic,SERM,4000,3,lambda=0.1,0.149,0.15113750010656168,85,81,14
Synthetic,SVM,4000,3,,0.382,0.37751927562204,427,152,394
Synthetic,Ours,6000,3,epoch 800,0.061,0.06347801948985457,221,194,42
Synthetic,Attias,6000,3,tau=0.9,0.08,0.0822249776554708,285,230,76
Synthetic,SERM,6000,3,lambda=0.1,0.205,0.2051199989882452,45,41,7
Synthetic,SVM,6000,3,,0.374,0.3714162171607803,418,152,397
Synthetic,Ours,100,4,epoch 800,0.11,0.09495244328374623,328,238,95
Synthetic,Attias,100,4,tau=0.9,0.087,0.07910253718337895,243,190,59
Synthetic,SERM,100,4,lambda=0.1,0.115,0.11350953888373358,128,113,12
Synthetic,SVM,100,4,,0.457,0.44053250227934276,427,100,439
Synthetic,Ours,250,4,epoch 800,0.102,0.07990997823429213,290,213,87
Synthetic,Attias,250,4,tau=0.9,0.14,0.1266751900086134,346,233,136
Synthetic,SERM,250,4,lambda=0.1,0.167,0.1609974134166874,74,63,12
Synthetic,SVM,250,4,,0.418,0.40446391919637553,413,111,416
Synthetic,Ours,500,4,epoch 800,0.093,0.07426540378180853,290,217,73
Synthetic,Attias,500,4,tau=0.9,0.116,0.09906922586168071,299,212,89
Synthetic,SERM,500,4,lambda=0.1,0.149,0.14479079687416954,96,84,10
Synthetic,SVM,500,4,,0.402,0.38888989595298834,426,128,394
Synthetic,Ours,1000,4,epoch 800,0.08,0.0677706862537027,243,195,57
Synthetic,Attias,1000,4,tau=0.9,0.11,0.09439290122637446,275,197,93
Synthetic,SERM,1000,4,lambda=0.1,0.163,0.16199616820054644,71,65,12
Synthetic,SVM,1000,4,,0.419,0.3923892247035095,417,109,402
Synthetic,Ours,2000,4,epoch 711,0.078,0.06639792923208952,214,174,51
Synthetic,Attias,2000,4,tau=0.9,0.096,0.0869828604517567,271,204,84
Synthetic,SERM,2000,4,lambda=0.1,0.226,0.223494556834044,33,28,7
Synthetic,SVM,2000,4,,0.423,0.405401222162334,424,111,405
Synthetic,Ours,4000,4,epoch 568,0.071,0.06390721267412763,225,187,47
Synthetic,Attias,4000,4,tau=0.9,0.085,0.07337401177493677,259,201,74
Synthetic,SERM,4000,4,lambda=0.1,0.209,0.20423026575076245,46,36,10
Synthetic,SVM,4000,4,,0.387,0.3738880813685531,416,138,402
Synthetic,Ours,6000,4,epoch 796,0.072,0.06407176074707285,223,186,38
Synthetic,Attias,6000,4,tau=0.9,0.098,0.08410008759959736,286,214,85
Synthetic,SERM,6000,4,lambda=0.1,0.139,0.13361939479373047,94,82,14
Synthetic,SVM,6000,4,,0.391,0.37570373488548436,420,137,402
