dataset,method,n,err_mean,err_min,err_max,err_sd,expected_err_mean,manip_y0_mean,improved_mean,runs
ACSIncome,Attias,100,0.2822976287816844,0.10292313982011447,0.41210139002452983,0.13985192000887545,0.28200854161808586,699.2,552.0,5
ACSIncome,Attias,250,0.264329517579722,0.12254701553556828,0.41210139002452983,0.13747418962400024,0.2638107952376559,1265.6,912.0,5
ACSIncome,Attias,500,0.23916598528209324,0.12132052330335241,0.3956459525756337,0.114443311138234,0.2387909677505728,1115.6,730.8,5
ACSIncome,Attias,1000,0.25699100572363043,0.10762469337694194,0.3586467702371218,0.10254022966278388,0.2566016151343872,911.4,613.4,5
ACSIncome,Attias,2000,0.23800081766148815,0.18979967293540476,0.28975878986099757,0.04814668772070638,0.237413268891448,898.8,547.6,5
ACSIncome,Attias,4000,0.22461161079313166,0.17681929681112019,0.2839329517579722,0.04046253712530678,0.22434880175350255,1036.8,622.8,5
ACSIncome,Attias,6000,0.2523303352412102,0.19501226492232215,0.30580539656582173,0.04954671890367342,0.25153277113032274,784.6,461.8,5
ACSIncome,Ours,100,0.1721586263286999,0.12469337694194603,0.19961161079313164,0.03033163548886338,0.17176925524478392,4080.2,2649.8,5
ACSIncome,Ours,250,0.16238757154538022,0.14615699100572363,0.18284955028618152,0.013195760394474955,0.16089470922910226,4073.8,2715.0,5
ACSIncome,Ours,500,0.1349754701553557,0.12970155355682747,0.14523712183156173,0.006202583552816163,0.1337148735778777,4196.0,3033.2,5
ACSIncome,Ours,1000,0.11030253475061325,0.10588716271463613,0.116005723630417,0.004504913185329263,0.10994568068233934,4018.4,3078.8,5
ACSIncome,Ours,2000,0.09630008176614882,0.08513900245298446,0.10506950122649224,0.0074290294806213355,0.09533196808474075,3890.8,3091.8,5
ACSIncome,Ours,4000,0.08276778413736713,0.07481602616516762,0.09096484055600981,0.006450592578859987,0.08220569344078817,3624.8,2982.2,5
ACSIncome,Ours,6000,0.0784341782502044,0.07001226492232215,0.0857522485690924,0.006893754995028735,0.07799485557247914,3489.6,2909.0,5
ACSIncome,SERM,100,0.22557236304170072,0.07307849550286181,0.41210139002452983,0.14123199552246082,0.2254424180092583,951.2,816.2,5
ACSIncome,SERM,250,0.2062346688470973,0.08319705641864268,0.38491414554374487,0.1126520299846111,0.20562319976793067,918.4,809.4,5
ACSIncome,SERM,500,0.1712796402289452,0.11743663123466885,0.2877146361406378,0.067706763969559,0.16995291213393557,1012.4,896.8,5
ACSIncome,SERM,1000,0.12397792313982012,0.07542927228127555,0.17978331970564188,0.046172032277035216,0.12321552908640507,1467.8,1297.2,5
ACSIncome,SERM,2000,0.155641864268193,0.07563368765331153,0.22403924775143091,0.06491931796837282,0.15508904524038142,1168.8,1040.2,5
ACSIncome,SERM,4000,0.1491210139002453,0.08145952575633687,0.23630417007358953,0.06321002094510118,0.14838417126379982,1377.2,1194.4,5
ACSIncome,SERM,6000,0.11929681112019623,0.08391251022076861,0.18591578086672117,0.04144161846067529,0.11834576978039454,1461.4,1290.0,5
ACSIncome,SVM,100,0.40580539656582176,0.34883483237939494,0.4800695012264922,0.054371443778886495,0.40652060049545546,3829.6,1187.6,5
ACSIncome,SVM,250,0.40053147996729355,0.375,0.4520645952575634,0.029734041069342236,0.40156002157305526,3873.6,1235.0,5
ACSIncome,SVM,500,0.3863450531479967,0.3461774325429272,0.4075020441537204,0.023666762967275316,0.3877531423112976,3982.2,1423.8,5
ACSIncome,SVM,1000,0.4010016353229763,0.3526165167620605,0.4304987735077678,0.031069085603868812,0.40270884597239515,3986.0,1337.0,5
ACSIncome,SVM,2000,0.4026982829108749,0.3670278004905969,0.420073589533933,0.021397442091760855,0.40315732755117734,4057.2,1346.8,5
ACSIncome,SVM,4000,0.40367947669664755,0.39329517579721995,0.41547424366312347,0.008583194327731742,0.4047154938804963,4060.0,1340.8,5
ACSIncome,SVM,6000,0.40666394112837284,0.39952984464431723,0.4116925592804579,0.005135567549607723,0.4065402997834255,4098.4,1334.4,5
Adult,Attias,100,0.20728314238952533,0.17062193126022912,0.23895253682487724,0.02970410469999915,0.20412371243532731,219.6,105.8,5
Adult,Attias,250,0.19263502454991815,0.16202945990180032,0.2107201309328969,0.020918313497005094,0.18985289583477596,212.4,80.0,5
Adult,Attias,500,0.19410801963993454,0.1698036006546645,0.205810147299509,0.014597513371708577,0.191468117987834,221.4,81.0,5
Adult,Attias,1000,0.1962356792144026,0.1890343698854337,0.20458265139116202,0.00564440532064105,0.19335540323637318,195.8,70.6,5
Adult,Attias,2000,0.1901800327332242,0.1783960720130933,0.2078559738134206,0.011993499810514733,0.1878731582781945,143.2,57.4,5
Adult,Attias,4000,0.20081833060556464,0.17716857610474632,0.2193126022913257,0.015465690713086795,0.19931555976390963,153.0,55.4,5
Adult,Attias,6000,0.19361702127659575,0.17962356792144027,0.20867430441898527,0.012625915748566736,0.19141506642239303,106.6,40.8,5
Adult,Ours,100,0.21366612111292965,0.161620294599018,0.2434533551554828,0.03261204040868251,0.21205679853471687,82.8,45.4,5
Adult,Ours,250,0.21571194762684126,0.1788052373158756,0.2381342062193126,0.02895751623216782,0.215722338738022,40.4,26.6,5
Adult,Ours,500,0.22103109656301148,0.17716857610474632,0.23731587561374795,0.02504847024051697,0.221152069147168,29.0,19.0,5
Adult,Ours,1000,0.224468085106383,0.1955810147299509,0.23649754500818332,0.016812163645263067,0.22430109219150696,16.2,10.8,5
Adult,Ours,2000,0.21963993453355157,0.17307692307692307,0.23527004909983634,0.02627656898517998,0.2190972301427419,28.6,18.0,5
Adult,Ours,4000,0.20597381342062193,0.16734860883797054,0.2332242225859247,0.03348487446064071,0.2055092165680102,51.6,33.8,5
Adult,Ours,6000,0.19157119476268414,0.16448445171849427,0.23404255319148937,0.035181554578230766,0.1918789461324871,74.6,50.6,5
Adult,SERM,100,0.20016366612111294,0.15834697217675942,0.23567921440261866,0.02964881916074387,0.19961242719515473,521.8,261.4,5
Adult,SERM,250,0.1648117839607201,0.15589198036006546,0.17266775777414076,0.006830732572847877,0.161622069860834,424.2,231.6,5
Adult,SERM,500,0.1630932896890344,0.14811783960720132,0.1751227495908347,0.011455167080044945,0.1597496485095537,456.4,249.0,5
Adult,SERM,1000,0.16235679214402618,0.15384615384615385,0.16734860883797054,0.005438975132473761,0.15859464167372805,355.4,193.6,5
Adult,SERM,2000,0.16301145662847788,0.15016366612111293,0.190671031096563,0.01588014766445615,0.16106256617101306,268.8,155.4,5
Adult,SERM,4000,0.15564648117839608,0.1444353518821604,0.16366612111292964,0.007441860912857392,0.15447741068370885,250.4,152.2,5
Adult,SERM,6000,0.16104746317512275,0.15384615384615385,0.17144026186579378,0.00647335200060509,0.15943316834215981,314.2,177.4,5
Adult,SVM,100,0.6826513911620294,0.6317512274959084,0.7340425531914894,0.046031187488544435,0.6803636843028907,1248.8,98.2,5
Adult,SVM,250,0.6738134206219313,0.632569558101473,0.7164484451718495,0.032997348872488,0.6711732157858575,1229.4,111.4,5
Adult,SVM,500,0.6746317512274959,0.6395253682487725,0.717266775777414,0.028134986931105818,0.6710989287349116,1207.8,105.6,5
Adult,SVM,1000,0.6496726677577741,0.6280687397708674,0.6747135842880524,0.01825583520202226,0.6454675022524039,1174.0,121.6,5
Adult,SVM,2000,0.6288870703764321,0.5986088379705401,0.6783960720130933,0.03582475309304014,0.624489429554911,1125.0,123.6,5
Adult,SVM,4000,0.6366612111292962,0.6055646481178396,0.6513911620294599,0.017842140843220257,0.6345577137883123,1164.2,131.6,5
Adult,SVM,6000,0.6373977086743043,0.63379705400982,0.6419803600654664,0.003488719107576456,0.632358535980193,1160.0,125.8,5
HELOC,Attias,100,0.2637860082304527,0.23868312757201646,0.29012345679012347,0.02125425762735264,0.2625664819215925,72.4,24.2,5
HELOC,Attias,250,0.27037037037037037,0.25308641975308643,0.29012345679012347,0.013382397153505424,0.2650077622383669,75.6,26.0,5
HELOC,Attias,500,0.2567901234567901,0.22016460905349794,0.2757201646090535,0.02130399852764574,0.2550659441170252,68.2,25.2,5
HELOC,Attias,1000,0.24320987654320989,0.2366255144032922,0.25102880658436216,0.006408399795225293,0.23616705353598802,85.4,34.2,5
HELOC,Attias,2000,0.25473251028806587,0.23868312757201646,0.28189300411522633,0.016550681112913745,0.24666886776291858,80.0,31.4,5
HELOC,Attias,4000,0.2617283950617284,0.2448559670781893,0.26954732510288065,0.010122118416665715,0.2543022095917688,86.6,33.4,5
HELOC,Attias,6000,0.2670781893004115,0.25925925925925924,0.27983539094650206,0.008152927060147717,0.25612003836701414,95.4,35.4,5
HELOC,Ours,100,0.2679012345679012,0.24897119341563786,0.294238683127572,0.016930043152859446,0.26114349503703377,59.8,20.2,5
HELOC,Ours,250,0.2654320987654321,0.25102880658436216,0.2757201646090535,0.00942916809661695,0.26366520751456113,53.4,19.0,5
HELOC,Ours,500,0.24238683127572017,0.2222222222222222,0.257201646090535,0.015425238530034005,0.24009134818870947,64.2,24.6,5
HELOC,Ours,1000,0.2288065843621399,0.22016460905349794,0.23251028806584362,0.00512341547242335,0.21804053609510618,79.8,31.2,5
HELOC,Ours,2000,0.22427983539094648,0.21604938271604937,0.22633744855967078,0.004600962916666237,0.21666135575562445,87.0,39.8,5
HELOC,Ours,4000,0.22345679012345682,0.21810699588477367,0.22633744855967078,0.003443045376683439,0.21813233159781847,88.0,43.0,5
HELOC,Ours,6000,0.22510288065843623,0.22016460905349794,0.23251028806584362,0.0047369812482392195,0.2165721433640365,91.8,43.2,5
HELOC,SERM,100,0.320164609053498,0.2777777777777778,0.36213991769547327,0.04088389862393347,0.3160161747015938,39.2,14.2,5
HELOC,SERM,250,0.3139917695473251,0.25925925925925924,0.38271604938271603,0.05767926837232013,0.3114666290925256,44.0,17.8,5
HELOC,SERM,500,0.28559670781893004,0.25925925925925924,0.30864197530864196,0.02002344135918168,0.2805810923697267,50.4,18.6,5
HELOC,SERM,1000,0.27530864197530863,0.26337448559670784,0.29218106995884774,0.011307515772867562,0.26721739228208385,48.6,15.2,5
HELOC,SERM,2000,0.2868312757201646,0.26954732510288065,0.29835390946502055,0.012482099496381146,0.2862631364550664,46.0,20.2,5
HELOC,SERM,4000,0.28395061728395066,0.2674897119341564,0.3065843621399177,0.016070472584170055,0.28113350158131223,48.4,18.8,5
HELOC,SERM,6000,0.3263374485596708,0.29012345679012347,0.35802469135802467,0.025225699681114253,0.3206862808983101,42.6,16.4,5
HELOC,SVM,100,0.4111111111111111,0.36213991769547327,0.45267489711934156,0.03511231112378854,0.4049789912117457,138.4,26.6,5
HELOC,SVM,250,0.39218106995884777,0.35185185185185186,0.4218106995884774,0.02815999798703383,0.3863352225005675,136.8,31.2,5
HELOC,SVM,500,0.38847736625514406,0.35802469135802467,0.41358024691358025,0.02723521334613053,0.3822382777162169,134.6,31.6,5
HELOC,SVM,1000,0.40205761316872424,0.35802469135802467,0.44238683127572015,0.032061812643263306,0.3943398251866594,146.0,31.4,5
HELOC,SVM,2000,0.3958847736625515,0.3724279835390947,0.411522633744856,0.014300041443534193,0.3874474917002244,142.8,32.0,5
HELOC,SVM,4000,0.3958847736625514,0.38271604938271603,0.41358024691358025,0.011511605539670271,0.38512762810692075,141.8,31.2,5
HELOC,SVM,6000,0.3946502057613169,0.38477366255144035,0.40329218106995884,0.007038119908019366,0.3859605809304833,141.0,32.2,5
Law School,Attias,100,0.06340057636887608,0.056676272814601344,0.07012487992315082,0.004754800641984467,0.061982687162539685,59.8,31.4,5
Law School,Attias,250,0.06340057636887608,0.04418828049951969,0.08357348703170028,0.014725945933483081,0.06111736023364819,59.4,33.0,5
Law School,Attias,500,0.05898174831892411,0.04707012487992315,0.07396733909702209,0.012462102772587696,0.05592174620406913,59.2,32.4,5
Law School,Attias,1000,0.055331412103746404,0.04707012487992315,0.0643611911623439,0.0069137576236105985,0.053862923717247026,59.6,35.0,5
Law School,Attias,2000,0.05302593659942363,0.04610951008645533,0.069164265129683,0.009348119597081936,0.05129647345218678,61.0,35.4,5
Law School,Attias,4000,0.05533141210374639,0.05091258405379443,0.06532180595581172,0.0057073778203700085,0.05544969726680423,58.0,34.8,5
Law School,Attias,6000,0.05475504322766571,0.04899135446685879,0.06051873198847262,0.004241960070282348,0.053363768049265715,57.2,33.6,5
Law School,Ours,100,0.05091258405379443,0.04514889529298751,0.06051873198847262,0.005960458043223274,0.050699479887877416,64.0,39.4,5
Law School,Ours,250,0.052065321805955814,0.04610951008645533,0.06724303554274735,0.008814654944825716,0.05067253825134259,63.6,39.0,5
Law School,Ours,500,0.04860710854947166,0.04226705091258405,0.05763688760806916,0.005827377862863823,0.04697749142846493,65.0,38.4,5
Law School,Ours,1000,0.045725264169068205,0.040345821325648415,0.05187319884726225,0.004433422001619338,0.04380143508940142,68.0,40.4,5
Law School,Ours,2000,0.04514889529298751,0.04130643611911623,0.04899135446685879,0.003257603257985243,0.04337088610163565,68.4,41.6,5
Law School,Ours,4000,0.04418828049951969,0.04130643611911623,0.049951969260326606,0.0035942914378231925,0.04291412245096277,68.0,42.6,5
Law School,Ours,6000,0.04457252641690682,0.04130643611911623,0.05091258405379443,0.0039373489974868815,0.04274512273842888,67.8,42.2,5
Law School,SERM,100,0.28491834774255526,0.21805955811719502,0.39385206532180594,0.0750221088757924,0.28385782141062066,15.0,9.8,5
Law School,SERM,250,0.31930835734870316,0.2612872238232469,0.3928914505283381,0.0588943834438918,0.3189966503361458,13.4,9.2,5
Law School,SERM,500,0.2764649375600384,0.22094140249759847,0.34870317002881845,0.047955753184345945,0.27671316576245203,14.8,11.2,5
Law School,SERM,1000,0.27742555235350624,0.2516810758885687,0.3285302593659942,0.031226630489635882,0.27715708798238364,14.8,10.6,5
Law School,SERM,2000,0.2795389048991354,0.23919308357348704,0.31796349663784823,0.030217405302643288,0.2797075991473568,15.2,11.2,5
Law School,SERM,4000,0.2904899135446686,0.2516810758885687,0.3410182516810759,0.044013562619428626,0.29004139057734984,14.0,9.6,5
Law School,SERM,6000,0.2989433237271854,0.2564841498559078,0.3621517771373679,0.04006120735901131,0.29865311609112843,13.8,9.8,5
Law School,SVM,100,0.058789625360230545,0.052833813640730067,0.06532180595581172,0.004774168545548196,0.05620330280268508,57.2,27.2,5
Law School,SVM,250,0.057444764649375604,0.04707012487992315,0.07300672430355427,0.010377307800811832,0.05703912485175511,58.6,28.2,5
Law School,SVM,500,0.05552353506243997,0.05091258405379443,0.06051873198847262,0.004041437842067746,0.053604040819399644,60.4,29.8,5
Law School,SVM,1000,0.053794428434197884,0.05091258405379443,0.056676272814601344,0.0024490967884691545,0.05142412539864325,61.8,30.0,5
Law School,SVM,2000,0.05552353506243997,0.052833813640730067,0.059558117195004805,0.0024864897416992855,0.051857103227153346,62.6,28.8,5
Law School,SVM,4000,0.0505283381364073,0.04803073967339097,0.052833813640730067,0.0019919732327884467,0.050369237117258624,61.8,33.0,5
Law School,SVM,6000,0.051104707012487996,0.04610951008645533,0.053794428434197884,0.0029918177718342817,0.0499991924054347,62.2,32.2,5
Synthetic,Attias,100,0.1246,0.087,0.188,0.03888187238289844,0.12118846560405135,282.6,197.6,5
Synthetic,Attias,250,0.14379999999999998,0.122,0.204,0.034324918062538755,0.1381585256205115,326.2,213.4,5
Synthetic,Attias,500,0.11979999999999999,0.099,0.138,0.014567086187704114,0.11656416484775242,319.4,225.0,5
Synthetic,Attias,1000,0.1052,0.08,0.124,0.01837661557523583,0.10294592474639026,308.0,229.0,5
Synthetic,Attias,2000,0.0882,0.07,0.108,0.01490637447537127,0.0836663985265226,274.2,213.4,5
Synthetic,Attias,4000,0.0854,0.075,0.103,0.01052615789355261,0.08131264036358438,280.8,222.0,5
Synthetic,Attias,6000,0.087,0.074,0.099,0.011090536506409418,0.08178741181820226,281.8,221.0,5
Synthetic,Ours,100,0.08499999999999999,0.069,0.11,0.015411035007422432,0.08197340364830172,301.2,239.2,5
Synthetic,Ours,250,0.0836,0.069,0.102,0.012012493496356197,0.07883220131791188,289.2,229.6,5
Synthetic,Ours,500,0.0784,0.069,0.093,0.009262828941527529,0.07400639292561624,282.4,228.0,5
Synthetic,Ours,1000,0.0748,0.067,0.08,0.006260990336999409,0.06933946004683895,252.8,208.2,5
Synthetic,Ours,2000,0.0696,0.063,0.078,0.007092249290598858,0.06645881775766743,227.2,192.2,5
Synthetic,Ours,4000,0.06939999999999999,0.065,0.075,0.004037325847637271,0.06557082503412806,222.6,189.0,5
Synthetic,Ours,6000,0.0676,0.061,0.073,0.0049295030175464955,0.0639280359306961,220.8,188.6,5
Synthetic,SERM,100,0.11440000000000002,0.088,0.134,0.019138965489283902,0.11251242744963368,166.2,138.4,5
Synthetic,SERM,250,0.1386,0.099,0.184,0.03801710141502111,0.1378469718770885,111.2,99.8,5
Synthetic,SERM,500,0.1538,0.126,0.173,0.018939376969689364,0.15388471568526424,83.2,77.4,5
Synthetic,SERM,1000,0.1628,0.118,0.187,0.026499056586980603,0.16317015051875522,74.2,69.4,5
Synthetic,SERM,2000,0.166,0.136,0.226,0.03588175023601831,0.166272174262108,75.0,70.0,5
Synthetic,SERM,4000,0.1742,0.13,0.209,0.03358124476549373,0.17421143923649257,68.6,63.4,5
Synthetic,SERM,6000,0.1786,0.139,0.205,0.02590945773265044,0.17793155526049587,64.2,58.8,5
Synthetic,SVM,100,0.48319999999999996,0.429,0.545,0.044386935014709014,0.48015346810964976,444.4,88.8,5
Synthetic,SVM,250,0.44980000000000003,0.418,0.514,0.03798289088523937,0.4457899560607649,437.4,107.4,5
Synthetic,SVM,500,0.4064,0.391,0.43,0.014363147287415794,0.40132287790636945,425.8,135.0,5
Synthetic,SVM,1000,0.40780000000000005,0.392,0.424,0.01329285522376587,0.39766732722548687,419.0,128.6,5
Synthetic,SVM,2000,0.39459999999999995,0.377,0.423,0.019730686759461765,0.3894244218647158,420.8,138.8,5
Synthetic,SVM,4000,0.3802,0.366,0.389,0.009203260291874845,0.3744597442150782,420.6,148.6,5
Synthetic,SVM,6000,0.3762,0.361,0.391,0.011388590782006365,0.37282060502128905,417.8,150.0,5
