method,detail,agents,predicted_positive_before,manipulating,manipulating_y0,manipulating_y1,improved,improvement_rate,expected_improved,expected_improvement_rate,improvement_error,expected_improvement_error,error_no_response,moves_along,seed
Ours (STRAT-IMP-AWARE),"restart 1 of 2, epoch 677, val 0.4519, j*=hours-per-week",2444,21,384,147,237,104,0.7074829931972789,97.85824023343184,0.6657023145131418,0.15752864157119476,0.16004163656569892,0.23690671031096563,"{""hours-per-week"": 367, ""educational-num"": 17}",42
"PLI paper default (NN, FP 2, threshold 0.9)",threshold=0.9,2444,0,0,0,0,0,,0.0,,0.23895253682487724,0.23895253682487724,0.23895253682487724,{},42
"PLI (NN, FP 2, threshold chosen on validation)",threshold=0.7 (val error 0.1758),2444,42,410,183,227,73,0.3989071038251366,78.70796495659707,0.4300981691617326,0.1788052373158756,0.17646973610613867,0.22667757774140754,"{""hours-per-week"": 59, ""educational-num"": 351}",42
"GSC strategic SVM, as in paper (L2 cost)",lambda=0.1,2444,0,0,0,0,0,,0.0,,0.23895253682487724,0.23895253682487724,0.23895253682487724,{},42
"GSC strategic SVM, our cost model",lambda=0.1,2444,0,0,0,0,0,,0.0,,0.23895253682487724,0.23895253682487724,0.23895253682487724,{},42
"GSC strategic SVM, as in paper (L2 cost), class-balanced",lambda=0.1,2444,25,464,197,267,128,0.649746192893401,122.41451251685471,0.621393464552562,0.15507364975450083,0.15735903743172885,0.23608837970540097,"{""hours-per-week"": 444, ""educational-num"": 20}",42
"GSC strategic SVM, our cost model, class-balanced",lambda=0.1,2444,74,679,364,315,184,0.5054945054945055,184.23680785492184,0.5061450765245106,0.17225859247135844,0.1721616989136981,0.22749590834697217,"{""hours-per-week"": 237, ""educational-num"": 442}",42
Standard linear SVM,,2444,0,0,0,0,0,,0.0,,0.23895253682487724,0.23895253682487724,0.23895253682487724,{},42
"Standard linear SVM, class-balanced",,2444,928,1332,1168,164,153,0.1309931506849315,139.4932307185705,0.11942913588918706,0.6239770867430442,0.6295035880856913,0.27577741407528644,"{""hours-per-week"": 1331, ""educational-num"": 1}",42
Ours (STRAT-IMP-AWARE),"restart 1 of 2, epoch 689, val 0.4520, j*=hours-per-week",2444,21,392,151,241,94,0.6225165562913907,100.79336586645374,0.6675057342149254,0.161620294599018,0.15884068499735937,0.23690671031096563,"{""hours-per-week"": 375, ""educational-num"": 17}",0
"PLI paper default (NN, FP 2, threshold 0.9)",threshold=0.9,2444,0,0,0,0,0,,0.0,,0.23895253682487724,0.23895253682487724,0.23895253682487724,{},0
"PLI (NN, FP 2, threshold chosen on validation)",threshold=0.7 (val error 0.1782),2444,45,412,184,228,70,0.3804347826086957,76.58248204759113,0.41620914156299527,0.1788052373158756,0.17611191405581378,0.22545008183306056,"{""hours-per-week"": 63, ""educational-num"": 349}",0
"GSC strategic SVM, as in paper (L2 cost)",lambda=0.1,2444,0,0,0,0,0,,0.0,,0.23895253682487724,0.23895253682487724,0.23895253682487724,{},0
"GSC strategic SVM, our cost model",lambda=0.1,2444,0,0,0,0,0,,0.0,,0.23895253682487724,0.23895253682487724,0.23895253682487724,{},0
"GSC strategic SVM, as in paper (L2 cost), class-balanced",lambda=1,2444,17,499,215,284,131,0.6093023255813953,143.03921799063636,0.6652986883285412,0.15671031096563012,0.151784280691229,0.23854337152209493,"{""hours-per-week"": 485, ""educational-num"": 14}",0
"GSC strategic SVM, our cost model, class-balanced",lambda=1,2444,56,634,326,308,166,0.50920245398773,182.7167958630023,0.560480968904915,0.1702127659574468,0.1633728331166112,0.23076923076923078,"{""hours-per-week"": 607, ""educational-num"": 27}",0
Standard linear SVM,,2444,0,0,0,0,0,,0.0,,0.23895253682487724,0.23895253682487724,0.23895253682487724,{},0
"Standard linear SVM, class-balanced",,2444,928,1332,1168,164,130,0.1113013698630137,139.4932307185552,0.11942913588917398,0.6333878887070377,0.6295035880856976,0.27577741407528644,"{""hours-per-week"": 1331, ""educational-num"": 1}",0
Ours (STRAT-IMP-AWARE),"restart 1 of 2, epoch 736, val 0.4520, j*=hours-per-week",2444,21,392,151,241,104,0.6887417218543046,100.8051507862686,0.6675837800415139,0.15752864157119476,0.15883586301707503,0.23690671031096563,"{""hours-per-week"": 375, ""educational-num"": 17}",1
"PLI paper default (NN, FP 2, threshold 0.9)",threshold=0.9,2444,0,0,0,0,0,,0.0,,0.23895253682487724,0.23895253682487724,0.23895253682487724,{},1
"PLI (NN, FP 2, threshold chosen on validation)",threshold=0.7 (val error 0.1734),2444,48,421,189,232,74,0.3915343915343915,80.61888865666452,0.42655496643737845,0.17798690671031098,0.17527868712902434,0.22585924713584288,"{""hours-per-week"": 66, ""educational-num"": 355}",1
"GSC strategic SVM, as in paper (L2 cost)",lambda=0.1,2444,0,0,0,0,0,,0.0,,0.23895253682487724,0.23895253682487724,0.23895253682487724,{},1
"GSC strategic SVM, our cost model",lambda=0.1,2444,0,0,0,0,0,,0.0,,0.23895253682487724,0.23895253682487724,0.23895253682487724,{},1
"GSC strategic SVM, as in paper (L2 cost), class-balanced",lambda=1,2444,39,561,265,296,164,0.6188679245283019,158.67304954625416,0.5987662247028459,0.15384615384615385,0.15602575714146721,0.23363338788870705,"{""hours-per-week"": 526, ""educational-num"": 35}",1
"GSC strategic SVM, our cost model, class-balanced",lambda=0.1,2444,144,867,530,337,241,0.4547169811320755,228.6005405124186,0.4313217745517332,0.20130932896890344,0.20638275756447683,0.220949263502455,"{""hours-per-week"": 195, ""educational-num"": 672}",1
Standard linear SVM,,2444,0,0,0,0,0,,0.0,,0.23895253682487724,0.23895253682487724,0.23895253682487724,{},1
"Standard linear SVM, class-balanced",,2444,928,1332,1168,164,125,0.10702054794520548,139.49323071855804,0.1194291358891764,0.6354337152209493,0.6295035880856964,0.27577741407528644,"{""hours-per-week"": 1331, ""educational-num"": 1}",1
