,Pred. positive before,Manipulating,Manip. y=0,Improved (sampled),E[improved],Impr. rate (sampled),E[impr. rate],Impr. error (sampled),E[impr. error]
Ours (STRAT-IMP-AWARE),21.0 ± 0.0,389.3 ± 4.6,149.7 ± 2.3,100.7 ± 5.8,99.8 ± 1.7,0.673 ± 0.045,0.667 ± 0.001,0.1589 ± 0.0024,0.1592 ± 0.0007
"PLI paper default (NN, FP 2, threshold 0.9)",0.0 ± 0.0,0.0 ± 0.0,0.0 ± 0.0,0.0 ± 0.0,0.0 ± 0.0,undefined,undefined,0.2390 ± 0.0000,0.2390 ± 0.0000
"PLI (NN, FP 2, threshold chosen on validation)",45.0 ± 3.0,414.3 ± 5.9,185.3 ± 3.2,72.3 ± 2.1,78.6 ± 2.0,0.390 ± 0.009,0.424 ± 0.007,0.1785 ± 0.0005,0.1760 ± 0.0006
"GSC strategic SVM, as in paper (L2 cost)",0.0 ± 0.0,0.0 ± 0.0,0.0 ± 0.0,0.0 ± 0.0,0.0 ± 0.0,undefined,undefined,0.2390 ± 0.0000,0.2390 ± 0.0000
"GSC strategic SVM, our cost model",0.0 ± 0.0,0.0 ± 0.0,0.0 ± 0.0,0.0 ± 0.0,0.0 ± 0.0,undefined,undefined,0.2390 ± 0.0000,0.2390 ± 0.0000
"GSC strategic SVM, as in paper (L2 cost), class-balanced",27.0 ± 11.1,508.0 ± 49.1,225.7 ± 35.2,141.0 ± 20.0,141.4 ± 18.2,0.626 ± 0.021,0.628 ± 0.034,0.1552 ± 0.0014,0.1551 ± 0.0029
"GSC strategic SVM, our cost model, class-balanced",91.3 ± 46.5,726.7 ± 123.6,406.7 ± 108.5,197.0 ± 39.2,198.5 ± 26.1,0.490 ± 0.030,0.499 ± 0.065,0.1813 ± 0.0174,0.1806 ± 0.0227
Standard linear SVM,0.0 ± 0.0,0.0 ± 0.0,0.0 ± 0.0,0.0 ± 0.0,0.0 ± 0.0,undefined,undefined,0.2390 ± 0.0000,0.2390 ± 0.0000
"Standard linear SVM, class-balanced",928.0 ± 0.0,1332.0 ± 0.0,1168.0 ± 0.0,136.0 ± 14.9,139.5 ± 0.0,0.116 ± 0.013,0.119 ± 0.000,0.6309 ± 0.0061,0.6295 ± 0.0000
