bin,x,n,p_mean,p_std,p_q10,p_q25,p_q75,p_q90,empirical_rate
"(-6.441000000000001, -1.9]",-2.1981675392670157,191,0.3736061925864131,0.19401251439995368,0.1372077435607919,0.2144665791623896,0.5293379759195207,0.6442088961878606,0.4397905759162304
"(-1.9, -1.68]",-1.7745685279187815,197,0.5016850501633138,0.19960382323446277,0.226208072183676,0.35076208264395814,0.6625846939415408,0.7749687456754554,0.5228426395939086
"(-1.68, -1.53]",-1.5978285714285714,175,0.5687913267164753,0.16638550009928205,0.3462986456412374,0.46185780091146356,0.6905897973673518,0.7739220068838142,0.5942857142857143
"(-1.53, -1.41]",-1.4607446808510638,188,0.6339105071001391,0.1655411620729567,0.3962137617324387,0.5239956429054277,0.7641045545954753,0.8441127890118589,0.6117021276595744
"(-1.41, -1.3]",-1.3452910052910054,189,0.6571030076067014,0.1831801549614501,0.381605705938455,0.5618412507670849,0.7932540730427775,0.8553724848492071,0.6455026455026455
"(-1.3, -1.182]",-1.237103825136612,183,0.7031513646304134,0.14941440360261624,0.4807008951365387,0.6082000972076254,0.8225089571687176,0.8683814713421564,0.6775956284153005
"(-1.182, -1.09]",-1.1398395721925134,187,0.731375694610728,0.13875092491330482,0.5475647228188577,0.6561528524726008,0.8288570375073527,0.8837487015283131,0.7272727272727273
"(-1.09, -1.02]",-1.0558549222797928,193,0.7654225060730414,0.13836782200260006,0.5760307781513198,0.6959088194147668,0.8703454625946956,0.9100198550718832,0.7357512953367875
"(-1.02, -0.93]",-0.9709844559585492,193,0.7932990992084015,0.11291712341759208,0.6317492024369684,0.7265626202359474,0.8738180124618312,0.9109973168013866,0.7098445595854922
"(-0.93, -0.86]",-0.8903743315508021,187,0.8282043426230419,0.09848859324351542,0.7040848069304957,0.7818235532092079,0.898190794870555,0.9276375481183983,0.8074866310160428
"(-0.86, -0.79]",-0.8166315789473684,190,0.8325968342497566,0.10955879526602595,0.6933560350780099,0.7907723993827974,0.9135338798693615,0.9433452688173395,0.8368421052631579
"(-0.79, -0.72]",-0.75,182,0.8372867579690151,0.09447901838756928,0.705241515961692,0.7948580810540947,0.9068396926156179,0.9365127979876294,0.8076923076923077
"(-0.72, -0.66]",-0.6862566844919786,187,0.8622670764272337,0.08221726657527298,0.7538087792073083,0.8199768347698912,0.9246270914786593,0.9554400608660607,0.8770053475935828
"(-0.66, -0.59]",-0.6209375,192,0.87225443228807,0.07905568126460637,0.763859927544366,0.8459193522977859,0.9220765591167324,0.952651591003494,0.8958333333333334
"(-0.59, -0.53]",-0.5535532994923857,197,0.8764161545546307,0.08597159946179918,0.7842425869990787,0.8450933048326383,0.9302889341970332,0.9591941691783338,0.8883248730964467
"(-0.53, -0.48]",-0.4979310344827586,174,0.8878449744949629,0.07715447976567018,0.7924139543591119,0.8632383430331205,0.9419636849427041,0.9569427606681958,0.8448275862068966
"(-0.48, -0.43]",-0.4512222222222222,180,0.8953457962625015,0.08034166201320246,0.812959688068747,0.8668964993551486,0.9539618963948511,0.9672597741589418,0.8833333333333333
"(-0.43, -0.37]",-0.3940191387559808,209,0.909382149043325,0.06211197991195189,0.834350752711586,0.884442130028756,0.9516873255696489,0.9704085107283791,0.9043062200956937
"(-0.37, -0.32]",-0.3425730994152047,171,0.9059648742258948,0.06395514420878107,0.8362912654909331,0.8827742986374927,0.9471625405456308,0.9695363688548386,0.8888888888888888
"(-0.32, -0.262]",-0.2906741573033708,178,0.9209968364128571,0.05889477688025801,0.8582424058778227,0.9003510865811422,0.959451320411182,0.977095727721935,0.9101123595505618
"(-0.262, -0.21]",-0.2333482142857143,224,0.9230121734264988,0.050773984695278676,0.8488194246706647,0.9030221765072196,0.9575100238583792,0.9720805364866713,0.9598214285714286
"(-0.21, -0.16]",-0.1776,175,0.9358631219259681,0.04029389230487432,0.8853728949780816,0.9218567639900814,0.9639596651684992,0.9738350745890301,0.9428571428571428
"(-0.16, -0.11]",-0.12830508474576272,177,0.9329444912099094,0.04403582065744482,0.882479693751374,0.9108610726295909,0.9633693378887915,0.9751422143071917,0.9661016949152542
"(-0.11, -0.06]",-0.07882978723404256,188,0.9433241179874944,0.03919662925004866,0.9004279501290137,0.9343798448575386,0.9655041643081015,0.9778057915953984,0.9787234042553191
"(-0.06, 0.0]",-0.026134020618556703,194,0.9463094274931313,0.03629714587485912,0.8991619382372391,0.9354407025907334,0.9716596572457679,0.980539840304059,0.9175257731958762
"(0.0, 0.05]",0.02988950276243094,181,0.9480270419223698,0.03602986566959791,0.908775062105024,0.9336024319054431,0.9733737571514911,0.9823687555971791,0.9447513812154696
"(0.05, 0.1]",0.08081081081081082,185,0.9539333426420655,0.031030277926752156,0.9149887323881771,0.9435435053559849,0.9739860270636654,0.9841039086092453,0.9567567567567568
"(0.1, 0.159]",0.13057803468208093,173,0.9534393832859802,0.031731236222211794,0.9187182886894859,0.9411399158601159,0.9764474908499791,0.9833306441464195,0.9653179190751445
"(0.159, 0.21]",0.1854910714285714,224,0.9632458054844656,0.025696050432081684,0.9356684244929158,0.9544937137771321,0.9803658299909909,0.9861732810040125,0.96875
"(0.21, 0.27]",0.24411042944785274,163,0.9617108323172227,0.027341788911698875,0.9232576314039498,0.9506975813296983,0.9808536415651652,0.9873447133341928,0.9693251533742331
"(0.27, 0.323]",0.3004,175,0.9666741886056387,0.026431769382148883,0.9369717453943103,0.9581398178826709,0.9835719862199488,0.9897467153120941,0.96
"(0.323, 0.39]",0.3626066350710901,211,0.968349698753117,0.025715134461037664,0.9458006988292399,0.9600791670918432,0.9833653187677451,0.9887866495092041,0.9715639810426541
"(0.39, 0.44]",0.4196067415730337,178,0.9725061308135762,0.017852457759166607,0.9477611825131296,0.9643777060640477,0.985169550844196,0.9895044931614411,0.9887640449438202
"(0.44, 0.5]",0.4752604166666667,192,0.9761666283674196,0.015617156388573163,0.9564298927675368,0.9684678846514347,0.9875997321842529,0.9919094723514675,0.96875
"(0.5, 0.56]",0.5365656565656566,198,0.9787041981790864,0.013792467988512322,0.9646800781235628,0.9731059295424627,0.9879908348157213,0.9914943103663993,0.9545454545454546
"(0.56, 0.61]",0.5904907975460123,163,0.979223210966652,0.0134409646340643,0.9628523562063355,0.9722561955115039,0.9897387450464197,0.9929236560337739,0.9754601226993865
"(0.61, 0.67]",0.6456020942408377,191,0.9799808443578032,0.014770986742485146,0.9646932074255703,0.974790162366501,0.989195006430129,0.9919112909779781,0.9790575916230366
"(0.67, 0.74]",0.7098882681564246,179,0.9823545026333074,0.0130755455837064,0.9661033649110872,0.9791228054844073,0.9912127397385986,0.9937058539598175,1.0
"(0.74, 0.81]",0.779627659574468,188,0.9831810237449826,0.011904897137011185,0.9657508485821629,0.9791183544793203,0.9915959779129625,0.9937461319656358,0.9840425531914894
"(0.81, 0.88]",0.8482978723404255,188,0.9846238086920355,0.016570080480976787,0.9707285472132595,0.9831328670010013,0.9926816772928518,0.9951226474490125,0.9946808510638298
"(0.88, 0.96]",0.9215675675675676,185,0.9865450568982037,0.010116455157771403,0.9764951732025278,0.9827527522113441,0.9931532970469179,0.9953293834717954,0.9837837837837838
"(0.96, 1.05]",1.0108333333333333,216,0.9871617838894174,0.010519825649532641,0.9754460723246285,0.9850416541419249,0.9935176601092661,0.9956367884517543,0.9953703703703703
"(1.05, 1.13]",1.0955688622754491,167,0.9901130864319775,0.007818949872214377,0.9821471104201543,0.9876284865732291,0.9946049810276187,0.9967216948159455,1.0
"(1.13, 1.22]",1.1769680851063828,188,0.9912838486058357,0.0055813528690840785,0.9847672380417078,0.9886194933208403,0.9954011632911218,0.9962171841705533,0.9840425531914894
"(1.22, 1.32]",1.276043956043956,182,0.991995359192775,0.009242548316709438,0.9877689267940999,0.9901539241250014,0.9961656388352267,0.9973172897588368,1.0
"(1.32, 1.44]",1.3849729729729727,185,0.9930842267679066,0.005975976187719278,0.9884651773386453,0.9913779814669639,0.9964355269149391,0.9975119092033996,1.0
"(1.44, 1.59]",1.5245728643216079,199,0.994103429924851,0.004330270220657797,0.9888451007431155,0.9924126145659791,0.9970351273966814,0.9980610656141108,0.9899497487437185
"(1.59, 1.757]",1.6646783625730992,171,0.9956130203224879,0.003161628508528698,0.9921507666308549,0.9944666298988659,0.9977887700068878,0.9983377433869967,1.0
"(1.757, 2.029]",1.8775935828877006,187,0.9968683556750094,0.0025410563440106688,0.9938877753429787,0.9961409657156672,0.9984124306465414,0.9989464764739701,1.0
"(2.029, 3.45]",2.3394148936170214,188,0.9981700439870589,0.0019932465561625415,0.9961595393949004,0.9976821750766615,0.9992412586332964,0.9995119098175481,1.0
