n,n_label,repeat,best_epoch,epochs,best_val_loss,w,b,j_star,expected_improvement_error,predicted_positive,error_without_response,n_agents,S_w,manipulating,manipulating_y0,manipulating_y1,expected_improved,expected_improvement_rate,frac_negatives_manipulating,sampled_improvement_error
50,50,0,70,200,0.6694806593241643,"[0.41066, 0.20851, 0.41576]",0.5615,WKHP,0.16186248007592913,0.6822363041700736,0.3197056418642682,9784,0.8340520783046916,4791,2411,2380,1575.3374949371096,0.6533958917200786,0.4191585535465925,0.16128372853638592
200,200,0,200,200,0.5660629364617823,"[0.29621, 0.33253, 0.50135]",0.80597,WKHP,0.13966185815806909,0.7836263286999182,0.3509811937857727,9784,1.33011028922073,6735,3575,3160,2482.5483797814522,0.694419127211595,0.6215229485396384,0.1418642681929681
1000,1000,0,200,200,0.44299648490864574,"[0.24012, 0.56742, 0.572]",1.55846,WKHP,0.10633350611318405,0.8076451349141456,0.39942763695829925,9784,2.269698841348075,7676,3919,3757,3029.6329761886072,0.7730627650391955,0.6813282336578581,0.10650040883074408
3000,3000,0,200,200,0.37670768230806667,"[0.33398, 0.8185, 0.68629]",2.52133,WKHP,0.08155850672297651,0.7658421913327882,0.4086263286999182,9784,3.2739964798500636,7395,3566,3829,2937.031570222398,0.8236207431919231,0.6199582753824756,0.08381030253475061
6000,6000,0,199,200,0.34736061655214684,"[0.42554, 1.0235, 0.77647]",3.30436,WKHP,0.07328094731405256,0.741516762060507,0.40964840556009813,9784,4.093999395569969,7179,3359,3820,2830.01921147931,0.8425183719795504,0.583970792767733,0.07389615699100573
88049,all,0,163,200,0.3187434896346506,"[0.86503, 1.73521, 1.37571]",6.24261,WKHP,0.06409898736541875,0.6537203597710548,0.41056827473426,9784,6.940845682056251,6345,2637,3708,2318.855507616743,0.8793536244280407,0.45844923504867874,0.06500408830744071
50,50,1,200,200,0.60825386264923,"[0.19683, 0.32703, 0.32076]",0.62437,WKHP,0.20474689547758412,0.8949304987735077,0.3604865085854456,9784,1.3081202531884109,7933,4607,3326,2804.756374647317,0.6088032069996346,0.8009388038942976,0.20400654129190515
200,200,1,200,200,0.5813602330722366,"[0.16328, 0.32916, 0.3794]",0.70389,WKHP,0.17226567608626264,0.866516762060507,0.3719337694194603,9784,1.3166529036147039,7825,4381,3444,2890.5526251720066,0.6597928840840006,0.7616481223922114,0.1704824202780049
1000,1000,1,200,200,0.44654723216942643,"[0.2304, 0.55613, 0.50113]",1.51965,WKHP,0.10792583125542803,0.8163327882256746,0.40116516762060506,9784,2.224534200174077,7782,4000,3782,3087.0536669968924,0.7717634167492231,0.6954102920723226,0.10905560098119378
3000,3000,1,200,200,0.37980081817456907,"[0.32392, 0.80985, 0.58748]",2.45237,WKHP,0.08726628079365915,0.7880212591986917,0.4090351594439902,9784,3.2393939198057207,7618,3771,3847,3072.1867087148385,0.814687538773492,0.6555980528511822,0.08718315617334424
6000,6000,1,200,200,0.34929443617738953,"[0.33392, 1.03091, 0.58945]",3.26394,WKHP,0.08271677524697438,0.7791291905151267,0.41077269010629597,9784,4.123620870674438,7558,3709,3849,3069.6990709836027,0.8276352307855493,0.6448191933240612,0.08411692559280458
88049,all,1,188,200,0.3187497486562518,"[0.87294, 1.75972, 1.39082]",6.33737,WKHP,0.06405365519310952,0.6534137367130008,0.41056827473426,9784,7.03889974480997,6342,2635,3707,2318.2990375906165,0.8798098814385642,0.4581015299026426,0.06449304987735077
50,50,2,200,200,0.5607724369843897,"[0.32158, 0.36564, 0.34759]",0.8541,WKHP,0.14602466591079422,0.8341169255928046,0.37459116925592806,9784,1.462571203992051,7540,4058,3482,2812.2946687287895,0.6930248074738269,0.7054937413073713,0.14687244480784956
200,200,2,200,200,0.5724851706997638,"[0.3273, 0.34434, 0.44613]",0.79177,WKHP,0.15027465664612208,0.8072363041700736,0.3507767784137367,9784,1.377350495945799,6942,3769,3173,2557.7127593743417,0.6786184025933515,0.655250347705146,0.15106295993458707
1000,1000,2,200,200,0.43871661348504587,"[0.30701, 0.60426, 0.47207]",1.61556,WKHP,0.11308075795695255,0.8312551103843009,0.40106295993458707,9784,2.417029457130741,7927,4125,3802,3140.617864149176,0.7613619064604064,0.7171418636995828,0.11416598528209321
3000,3000,2,200,200,0.37491493552803523,"[0.28737, 0.86406, 0.47179]",2.60794,WKHP,0.09324798156679297,0.8043744889615699,0.41026165167620604,9784,3.4562508754267296,7790,3924,3866,3159.661748350498,0.8052145128314214,0.6821974965229486,0.0946443172526574
6000,6000,2,200,200,0.34608016802525293,"[0.32289, 1.05654, 0.55152]",3.37653,WKHP,0.08267623027661584,0.7783115290269829,0.410874897792314,9784,4.226179853383465,7555,3709,3846,3074.0957629735904,0.8288206424841171,0.6448191933240612,0.08411692559280458
88049,all,2,180,200,0.31876396901197196,"[0.87052, 1.75368, 1.38476]",6.31201,WKHP,0.06411113757731081,0.6534137367130008,0.41056827473426,9784,7.014734726799796,6342,2635,3707,2317.736629943591,0.8795964440013628,0.4581015299026426,0.06449304987735077
50,50,3,200,200,0.5574142960171161,"[0.16975, 0.36276, 0.37418]",0.79861,WKHP,0.16547708007898063,0.8700940310711366,0.3809280457890433,9784,1.4510317487985418,7990,4436,3554,2989.972248507254,0.6740244022784612,0.7712100139082059,0.16332788225674572
200,200,3,200,200,0.5522018952650991,"[0.18597, 0.3577, 0.45951]",0.82409,WKHP,0.15258251591791516,0.8436222403924775,0.3732624693376942,9784,1.430803928003415,7648,4191,3457,2893.132664259118,0.6903203684703216,0.7286161335187761,0.14963205233033525
1000,1000,3,200,200,0.44213146050220076,"[0.23646, 0.57198, 0.55117]",1.56438,WKHP,0.10761457542572682,0.8115290269828291,0.3996320523303352,9784,2.2879062150559926,7722,3959,3763,3053.098994034689,0.7711793367099492,0.6882823365785814,0.11017988552739166
3000,3000,3,200,200,0.37580396600356397,"[0.30267, 0.8411, 0.5286]",2.54494,WKHP,0.08944797684643331,0.7961978740801309,0.40944399018806216,9784,3.3644019087419705,7702,3845,3857,3118.8409945344965,0.8111420011793229,0.6684631432545202,0.09045380212591987
6000,6000,3,200,200,0.34778035448013783,"[0.35631, 1.03911, 0.56743]",3.31041,WKHP,0.0812862279921481,0.7789247751430908,0.41077269010629597,9784,4.156454189221349,7560,3705,3855,3073.695545324823,0.8296074346355797,0.6441237830319889,0.08329926410466067
88049,all,3,167,200,0.3186949308357362,"[0.86411, 1.73947, 1.37871]",6.26116,WKHP,0.06413582069822234,0.6536181520850368,0.41056827473426,9784,6.957895320128766,6344,2637,3707,2319.4951302885925,0.8795961813760305,0.45844923504867874,0.06500408830744071
50,50,4,200,200,0.6106145699094073,"[0.23431, 0.34088, 0.43743]",0.64012,WKHP,0.20512711396550246,0.874693376941946,0.3321749795584628,9784,1.3635026496540288,7324,4356,2968,2631.036316961524,0.6040028275852901,0.7573018080667594,0.20063368765331152
200,200,4,200,200,0.5690100820626229,"[0.17827, 0.35894, 0.38798]",0.75182,WKHP,0.17873078972998108,0.8763286999182338,0.3732624693376942,9784,1.4357457936881135,7932,4470,3462,2911.2979532818654,0.6512970812711109,0.7771210013908206,0.18090760425183974
1000,1000,4,200,200,0.4498065277548419,"[0.26429, 0.56164, 0.496]",1.48796,WKHP,0.11477373266041574,0.8270645952575634,0.3985077677841374,9784,2.24656569991066,7853,4089,3764,3101.0537996504922,0.758389288249081,0.7108831710709318,0.11447260834014718
3000,3000,4,199,200,0.38020880947755814,"[0.43129, 0.77407, 0.8143]",2.45501,WKHP,0.07617892573246983,0.7269010629599346,0.40474243663123466,9784,3.096273452081813,6974,3214,3760,2668.665390633515,0.8303252615536761,0.5587621696801113,0.07747342600163533
6000,6000,4,199,200,0.3517747214603899,"[0.56178, 0.98939, 0.99477]",3.30246,WKHP,0.06991765340035408,0.695932134096484,0.4070932134096484,9784,3.9575451786097524,6704,2960,3744,2514.9256791309354,0.8496370537604512,0.5146036161335188,0.07011447260834015
88049,all,4,189,200,0.3187552313996828,"[0.87215, 1.7615, 1.38813]",6.34211,WKHP,0.06406260816221455,0.6534137367130008,0.410670482420278,9784,7.0460026544131775,6343,2635,3708,2318.211441740893,0.8797766382318379,0.4581015299026426,0.06449304987735077
50,50,5,200,200,0.6214447538065166,"[0.40662, 0.26319, 0.4401]",0.71325,WKHP,0.14107506245456225,0.7062551103843009,0.33329926410466065,9784,1.0527705115819754,5581,2805,2776,1909.7215889445629,0.6808276609428031,0.48765646731571627,0.1391046606704824
200,200,5,200,200,0.6245337022258838,"[0.38726, 0.26304, 0.4367]",0.68578,WKHP,0.14452929626339237,0.7239370400654129,0.33197056418642684,9784,1.0521457988193472,5727,2944,2783,1994.9253653589692,0.6776241050811717,0.5118219749652295,0.1439084219133279
1000,1000,5,200,200,0.4448109256783083,"[0.25516, 0.56646, 0.48658]",1.53449,WKHP,0.1100344310620171,0.820829926410466,0.4008585445625511,9784,2.2658531179735086,7821,4040,3781,3104.4231264892246,0.7684215659626794,0.7023643949930459,0.11120196238757155
3000,3000,5,200,200,0.375389137802298,"[0.32825, 0.84789, 0.55335]",2.55443,WKHP,0.08913903902888735,0.7959934587080949,0.40934178250204417,9784,3.3915557675665458,7699,3839,3860,3111.863642141366,0.8105922485390378,0.6674200278164116,0.09208912510220768
6000,6000,5,199,200,0.3479406945354356,"[0.35935, 1.02212, 0.62524]",3.28171,WKHP,0.0787750559929198,0.7694194603434178,0.410670482420278,9784,4.0884762506910794,7464,3622,3842,3027.2648521652727,0.8357992413487777,0.6296940194714882,0.07829108748977923
88049,all,5,142,200,0.31905002781412606,"[0.85601, 1.71039, 1.36581]",6.13466,WKHP,0.06442010486266228,0.6546402289452167,0.41056827473426,9784,6.841578821052875,6354,2645,3709,2322.7136940237124,0.8781526253397778,0.4598400556328234,0.06592395748160261
50,50,6,200,200,0.5937055793184723,"[0.57547, 0.29013, 0.52733]",0.90458,WKHP,0.14586615795502492,0.633687653311529,0.33605887162714637,9784,1.1605302640320354,4790,2212,2578,1494.8455105680364,0.6757891096600526,0.38456189151599446,0.14697465249386754
200,200,6,200,200,0.5862068095441014,"[0.52046, 0.31557, 0.6092]",0.86323,WKHP,0.14814793402982615,0.6926614881439084,0.32553147996729354,9784,1.2622626669267762,5224,2631,2593,1773.520613452181,0.6740861320608821,0.45740611961057026,0.1490188062142273
1000,1000,6,200,200,0.43722828487347076,"[0.35822, 0.5649, 0.60732]",1.62793,WKHP,0.09308142990827625,0.7637980376124285,0.3966680294358136,9784,2.2596019671278724,7230,3517,3713,2774.291289777425,0.7888232271189721,0.6114394993045897,0.09454210956663942
3000,3000,6,200,200,0.3731999733239201,"[0.43714, 0.81187, 0.75974]",2.58561,WKHP,0.07394260908933527,0.732011447260834,0.4067865903515944,9784,3.2474757056192796,7048,3254,3794,2716.5455126699435,0.8348326713798229,0.5657162726008345,0.07553147996729354
6000,6000,6,200,200,0.3482794824012466,"[0.36011, 1.03816, 0.63938]",3.29442,WKHP,0.08071947443327904,0.7747342600163533,0.41015944399018806,9784,4.152628352947012,7509,3666,3843,3046.240662144798,0.8309439885828691,0.6373435326842837,0.08207277187244481
88049,all,6,151,200,0.31879527202713637,"[0.86063, 1.72071, 1.3672]",6.18445,WKHP,0.06424271551470513,0.6540269828291088,0.41056827473426,9784,6.882831897501998,6348,2640,3708,2320.4492714041253,0.8789580573500475,0.45897079276773295,0.06510629599345871
50,50,7,57,200,0.7236852643165886,"[0.34695, 0.18873, 0.37744]",0.34723,WKHP,0.21165008360172605,0.7625715453802125,0.2900654129190515,9784,0.7549343096484658,4657,2756,1901,1622.2155820407124,0.5886123302034515,0.47913769123783034,0.21034341782502045
200,200,7,200,200,0.5671180036958061,"[0.25266, 0.34873, 0.4122]",0.77436,WKHP,0.15886644064143485,0.8453597710547833,0.3640637775960752,9784,1.3949162244401718,7519,4165,3354,2818.650744764201,0.676746877494406,0.724095966620306,0.1580130825838103
1000,1000,7,200,200,0.44088736419906144,"[0.28599, 0.56988, 0.50719]",1.57822,WKHP,0.10355835649816345,0.8107113654946853,0.40065412919051513,9784,2.2795091515633468,7726,3946,3780,3072.7850400219686,0.778708829199688,0.6860222531293463,0.10435404742436631
3000,3000,7,200,200,0.3868786343291787,"[0.48477, 0.74671, 0.96285]",2.47021,WKHP,0.07734832611376796,0.6856091578086672,0.401880621422731,9784,2.986857435098245,6540,2884,3656,2403.223977302894,0.8332954151535694,0.5013908205841446,0.07890433360588717
6000,6000,7,200,200,0.3597318473769842,"[0.59227, 0.94114, 1.11968]",3.24344,WKHP,0.07194742691192631,0.6638389206868357,0.40586672117743255,9784,3.764560202464952,6378,2709,3669,2307.066375093713,0.8516302602782255,0.4709666203059805,0.07205641864268193
88049,all,7,156,200,0.3189443860262623,"[0.86047, 1.7267, 1.37406]",6.21109,WKHP,0.06414410470544654,0.6539247751430908,0.41056827473426,9784,6.906809294253379,6347,2639,3708,2320.414079561911,0.87927778687454,0.4587969401947149,0.06571954210956664
50,50,8,199,200,0.6507407548151766,"[0.49076, 0.24633, 0.4925]",0.61214,WKHP,0.17400419628593894,0.7010425183973835,0.31295993458708093,9784,0.9853027572029097,4729,2477,2252,1584.5429435383735,0.6397024398620805,0.4306328233657858,0.17365085854456255
200,200,8,200,200,0.5986483875963184,"[0.30561, 0.34248, 0.32245]",0.70777,WKHP,0.18110156637277164,0.866107931316435,0.356909239574816,9784,1.3699226658825767,7574,4305,3269,2756.102274608803,0.6402095875978636,0.7484353268428373,0.18008994276369583
1000,1000,8,200,200,0.43668056791866416,"[0.32884, 0.56368, 0.6163]",1.62864,WKHP,0.09248685098300787,0.7655355682747342,0.39769010629599344,9784,2.254737048904741,7257,3533,3724,2795.1086499822513,0.7911431219876172,0.614221140472879,0.09249795584627964
3000,3000,8,200,200,0.37939332176730667,"[0.48626, 0.78493, 0.84526]",2.5193,WKHP,0.07565748216678032,0.714022894521668,0.4043336058871627,9784,3.1397386473341236,6844,3107,3737,2585.7671944802214,0.8322392000258195,0.5401599443671766,0.07542927228127555
6000,6000,8,200,200,0.35764978574249773,"[0.65195, 0.9593, 1.09159]",3.28979,WKHP,0.07187738262606344,0.6660874897792314,0.40596892886345054,9784,3.8371976978412143,6395,2720,3675,2313.751688386595,0.850644003083307,0.4728789986091794,0.07328291087489779
88049,all,8,161,200,0.31887785570808946,"[0.86243, 1.73174, 1.37351]",6.23242,WKHP,0.0641614219198301,0.6536181520850368,0.41056827473426,9784,6.92696674264953,6344,2637,3707,2319.2446479363825,0.8795011937566866,0.45844923504867874,0.06500408830744071
50,50,9,199,200,0.6398282510196648,"[0.41371, 0.20715, 0.41277]",0.80498,WKHP,0.1441381466109704,0.5408830744071954,0.35762469337694197,9784,0.8286143823158794,4397,1814,2583,1319.7523735582658,0.7275371408810727,0.31536856745479835,0.14503270645952576
200,200,9,200,200,0.5676821572030938,"[0.15583, 0.34249, 0.43959]",0.75893,WKHP,0.1646724572156714,0.8539452166802943,0.3712183156173344,9784,1.3699726358339226,7711,4282,3429,2873.8446786018712,0.6711454177024454,0.7444367176634215,0.16189697465249386
1000,1000,9,200,200,0.4491996253243079,"[0.25609, 0.56337, 0.53792]",1.49568,WKHP,0.11416158427587465,0.822056418642682,0.39758789860997545,9784,2.253498474110797,7793,4045,3748,3070.043059444842,0.7589723261915555,0.7032336578581363,0.1150858544562551
3000,3000,9,200,200,0.37864445506010286,"[0.31085, 0.81883, 0.6463]",2.48406,WKHP,0.08628135697364611,0.7834219133278822,0.4088307440719542,9784,3.2753067193621574,7569,3728,3841,3042.8232033698464,0.8162079408180919,0.6481223922114048,0.08810302534750614
6000,6000,9,199,200,0.34838641216482014,"[0.39416, 1.03094, 0.7316]",3.29209,WKHP,0.07670087638353887,0.7562346688470973,0.4099550286181521,9784,4.123778055458417,7326,3496,3830,2926.5586254634554,0.8371163116314232,0.60778859527121,0.07808667211774326
88049,all,9,167,200,0.3189973659304893,"[0.86659, 1.74318, 1.37822]",6.25933,WKHP,0.06433773095424763,0.6544358135731807,0.41056827473426,9784,6.972705435208623,6352,2644,3708,2323.519640343641,0.8787895765293651,0.45966620305980527,0.06623058053965658
