epoch,train_loss,val_loss,b,w_AGEP,w_WKHP,w_SCHL,j_star,S,val_frac_positive,val_frac_moved,val_mean_pi_y0
1,0.6350948796382277,0.5179413097482081,0.991919274632387,0.17984868236932994,0.4178379044500073,0.4022683128884153,1,1.6713516178000292,0.04446488807114382,0.805376673821936,0.5243380119218728
2,0.47951790543645706,0.45742752349141863,1.4171890275998686,0.227853745481461,0.5331981853247998,0.47229292061098777,1,2.132792741299199,0.027701114177655115,0.794030461003782,0.5324955648936285
3,0.4383792026234372,0.4280000993987033,1.7161549405003635,0.26825733635429855,0.6191174174452828,0.5146856273989011,1,2.4764696697811313,0.022590207502811,0.7885106817949504,0.5347876936998682
4,0.41506885306183566,0.40891209429069225,1.9588516171889696,0.29387784263002464,0.6784293618101557,0.5501059422883634,1,2.7137174472406227,0.018603700296432588,0.7785955228457528,0.5310470551495965
5,0.39928411413955767,0.3956727947703121,2.1626142414493335,0.30782053625673844,0.7347468800984746,0.575095537613386,1,2.938987520393898,0.016763773893488706,0.7746090156393745,0.5291202495766826
6,0.3877230296971581,0.38555027734219105,2.341709472233196,0.3193151760058708,0.7826693382595447,0.5945960362291873,1,3.1306773530381786,0.015639374425023,0.7700091996320148,0.5267582466072062
7,0.3786269533220461,0.3775089865077273,2.501783849645418,0.3349603934594501,0.824168820616387,0.6132580764860566,1,3.296675282465548,0.014310538689563529,0.7641827660226924,0.5220175295836122
8,0.3713566850138084,0.3712585835640232,2.644480147401794,0.3486483269625317,0.8653060381978391,0.6355357887700376,1,3.4612241527913565,0.014106102422569764,0.7621384033527547,0.520648793260572
9,0.3654360027441276,0.3650270671752021,2.7787583915037177,0.36697049073938115,0.8838965387018599,0.659459930688318,1,3.5355861548074397,0.012879484820607176,0.7474189921292037,0.5079370324414677
10,0.3603568108041813,0.36023883843312593,2.8982848119807265,0.3954822262403704,0.9175713475079508,0.6935848883880493,1,3.670285390031803,0.012777266687110293,0.7421036491873658,0.5021626475037216
11,0.35587187788037555,0.35643191108286976,3.0106318495097626,0.4160352658643614,0.935885727932928,0.7300284731270801,1,3.743542911731712,0.012266176019625881,0.7266687110293366,0.48592503393206177
12,0.35223413277295085,0.35357764405711695,3.1079635188440973,0.4384975356248338,0.9726244287714135,0.7725017596177643,1,3.890497715085654,0.012981702954104057,0.7283042011652867,0.48702986458512965
13,0.34906545005716366,0.35103547437138377,3.201426998170184,0.4584046529736754,0.9987528547723179,0.810103539887109,1,3.9950114190892716,0.01308392108760094,0.7236021670244301,0.48194996489788344
14,0.34627976442272135,0.3474132492995818,3.2949690389664705,0.48135218242937156,1.0035761019129645,0.8423015921402134,1,4.014304407651858,0.012163957886129,0.7102115915363385,0.46948467328373256
15,0.3437531428414923,0.34509324252855944,3.380021509078652,0.4971935025486497,1.024575804915792,0.8730895821615199,1,4.098303219663168,0.012163957886129,0.7069406112644383,0.46625690585258656
16,0.3415501667405167,0.34318822423969897,3.460024886103379,0.5120340285050189,1.04703968884952,0.9016768002064866,1,4.18815875539808,0.011959521619135235,0.7029541040580599,0.4621233889057098
17,0.3396475671764726,0.3415810259360309,3.53575086483352,0.5302072145842056,1.0689171677830307,0.9236422307211443,1,4.275668671132123,0.012061739752632116,0.7023407952570786,0.4613590606416948
18,0.33852080996449524,0.34110363101318114,3.611737993880611,0.5467667318433715,1.0729349870551539,0.9483386276252646,1,4.2917399482206156,0.011039558417663294,0.6884391291015026,0.44521960652913173
19,0.33741136377960496,0.3403252983869862,3.6808567672440127,0.5625195317968914,1.0878195148802978,0.9754210220428247,1,4.351278059521191,0.011039558417663294,0.6836348768271492,0.43996636937217176
20,0.33694443237041,0.33909619003634345,3.7452499113604416,0.5797091450179629,1.1048668644047774,1.002012272240188,1,4.41946745761911,0.011039558417663294,0.6830215680261679,0.43939551283673595
21,0.33576688011225775,0.33991537299773084,3.8124055357798152,0.5967139507542502,1.103147444342958,1.0234676537493856,1,4.412589777371832,0.010937340284166411,0.6691199018705919,0.42502612482650026
22,0.33545427424527746,0.33875526783645027,3.8705223161382647,0.613831467667812,1.1220265742554472,1.0483801163629038,1,4.488106297021789,0.010937340284166411,0.6697332106715731,0.42544059486676655
23,0.3344785035799357,0.33886667554027344,3.928987686064648,0.6338030508459878,1.1303701125075618,1.0706575592143135,1,4.521480450030247,0.010835122150669528,0.6606357967903506,0.414938582925615
24,0.3339414143133572,0.3380451378344304,3.982707232169588,0.6549094404119282,1.1487728775959543,1.0909754748205558,1,4.595091510383817,0.011141776551160176,0.6616579781253195,0.41600644442887014
25,0.3334024893616376,0.3378522423911577,4.037817913423093,0.6735806320352619,1.1543714567871397,1.110756694353118,1,4.617485827148559,0.010732904017172647,0.6540938362465502,0.40731917084493463
26,0.3326437666343103,0.3377752559661939,4.089702349734374,0.6877127749507981,1.1668826821518299,1.1279689675269624,1,4.6675307286073195,0.011039558417663294,0.6527650005110907,0.4063996498231729
27,0.33197445339191867,0.33707618701768494,4.139319932669997,0.698480422866848,1.18173816638329,1.1430708694712919,1,4.72695266553316,0.011039558417663294,0.6531738730450782,0.4067262018951216
28,0.33106935254642317,0.335709653109221,4.187366293520318,0.7028309283930033,1.1979755126264449,1.1547497308546093,1,4.791902050505779,0.011039558417663294,0.6540938362465502,0.4075879299861021
29,0.33047598044896426,0.33570466255806625,4.235573648022031,0.7071979314801435,1.207794323816087,1.1642861120886971,1,4.831177295264348,0.010732904017172647,0.6529694367780844,0.40645605104732496
30,0.32976989487791336,0.3343547102099264,4.280959687750684,0.7132298642756403,1.2206372909078052,1.1723464641152241,1,4.882549163631221,0.010732904017172647,0.653378309312072,0.4069153786003295
31,0.32915840410945235,0.33443028512620504,4.326220442564419,0.7177674454344947,1.2289387286976485,1.1802899140620493,1,4.915754914790594,0.010630685883675764,0.6488807114382091,0.4012815879972556
32,0.3285230149634733,0.3338003857843674,4.369984262158004,0.7216797948574633,1.2378687982580874,1.1865568836587463,1,4.9514751930323495,0.010630685883675764,0.6477563119697435,0.40028352219649627
33,0.3279515756621861,0.33320533281540066,4.412417725729249,0.7228932537129669,1.2473581378643033,1.1914810241915812,1,4.989432551457213,0.010528467750178882,0.6462230399672902,0.39919132759812476
34,0.3273395873280628,0.33271916203786317,4.452610132451254,0.7253786316014041,1.260474236176493,1.1963516218504457,1,5.041896944705972,0.010528467750178882,0.6473474394357559,0.4003219057906965
35,0.3269201512017611,0.33167062198926195,4.490390964786003,0.7312100374570507,1.2765128744905676,1.2006907711053834,1,5.10605149796227,0.010630685883675764,0.6515383829091281,0.4053859082351156
36,0.32623363868043703,0.3311304267527723,4.529468757572649,0.733614874968804,1.284575797135116,1.2043480825043547,1,5.138303188540464,0.010426249616682,0.6504139834406624,0.40433304081823757
37,0.32585391672179514,0.3306722609177173,4.566915882729022,0.7361698809313137,1.293322147685834,1.2087840865248662,1,5.173288590743336,0.010426249616682,0.6501073290401718,0.40436217735291263
38,0.32536212902958755,0.3303411278735376,4.601931364329597,0.7388363014241557,1.3068331183830513,1.2133625616153345,1,5.227332473532205,0.010528467750178882,0.6512317285086374,0.40568873714476367
39,0.32489285370568716,0.33050693998497666,4.6412749321211715,0.7440507220961308,1.2996638502275781,1.2165266606530216,1,5.1986554009103125,0.009812940815700706,0.6424409690279056,0.3961155727041945
40,0.3245030617346545,0.33015485829382113,4.673401491457939,0.7491201949661243,1.3162735634992326,1.2207506548821099,1,5.2650942539969305,0.01001737708269447,0.6461208218337933,0.39943939184807054
41,0.3242358629814866,0.3285677336519984,4.704138718375522,0.7481912368618548,1.3363792454780046,1.2229551757536608,1,5.345516981912018,0.010221813349688235,0.6540938362465502,0.4090611310395296
42,0.32355425417555145,0.3281817682173646,4.737340652155639,0.7503208687143922,1.3436273016725808,1.2269665995498937,1,5.374509206690323,0.010221813349688235,0.6537871818460594,0.40894035252027044
43,0.323304647209028,0.32911890859549964,4.77317556971164,0.7528122426781131,1.3365088231298086,1.226996537113093,1,5.346035292519234,0.009506286415210058,0.6439742410303588,0.3982088120627474
44,0.32317893838740497,0.327637509289989,4.7990486941773405,0.7560892234151342,1.3611369589656523,1.2333932198376758,1,5.444547835862609,0.010221813349688235,0.6538893999795564,0.40922457393983375
45,0.3227341017129254,0.32788788457872353,4.8308545959862,0.7573982171421014,1.3617924066716536,1.2362681794272177,1,5.447169626686614,0.009812940815700706,0.648982929571706,0.4036787733515335
46,0.3222733737836479,0.32755061558755,4.860608867684396,0.7608953876342247,1.3672442592855942,1.23929056211973,1,5.468977037142377,0.009608504548706941,0.6469385669017683,0.4007827839063487
47,0.3220259504485888,0.3267363849627437,4.887415240834551,0.7649990124222297,1.3812750898432111,1.2412817828365805,1,5.5251003593728445,0.009915158949197587,0.6511295103751406,0.40609508740172306
48,0.32169134934435734,0.3278127251846014,4.9187396831394565,0.7662415299236728,1.374657996992736,1.2462919035425657,1,5.498631987970944,0.009404068281713175,0.6432587140958806,0.39799087617543083
49,0.32156026072350946,0.32679380197443936,4.944738213260358,0.7674694099059037,1.3872222213311691,1.249342528146357,1,5.5488888853246765,0.009608504548706941,0.6462230399672902,0.4006177089321683
50,0.32128958822424986,0.3265635048632147,4.97250935203166,0.770343940721123,1.3904844559297593,1.2511166673744036,1,5.561937823719037,0.009404068281713175,0.6434631503628744,0.398201664504705
51,0.32115279469277996,0.3264414651702603,4.996549280106146,0.7710158431404834,1.4057442783257048,1.2542544209218192,1,5.622977113302819,0.009506286415210058,0.6486762751712154,0.40384026576626364
52,0.3208478125278151,0.32549138526535787,5.022113542600973,0.7725744664952764,1.413264698403022,1.2562367689820744,1,5.653058793612088,0.009506286415210058,0.6499028927731779,0.40537012652241416
53,0.32068363597277877,0.3252595070449301,5.047716855863391,0.7731077319312692,1.4192961387996597,1.258156738195073,1,5.677184555198639,0.009506286415210058,0.6487784933047123,0.40399032692447456
54,0.320515438397545,0.32507870814793616,5.071966709752943,0.7762539671080366,1.4253306485015187,1.261653283859906,1,5.701322594006075,0.009506286415210058,0.6485740570377185,0.4037863292279356
55,0.32030934279304984,0.32523451902805317,5.093461799077845,0.7782267196301177,1.440546552528028,1.2641881953911545,1,5.762186210112112,0.009608504548706941,0.653378309312072,0.4091610337248696
56,0.31998456785618123,0.32487237491163856,5.118365068656411,0.7794189120223229,1.4413549295644241,1.266989492509447,1,5.7654197182576965,0.009404068281713175,0.6495962383726873,0.40461515129151837
57,0.31989719823357254,0.3252052309028023,5.14305410037477,0.7821120712953946,1.4399480378748641,1.269356473533505,1,5.759792151499457,0.00909741388122253,0.6459163855667995,0.4003606363215065
58,0.31973194468820176,0.3244228381402929,5.164294865952443,0.7859718140797882,1.4492795254540485,1.2719626549854184,1,5.797118101816194,0.00909741388122253,0.6487784933047123,0.4038494057935524
59,0.3194701306034287,0.3248354754710712,5.187604291952928,0.7889287718593333,1.4495912468674867,1.273193849713334,1,5.798364987469947,0.00909741388122253,0.644689767964837,0.3991573528407483
60,0.31945117255057925,0.32475587735113887,5.208673768667519,0.7888056654849451,1.45745057030089,1.275058281560908,1,5.82980228120356,0.00909741388122253,0.6455075130328121,0.400082124596135
61,0.3193054408413825,0.3241769455727448,5.2276338920234195,0.7885708159032763,1.470743822468932,1.2779990721124719,1,5.882975289875728,0.00909741388122253,0.6518450373096187,0.40762692035540904
62,0.31897127555350907,0.32379563725501936,5.24974559497133,0.7889167009667506,1.469776604719207,1.281963567571357,1,5.879106418876828,0.00909741388122253,0.6462230399672902,0.40094335478811366
63,0.3186894715918557,0.324261789364965,5.271144470466319,0.7913706444589644,1.470226786337969,1.2834620338874823,1,5.880907145351876,0.008892977614228765,0.6438720228968619,0.3983567931951737
64,0.31874027230578605,0.32372209769327476,5.288356165496395,0.7940021765908576,1.4846468385790266,1.2836272273280742,1,5.938587354316106,0.00909741388122253,0.6491873658386997,0.4046397482914827
65,0.31872506176297544,0.3235771889839762,5.307774691695903,0.7951591252907375,1.4891194090622284,1.2854785227963674,1,5.956477636248914,0.00909741388122253,0.6491873658386997,0.404789023143266
66,0.3184639635035155,0.3238542040318355,5.329870558595142,0.7946021472114491,1.4827955569362978,1.2861578271695113,1,5.931182227745191,0.008586323213738117,0.6424409690279056,0.3968508643996498
67,0.3185018828943246,0.3229384584768472,5.343359220361166,0.7967567651925468,1.506290288405036,1.2881480068835098,1,6.025161153620144,0.00919963201471941,0.6534805274455688,0.40961562599231427
68,0.31817525285630144,0.32309714220033836,5.364500872753904,0.7989551295460111,1.500801693616146,1.2889901101818793,1,6.003206774464584,0.008790759480731882,0.6476540938362465,0.40299938846042166
69,0.31801197459199165,0.323539093438989,5.384286124529096,0.8012575258903657,1.4981839983231593,1.2890291413658597,1,5.992735993292637,0.008586323213738117,0.6434631503628744,0.39768461124175375
70,0.31800722555933797,0.3228536702404213,5.399733618280757,0.8039749831543223,1.509198963568766,1.290076950992348,1,6.036795854275064,0.008790759480731882,0.6459163855667995,0.400542278566379
71,0.3178947088786045,0.3227064639794334,5.416149530717278,0.80327214578695,1.5162664576847906,1.293032171230205,1,6.0650658307391625,0.008892977614228765,0.6483696207707247,0.40405956168839047
72,0.31780735465077503,0.3227361841403232,5.432313543733483,0.8058193213663676,1.522421810045223,1.2969662318991835,1,6.089687240180892,0.008892977614228765,0.6509250741081468,0.4070127909311257
73,0.3176928313251229,0.32318714594410486,5.451671507079284,0.8087800218293689,1.5146334438484332,1.2972140026351382,1,6.058533775393733,0.008484105080241234,0.6429520596953899,0.3972221453451493
74,0.3176293399956982,0.3231079257810083,5.467975470692662,0.8100122850101887,1.5185995556096252,1.2994242296045408,1,6.074398222438501,0.008484105080241234,0.6428498415618931,0.39714163870360936
75,0.3175154198267653,0.32300604214452616,5.4849633778486835,0.8089246428101525,1.519005035568213,1.3015664403408531,1,6.076020142272852,0.008484105080241234,0.6392722068895021,0.3933776566227852
76,0.31740121672479016,0.32229998756659956,5.4964219228708435,0.8089574275587178,1.5389660273530368,1.3029675734813655,1,6.155864109412147,0.008790759480731882,0.6503117653071655,0.4064691907489983
77,0.3172124644158822,0.3223397754566338,5.51296571170564,0.8098856638046364,1.5388700714549717,1.3042934854490587,1,6.155480285819887,0.008586323213738117,0.6454052948993151,0.3998038883003471
78,0.31730101059077803,0.321722230930575,5.526444735688063,0.810540550812528,1.5490366971971143,1.3056578607103426,1,6.196146788788457,0.008790759480731882,0.6517428191761219,0.40769494142264734
79,0.317241771057901,0.32158827775104293,5.541797300476548,0.8102265593521535,1.551774736559756,1.3074560019180408,1,6.207098946239024,0.008688541347234999,0.6506184197076561,0.40662961541409476
80,0.31695119798164745,0.32269576618742285,5.560146252819012,0.8113989312654097,1.5418008732690551,1.3085690804694643,1,6.1672034930762205,0.008484105080241234,0.641214351425943,0.3959851976411785
81,0.31714173012113717,0.32267430374916006,5.573947183113886,0.8144534833724225,1.5470699467574878,1.3105946058654023,1,6.188279787029951,0.008484105080241234,0.6428498415618931,0.39741466128366754
82,0.3168953490557379,0.32181978965951136,5.588056052793378,0.8127583496959601,1.5526360976683464,1.3123522501796476,1,6.210544390673386,0.008484105080241234,0.6438720228968619,0.3987760022231391
83,0.3168673046924492,0.3218424906276514,5.601546219597999,0.8132238936610067,1.558298838988133,1.3132799738653744,1,6.233195355952532,0.008484105080241234,0.6444853316978432,0.39923511225408925
84,0.3168160121446538,0.3217328074050373,5.61441032515876,0.8152290439360977,1.5652743620904983,1.3149220811733937,1,6.261097448361993,0.008586323213738117,0.6466319125012777,0.4023478290257542
85,0.31657908613216135,0.321749278013289,5.628929047841065,0.8164006563692779,1.565498079751196,1.3151756524895337,1,6.261992319004784,0.008484105080241234,0.6441786772973526,0.3989992866463374
86,0.3165617839624514,0.3216795004447904,5.641171668457615,0.8181117736637501,1.5732566340848604,1.3162851528701844,1,6.2930265363394415,0.008484105080241234,0.6468363487682715,0.4023361134073826
87,0.3165296513864135,0.321162657843015,5.653142938063542,0.8183256459616022,1.5807468339226367,1.3171539908800387,1,6.322987335690547,0.008484105080241234,0.65082285597465,0.4070272708811477
88,0.31655178720605054,0.32157290271135064,5.667162094808985,0.8194673148511733,1.5795361333407645,1.3184994566357398,1,6.318144533363058,0.008484105080241234,0.6466319125012777,0.4023218283541075
89,0.3165428638218135,0.3214444388607349,5.679395564527811,0.8202580081453865,1.5834041723146681,1.3211067356124462,1,6.3336166892586725,0.008484105080241234,0.6474496575692528,0.40337506442733556
90,0.31639689276726435,0.32085143290438073,5.691749594570402,0.8212025246336078,1.5873799728201103,1.3202211837385316,1,6.349519891280441,0.008484105080241234,0.6479607482367372,0.4037722854285959
91,0.31638762890797784,0.32102316504049055,5.701964102931958,0.8216569626003558,1.5971103481966245,1.322171465948975,1,6.388441392786498,0.008484105080241234,0.6517428191761219,0.4080349049072186
92,0.3159482663227598,0.32128778117153356,5.7168969632970885,0.8212557724948337,1.589895262086292,1.3214948851196637,1,6.359581048345168,0.008381886946744353,0.6440764591638557,0.3988156917720507
93,0.3161983405127274,0.321289362922671,5.730066928125993,0.8236076832395164,1.5884460129499256,1.3221596205318429,1,6.353784051799702,0.008177450679750588,0.6435653684963712,0.3984093673467339
94,0.31626824771016726,0.3208388629278377,5.738945204253427,0.8250229470019058,1.6019805174615138,1.3244213973265788,1,6.407922069846055,0.008381886946744353,0.6506184197076561,0.40696795009696474
95,0.31613758575925366,0.3212600121542308,5.751631322288026,0.826342186203665,1.6003571635553824,1.326310784583172,1,6.4014286542215295,0.008381886946744353,0.6441786772973526,0.3989145576635718
96,0.31589080100519634,0.32120743377397054,5.764405645734177,0.8284666034474029,1.5976962509654742,1.3259647751814079,1,6.390785003861897,0.008177450679750588,0.6435653684963712,0.3984668472274527
97,0.31614048220626595,0.3206935849241951,5.773150469573996,0.8298179810641251,1.6097085524061001,1.3278170731330798,1,6.4388342096244005,0.008381886946744353,0.649800674639681,0.40623054227110816
98,0.3161221847336728,0.32102635232147253,5.785784572438363,0.8316254371814347,1.606048584173646,1.3291296889407014,1,6.424194336694584,0.008177450679750588,0.6438720228968619,0.39853593102649637
99,0.31596466785573263,0.3205569226454798,5.795288314813235,0.831696603327083,1.6139291860051568,1.3304621115929631,1,6.455716744020627,0.008381886946744353,0.6470407850352653,0.4028463769295506
100,0.3157322883632439,0.3209017805104929,5.807742589609875,0.8304483022056892,1.6101034099379605,1.331314228457621,1,6.440413639751842,0.008075232546253705,0.643769804763365,0.3986332263393887
101,0.31579172013542034,0.3205362996916042,5.816474141656407,0.8300528232855179,1.6202323636831004,1.333386465203114,1,6.480929454732402,0.008381886946744353,0.6471430031687622,0.402998464455876
102,0.3159640881695371,0.32041175014351564,5.8264063155016945,0.8301856853606712,1.6249525829814337,1.3340501148361554,1,6.499810331925735,0.008381886946744353,0.6502095471736686,0.40671354708209534
103,0.3157599379087284,0.32086370017081806,5.838550610939535,0.8333224502123089,1.619428078641418,1.3356661859460655,1,6.477712314565672,0.008075232546253705,0.6438720228968619,0.398583691391893
104,0.31568231942398517,0.3217220599465911,5.850659800931504,0.8360881548452203,1.613994626196154,1.3371090428849217,1,6.455978504784616,0.008075232546253705,0.637636716753552,0.3919698910977194
105,0.31601000495987164,0.32090409187224533,5.85751889833509,0.8394881706516653,1.6262419427710146,1.3392861570158836,1,6.5049677710840585,0.008075232546253705,0.6439742410303588,0.3985687435572248
106,0.3157413658698235,0.3204355265015225,5.866228855246253,0.8390307680003162,1.632533051242564,1.341173146089209,1,6.530132204970256,0.008381886946744353,0.6462230399672902,0.40191632927013765
107,0.31553231682988625,0.3208151379500895,5.8768440932530055,0.8373773421046922,1.6325835132900712,1.3416927598878179,1,6.530334053160285,0.008177450679750588,0.6440764591638557,0.3988289329385028
108,0.3155370198080941,0.32020159677842364,5.886274428903777,0.8364228802317001,1.635047336971481,1.3421000277611899,1,6.540189347885924,0.008177450679750588,0.6443831135643463,0.399128574931232
109,0.31551007653516494,0.3201688978632118,5.8947993202168325,0.8361461755045075,1.6406693260715326,1.3418880361883678,1,6.56267730428613,0.008177450679750588,0.6475518757027496,0.40352814630635275
110,0.31551728093454245,0.3201411025498327,5.904570743214619,0.8383720901338021,1.639580830989969,1.342696567353806,1,6.558323323959876,0.008177450679750588,0.6442808954308494,0.3992123220638955
111,0.3158548896916886,0.32066304102030546,5.913867455197634,0.8412378171914557,1.6381830181721082,1.3463273100061588,1,6.552732072688433,0.008075232546253705,0.6435653684963712,0.39869677475663134
112,0.3155092549509066,0.3203221300061998,5.920103324166939,0.8425969782261753,1.651092284586734,1.3465824050222774,1,6.604369138346936,0.008381886946744353,0.6504139834406624,0.4069191151497521
113,0.31556763409873295,0.32034803008053486,5.928468893747437,0.8409556702585161,1.6543127756939464,1.3489058032445902,1,6.617251102775786,0.008381886946744353,0.6504139834406624,0.40684383548431874
114,0.3153564301991714,0.3206426805788247,5.939744773290871,0.8418980120309508,1.6456574558906725,1.3488643777640357,1,6.58262982356269,0.008075232546253705,0.6433609322293775,0.39854680006868515
115,0.3155174669613794,0.32066670308597767,5.947824660805619,0.8440176089611191,1.6485743795669252,1.3497612067520621,1,6.594297518267701,0.008075232546253705,0.6436675866298681,0.3986423262481072
116,0.31533109533432363,0.32064839580488524,5.9581977892899785,0.8442954826095665,1.643097619894164,1.3497482559043006,1,6.572390479576656,0.007973014412756822,0.639476643156496,0.39441132740924784
117,0.3153137501903778,0.3201662798776669,5.962273449869016,0.8464494363406351,1.660493901367736,1.349786387331249,1,6.641975605470944,0.008177450679750588,0.6505162015741592,0.4070539224223434
118,0.3152381485289361,0.3200902834610214,5.970841217529052,0.8458381649393167,1.661600609983246,1.3493467115166082,1,6.646402439932984,0.008177450679750588,0.6496984565061842,0.40642326049417676
119,0.31527797807164726,0.3200195655306944,5.979031397336189,0.8452452368816863,1.6624191314021814,1.3512698518285464,1,6.649676525608726,0.008177450679750588,0.6470407850352653,0.4032984718688479
120,0.3152713248835768,0.3200291609009942,5.986677293760029,0.8495016931959277,1.6646194766011337,1.3509148607510857,1,6.658477906404535,0.008177450679750588,0.6471430031687622,0.40328485593643537
121,0.31506214216788075,0.32121084046217074,5.999644625959365,0.8503505432067259,1.6462153537212643,1.3512032316763942,1,6.584861414885057,0.007768578145763059,0.6364100991515895,0.39138828590176566
122,0.31558065837416244,0.320037708714113,6.0023860760327965,0.8498507827242973,1.6657105838081148,1.3561044227735866,1,6.662842335232459,0.008177450679750588,0.6439742410303588,0.3990697378376633
123,0.315081257194639,0.3212428041500111,6.0137751959806085,0.8473392957601164,1.652577024669442,1.356570850504165,1,6.610308098677768,0.007768578145763059,0.6367167535520801,0.391330569224759
124,0.3153693664234555,0.32054757735035017,6.017980355303617,0.8490839139332793,1.6667496271780198,1.3568869405515191,1,6.666998508712079,0.007973014412756822,0.6430542778288868,0.39803985759469207
125,0.31522581202222605,0.31983638791213387,6.024331276072608,0.8498521061084483,1.6721333342639344,1.357633984784595,1,6.688533337055738,0.008075232546253705,0.6442808954308494,0.39935673712340153
126,0.31509931751699155,0.32030069390076676,6.03416700772475,0.8488358933503797,1.664972788458266,1.3569322077894435,1,6.659891153833064,0.007973014412756822,0.6416232239599305,0.3969238000013167
127,0.31512727311464994,0.32037378183243564,6.039968762378871,0.8477566356180444,1.672576466474941,1.3579244922221376,1,6.690305865899764,0.007973014412756822,0.6429520596953899,0.398271505504295
128,0.3150153097980777,0.3198026446593465,6.047271066964481,0.8460411995422461,1.675344455811736,1.3570693546132393,1,6.701377823246944,0.008075232546253705,0.6432587140958806,0.3986525612088611
129,0.3153047612914623,0.31985755778309805,6.053787574695372,0.8483773940630744,1.6779770576728348,1.3580152111213815,1,6.711908230691339,0.008075232546253705,0.6433609322293775,0.3985665771387886
130,0.3150499984519851,0.319206513092729,6.058549215219887,0.8486564286168956,1.689055451096235,1.3566132841287377,1,6.75622180438494,0.008075232546253705,0.6510272922416437,0.4078623441258166
131,0.31505088223294697,0.31989896260660533,6.066522762060507,0.8485845776390677,1.6870665705603218,1.3566111977696484,1,6.748266282241287,0.008075232546253705,0.649800674639681,0.40667100129521655
132,0.314790193554003,0.32021622219626433,6.075449850957578,0.8491277787042864,1.6802799649559204,1.3579473415829153,1,6.721119859823681,0.007973014412756822,0.6423387508944086,0.3977469337790085
133,0.31483602618553536,0.3202539766204567,6.082627779513873,0.848193478706028,1.680446970144865,1.3574379433786032,1,6.72178788057946,0.007973014412756822,0.6417254420934274,0.39714906040428416
134,0.3149440750408856,0.3197933961030961,6.0870112879622615,0.8492074884257568,1.6905572471066588,1.359008299095164,1,6.762228988426635,0.008075232546253705,0.6484718389042216,0.40533567793641184
135,0.314862529643107,0.319606404691836,6.094265484392304,0.850460989868823,1.6889714448554383,1.3597255954661955,1,6.755885779421753,0.008075232546253705,0.6436675866298681,0.3992624677071084
136,0.31464662699223944,0.3200882108136197,6.103571900782799,0.8525445584314646,1.6794989913170832,1.359890453833494,1,6.717995965268333,0.007666360012266176,0.6387611162220178,0.3937025075226303
137,0.31459156550911904,0.32014155604798644,6.109004871151596,0.8546754508963922,1.6837859360224203,1.360438102218241,1,6.735143744089681,0.007666360012266176,0.6415210058264336,0.39688593152872204
138,0.31489671857828766,0.3201690615037436,6.114601706335279,0.8557772631717819,1.6872586655711421,1.3613174503195566,1,6.7490346622845685,0.007973014412756822,0.6414187876929367,0.39702099173021654
139,0.3149030423594677,0.3194956224735458,6.1191914246684345,0.856184743182841,1.6940927121641165,1.3622247355664847,1,6.776370848656466,0.007973014412756822,0.6434631503628744,0.398961293903543
140,0.3148222935841486,0.3201198889709312,6.127091839529095,0.8551536528675268,1.6889240513629797,1.3630489177112595,1,6.755696205451919,0.007666360012266176,0.6415210058264336,0.3968931327306966
141,0.31499463495784175,0.3199218104079908,6.129236281575749,0.8555626994353766,1.7054691215411382,1.3633962518234675,1,6.821876486164553,0.008075232546253705,0.649800674639681,0.4066204095993346
142,0.31472182253388287,0.31888469482065807,6.134828166814986,0.856586947566766,1.7084556709686343,1.363171966014124,1,6.833822683874537,0.008075232546253705,0.6510272922416437,0.40810362452461824
143,0.3144933457615091,0.320163152672438,6.1446191158249475,0.8547020825015149,1.696144846607059,1.3628113445602434,1,6.784579386428236,0.007870796279259941,0.6414187876929367,0.39686473826909163
144,0.31479944242634816,0.319999213917872,6.151662127529375,0.8556557030661734,1.6914816347445232,1.363838989510015,1,6.765926538978093,0.007461923745272411,0.6382500255545334,0.39306952888351876
145,0.3147780885366683,0.31958673087189726,6.154004110247559,0.8539865930858365,1.7053476920628643,1.366445601949445,1,6.821390768251457,0.007973014412756822,0.6449964223653276,0.40137730367704366
146,0.31451774650378206,0.3194222777579419,6.160411576634366,0.8539529204293453,1.7045155995760057,1.366043167891121,1,6.818062398304023,0.007870796279259941,0.6431564959623838,0.39864778014963176
147,0.31460627847292544,0.31968350542088925,6.16484882064376,0.8548357015832155,1.7106582020044658,1.3660021603293606,1,6.842632808017863,0.007973014412756822,0.6480629663702341,0.40525338590147597
148,0.3145588975825419,0.32013246639160603,6.172619729014144,0.8563049682622532,1.7033583333001974,1.3653520987380219,1,6.8134333332007895,0.007666360012266176,0.6415210058264336,0.39678560694106396
149,0.314878936768077,0.31891039954541717,6.174145968796469,0.8565022483208166,1.7195037752287206,1.3685857814940374,1,6.878015100914882,0.008075232546253705,0.6505162015741592,0.40765176708222883
150,0.31463668297128544,0.3193401612698,6.182366872080953,0.8590352915262934,1.7089805134817129,1.368331453774381,1,6.8359220539268515,0.007870796279259941,0.6426454052948993,0.39800450563726086
151,0.3145516868911647,0.3199599375848286,6.1896836178375345,0.8592462695308001,1.7017074805152073,1.369302260473227,1,6.806829922060829,0.007461923745272411,0.6378411530205459,0.3929597768833379
152,0.3147269915835132,0.3193184072950685,6.192910773789321,0.8597553496891298,1.7114312467017225,1.3699067677302432,1,6.84572498680689,0.007870796279259941,0.6424409690279056,0.3977350605645399
153,0.3143674589497516,0.31944054861306515,6.1987369298578425,0.8580559066194835,1.711534860268145,1.36980120637672,1,6.84613944107258,0.007768578145763059,0.6419298783604211,0.3972855843838192
154,0.31456570506603904,0.31997079270794593,6.2049614571210245,0.8606447874081792,1.7073609216500663,1.3700910825590258,1,6.829443686600265,0.007461923745272411,0.6408054788919554,0.39629988540381506
155,0.3146453432752538,0.3199592223291602,6.210068641990194,0.8601245416778971,1.7084004490204086,1.3719330414909154,1,6.833601796081634,0.007461923745272411,0.6399877338239803,0.39524160478276066
156,0.3146472708681103,0.32001160991979444,6.214291652530054,0.8614771429397666,1.7118533329666443,1.372583711612652,1,6.847413331866577,0.007461923745272411,0.6410099151589492,0.39627425742663935
157,0.3146004364715072,0.31983328115828896,6.220926837980874,0.8631069573844257,1.7068675779907574,1.3734986017771413,1,6.82747031196303,0.007359705611775529,0.6362056628845957,0.39123706794099683
158,0.3148636616436369,0.31938584582144397,6.2225269044925415,0.8644989213862656,1.720390494270232,1.3760088391131504,1,6.881561977080928,0.007870796279259941,0.6426454052948993,0.3979836147401173
159,0.31462745801798364,0.3199787451401902,6.228957563648068,0.8653461746259624,1.7145715568928546,1.375605118410621,1,6.858286227571418,0.007461923745272411,0.6409076970254524,0.3963885305304545
160,0.3146728092203248,0.3193129558838866,6.232108039910865,0.863316943950783,1.721773300757949,1.377023292834661,1,6.887093203031796,0.007768578145763059,0.6423387508944086,0.3976369709264222
161,0.3146369072959333,0.3188834430594971,6.233680365301302,0.8637204985575037,1.7346727720104964,1.3765204826892894,1,6.938691088041986,0.007973014412756822,0.6506184197076561,0.40782659301941543
162,0.31450983901583046,0.31991942082765445,6.243228566913697,0.8642848528616218,1.7165791477615158,1.376208784089263,1,6.866316591046063,0.007359705611775529,0.6388633343555147,0.39440816530066525
163,0.3146509374777061,0.31944546334051677,6.245070958799302,0.8629282114524555,1.7279944522140867,1.3779876937782232,1,6.911977808856347,0.007768578145763059,0.6428498415618931,0.3980507941480909
164,0.3143242087415097,0.3199952590220854,6.253458216620691,0.8624048028519309,1.7143186729766908,1.3770620151032593,1,6.857274691906763,0.007257487478278647,0.6357967903506082,0.3907968531053853
165,0.31456295852549526,0.31981278935122426,6.257584984728626,0.8634604137907373,1.7174657145283672,1.3770993844870307,1,6.869862858113469,0.007359705611775529,0.6362056628845957,0.3912354861553986
166,0.3146442772722527,0.3195636806575656,6.257869295865639,0.8646323210653178,1.7336160220368726,1.3782453040262173,1,6.93446408814749,0.007870796279259941,0.6449964223653276,0.4013526284560996
167,0.31465818181696126,0.3192489186446619,6.263585687638565,0.8653477820936296,1.7295307933827082,1.3780497428948406,1,6.918123173530833,0.007564141878769293,0.6423387508944086,0.3976109642869103
168,0.3144255894373784,0.3192104161406412,6.267904587497117,0.8682839917530479,1.7299329572179833,1.3774123725495018,1,6.919731828871933,0.007461923745272411,0.6424409690279056,0.3976812814288937
169,0.3145127161845819,0.3200983308195329,6.272484751644564,0.867502922699042,1.7293865327158833,1.3790020788637118,1,6.917546130863533,0.007461923745272411,0.6411121332924461,0.39650612062437113
170,0.31460305501973335,0.3193821592591368,6.271472046551166,0.867341294243451,1.7513621440942995,1.3795457506324853,1,7.005448576377198,0.008075232546253705,0.6519472554431156,0.4094620443457705
171,0.31455685360917923,0.31880037887877677,6.277846512778867,0.8667205815142972,1.7453820874613097,1.3800088763330887,1,6.981528349845239,0.007973014412756822,0.6503117653071655,0.4078748103952079
172,0.314321303594391,0.3196472367013626,6.283075836430868,0.8665452719579013,1.7423083423209587,1.3809521159328493,1,6.969233369283835,0.007870796279259941,0.6483696207707247,0.4054247913335896
173,0.314718044667678,0.31981807768875425,6.286233009826397,0.8685873333189512,1.745444883018019,1.3826969443217372,1,6.981779532072076,0.007973014412756822,0.6485740570377185,0.40567793278210007
174,0.3142880121965431,0.31938160570587737,6.292992648844255,0.8683841054951233,1.735599200634586,1.3833001831160532,1,6.942396802538344,0.007461923745272411,0.6416232239599305,0.3970386723380565
175,0.31452597735661175,0.319538435073311,6.295239098376217,0.8694329931164361,1.7433946033620789,1.3816789885483014,1,6.973578413448315,0.007768578145763059,0.6433609322293775,0.3987565548852786
176,0.31431330690790216,0.31985848808227896,6.302244170901341,0.8698395287216503,1.7321038592051399,1.3812198098890351,1,6.9284154368205595,0.007359705611775529,0.6399877338239803,0.39560668119249787
177,0.31440705805128105,0.31925659256243577,6.304093598912861,0.8696950725717026,1.7406468734061953,1.3827424202213352,1,6.962587493624781,0.007461923745272411,0.6422365327609117,0.3974779590896067
178,0.3144491237243796,0.319310709371174,6.30860168679277,0.8691136014466383,1.7385890216779007,1.3835784123806518,1,6.954356086711603,0.007359705611775529,0.6417254420934274,0.3971891537824696
179,0.31444929139891564,0.31998962723929136,6.3125407899715515,0.8694804428998666,1.7378733722739386,1.3843029150378916,1,6.951493489095754,0.007359705611775529,0.6410099151589492,0.39646760397846637
180,0.3145775685180479,0.3191746914803256,6.315158352741348,0.8699993249343109,1.7418831825417163,1.3851250460932538,1,6.967532730166865,0.007461923745272411,0.6419298783604211,0.39750058701780516
181,0.3144957210062243,0.31928872824863985,6.317914481740555,0.870562209708916,1.7447564004297957,1.3863569818856298,1,6.979025601719183,0.007461923745272411,0.6422365327609117,0.39745302028383406
182,0.31445446816868744,0.3192036680609438,6.321974873241961,0.8727305542150533,1.744163577869877,1.3859640589350128,1,6.976654311479508,0.007461923745272411,0.6419298783604211,0.39745709722944866
183,0.31462482432385724,0.31872672435255905,6.322654297892181,0.8723041435256994,1.7556571167080945,1.3879505034500124,1,7.022628466832378,0.007973014412756822,0.6491873658386997,0.4065041106275109
184,0.31440384932948323,0.3195026146915465,6.3275455925199795,0.8728359924239535,1.7513091079329297,1.3875338584141355,1,7.005236431731719,0.007768578145763059,0.6430542778288868,0.3983873662441189
185,0.3142480881636886,0.3200072216344289,6.3331124926096285,0.8729304275302358,1.7433790074536235,1.3880393963226567,1,6.973516029814494,0.007359705611775529,0.6410099151589492,0.396483462496052
186,0.3142872543382298,0.32004338714133157,6.336354668436681,0.8724032185659368,1.7451108565120979,1.387521101307491,1,6.980443426048391,0.007359705611775529,0.6410099151589492,0.39641954743855945
187,0.3144056501923284,0.32004734663091494,6.339535319645623,0.8723685865768049,1.7459247565265892,1.3887713014675833,1,6.983699026106357,0.007359705611775529,0.6410099151589492,0.39642454529247945
188,0.3144957810855084,0.3194840371144109,6.340802125325544,0.8712391482880808,1.7545907784964436,1.390086394599844,1,7.0183631139857745,0.007768578145763059,0.6427476234283962,0.3979601659553897
189,0.31442111849831217,0.3197557032793483,6.347881275919304,0.8736920096525239,1.7405895498217934,1.3886468414707984,1,6.9623581992871735,0.0071552693447817645,0.6363078810180927,0.3912908207183109
190,0.3145306615976789,0.3192822026526236,6.348134294741312,0.8745068959648779,1.752535177783288,1.390873572872962,1,7.010140711133152,0.007461923745272411,0.6421343146274149,0.39751988662791393
191,0.31441698402021223,0.3200013660170134,6.352777393068233,0.8733394585259929,1.7485358174795584,1.3901682475954287,1,6.994143269918234,0.0071552693447817645,0.6411121332924461,0.3963700653178176
192,0.31448346521432546,0.31953980331172777,6.353695607566344,0.8738567894697485,1.7590533353251083,1.3902511343366672,1,7.036213341300433,0.007768578145763059,0.6453030767658182,0.40166701185924464
193,0.314472384487038,0.3196081895142351,6.356635301392757,0.8737493780225467,1.7608950231719156,1.3904782127444548,1,7.043580092687662,0.007768578145763059,0.6479607482367372,0.40501810488425466
194,0.31420309992308754,0.3191442692609664,6.361831386688947,0.8726766980210506,1.7539631216014488,1.3897742789283958,1,7.015852486405795,0.0071552693447817645,0.6421343146274149,0.3974663780614309
195,0.3143339692295007,0.31985280543043054,6.3662430247057635,0.8733207357932526,1.7493080988318597,1.3903966699375876,1,6.997232395327439,0.0071552693447817645,0.6400899519574773,0.39554224110168895
196,0.31425614858084,0.31914675777838963,6.367980743921843,0.8731357747502158,1.7555834000248034,1.390996613549014,1,7.022333600099214,0.0071552693447817645,0.6421343146274149,0.39747640155760516
197,0.31435615992886606,0.31924504003745324,6.370441083892243,0.8734225619216469,1.758008816557482,1.3927702819659344,1,7.032035266229928,0.007257487478278647,0.6422365327609117,0.39762596036266973
198,0.3142359562827278,0.31953685923904046,6.371890247101198,0.8751861289858073,1.7638099771932487,1.3919800645458353,1,7.055239908772995,0.007768578145763059,0.6453030767658182,0.4017134284128799
199,0.3143958750819153,0.31981441135202876,6.377952010892161,0.8747467755320893,1.751655525235338,1.3907567663303928,1,7.006622100941352,0.0071552693447817645,0.6391699887560053,0.39470184568575967
200,0.31459070260476996,0.3195678081531579,6.377165200364673,0.8772811527668626,1.7656529157071945,1.3914103786094028,1,7.062611662828778,0.007768578145763059,0.6483696207707247,0.4055872921624222
