group,variant,best_epoch,best_val_loss,w,b,alpha_used,sel_n_agents,sel_j_star,sel_S_w,sel_manipulating,sel_manipulating_y0,sel_manipulating_y1,sel_expected_improved,sel_expected_improvement_rate,sel_frac_negatives_manipulating,sel_frac_movers_beyond_observed_max,rep_n_agents,rep_j_star,rep_S_w,rep_manipulating,rep_manipulating_y0,rep_manipulating_y1,rep_expected_improved,rep_expected_improvement_rate,rep_frac_negatives_manipulating,rep_frac_movers_beyond_observed_max
learner,default,29,0.5466363822448762,"[0.52126, 0.82194, 1.46473]",1.93958,"{'AGEP': 1.0, 'WKHP': 1.0, 'SCHL': 1.0}",88049,SCHL,1.4647252334891159,30735,10600,20135,4049.328495034958,0.38201212217310926,0.20489426682645842,0.21743940133398407,19567,SCHL,1.4647252334891159,6893,2440,4453,928.3360782143066,0.38046560582553546,0.21197115802276084,0.21427535180618018
learner,"lr=0.001, T=200",200,0.5467195317729068,"[0.51655, 0.81308, 1.4245]",1.87881,"{'AGEP': 1.0, 'WKHP': 1.0, 'SCHL': 1.0}",88049,SCHL,1.424498154408634,30636,10640,19996,4036.860728231338,0.37940420378114076,0.2056674527390111,0.21706489097793447,19567,SCHL,1.424498154408634,6855,2432,4423,922.5657619330791,0.3793444744790621,0.2112761706194075,0.21517140773158278
learner,"lr=0.003, T=100",96,0.546638685464005,"[0.52117, 0.82115, 1.46504]",1.93799,"{'AGEP': 1.0, 'WKHP': 1.0, 'SCHL': 1.0}",88049,SCHL,1.465035641850331,30738,10601,20137,4043.3987280243055,0.3814167274808325,0.20491359647427224,0.2171904483050296,19567,SCHL,1.465035641850331,6894,2440,4454,926.7433883035969,0.3798128640588512,0.21197115802276084,0.21424427038004062
learner,lr=0.03,11,0.5466089127595248,"[0.5131, 0.81714, 1.47051]",1.94898,"{'AGEP': 1.0, 'WKHP': 1.0, 'SCHL': 1.0}",88049,SCHL,1.4705073909865234,30826,10603,20223,4061.037051763261,0.3830083044198115,0.20495225576989987,0.21718679037176408,19567,SCHL,1.4705073909865234,6907,2435,4472,930.0498948278365,0.38195067549397804,0.21153679089566502,0.21384103083828002
learner,lr=0.1,22,0.5466339682531229,"[0.51568, 0.80955, 1.4805]",1.97366,"{'AGEP': 1.0, 'WKHP': 1.0, 'SCHL': 1.0}",88049,SCHL,1.4804960064343098,30852,10551,20301,4057.5198257708307,0.38456258418830735,0.2039471140835814,0.21778166731492285,19567,SCHL,1.4804960064343098,6898,2419,4479,928.0343325491422,0.383643791876454,0.21014681608895838,0.21469991301826616
learner,batch=64,11,0.5459334004199954,"[0.50744, 0.81446, 1.47939]",1.96303,"{'AGEP': 1.0, 'WKHP': 1.0, 'SCHL': 1.0}",88049,SCHL,1.479390828066407,30842,10556,20286,4043.425367895248,0.38304522242281625,0.20404376232265048,0.21798197263471888,19567,SCHL,1.479390828066407,6899,2424,4475,925.2904734979442,0.3817204923671387,0.2105811832160542,0.2153935352949703
learner,"batch=1024, T=100",100,0.5506406977484352,"[0.52021, 0.81909, 1.45444]",1.9202,"{'AGEP': 1.0, 'WKHP': 1.0, 'SCHL': 1.0}",88049,SCHL,1.4544374475750523,30724,10624,20100,4035.5070894938544,0.37984818236952694,0.20535817837399004,0.21735451113136312,19567,SCHL,1.4544374475750523,6889,2444,4445,924.534630052919,0.3782874918383466,0.2123186517244375,0.21454492669473074
learner,T=150,29,0.5466363822448762,"[0.52126, 0.82194, 1.46473]",1.93958,"{'AGEP': 1.0, 'WKHP': 1.0, 'SCHL': 1.0}",88049,SCHL,1.4647252334891159,30735,10600,20135,4049.328495034958,0.38201212217310926,0.20489426682645842,0.21743940133398407,19567,SCHL,1.4647252334891159,6893,2440,4453,928.3360782143066,0.38046560582553546,0.21197115802276084,0.21427535180618018
learner,init=lr,26,0.5466187347231223,"[0.51886, 0.81919, 1.46342]",1.94074,"{'AGEP': 1.0, 'WKHP': 1.0, 'SCHL': 1.0}",88049,SCHL,1.4634205811803704,30763,10606,20157,4064.5532828049145,0.3832314994158886,0.2050102447133413,0.21717647823684297,19567,SCHL,1.4634205811803704,6895,2438,4457,930.6145805157869,0.3817122971762867,0.21179741117192252,0.21406816533720088
learner,delta_g=0.001,29,0.5466363822448762,"[0.52126, 0.82194, 1.46473]",1.93958,"{'AGEP': 1.0, 'WKHP': 1.0, 'SCHL': 1.0}",88049,SCHL,1.4647252334891159,30735,10600,20135,4049.328495034958,0.38201212217310926,0.20489426682645842,0.21743940133398407,19567,SCHL,1.4647252334891159,6893,2440,4453,928.3360782143066,0.38046560582553546,0.21197115802276084,0.21427535180618018
learner,delta_g=0.1,29,0.5466363822448762,"[0.52126, 0.82194, 1.46473]",1.93958,"{'AGEP': 1.0, 'WKHP': 1.0, 'SCHL': 1.0}",88049,SCHL,1.4647252334891159,30735,10600,20135,4049.328495034958,0.38201212217310926,0.20489426682645842,0.21743940133398407,19567,SCHL,1.4647252334891159,6893,2440,4453,928.3360782143066,0.38046560582553546,0.21197115802276084,0.21427535180618018
learner,seed=1,23,0.5466298347862325,"[0.51586, 0.81327, 1.44261]",1.90997,"{'AGEP': 1.0, 'WKHP': 1.0, 'SCHL': 1.0}",88049,SCHL,1.4426083579961708,30732,10595,20137,4040.7062588838794,0.3813785992339669,0.20479761858738935,0.21677730053364572,19567,SCHL,1.4426083579961708,6891,2439,4452,925.8643054839079,0.3796081613300155,0.21188428459734168,0.2139021912639675
learner,seed=2,30,0.5466359728893138,"[0.52159, 0.82223, 1.46447]",1.94517,"{'AGEP': 1.0, 'WKHP': 1.0, 'SCHL': 1.0}",88049,SCHL,1.4644700516498776,30726,10578,20148,4058.0952357249766,0.38363539759169757,0.20446901457455446,0.21714508884983402,19567,SCHL,1.4644700516498776,6887,2435,4452,930.7165889513478,0.3822244718486028,0.21153679089566502,0.2137360243937854
learner,seed=3,25,0.5466176449115104,"[0.52009, 0.8157, 1.45099]",1.92721,"{'AGEP': 1.0, 'WKHP': 1.0, 'SCHL': 1.0}",88049,SCHL,1.450987347626115,30704,10570,20134,4051.247841889593,0.38327794152219424,0.20431437739204392,0.2170401250651381,19567,SCHL,1.450987347626115,6882,2434,4448,929.4785471152564,0.3818728624138276,0.21144991747024586,0.2138913106655042
scaling,standard (default),29,0.5466363822448762,"[0.52126, 0.82194, 1.46473]",1.93958,"{'AGEP': 1.0, 'WKHP': 1.0, 'SCHL': 1.0}",88049,SCHL,1.4647252334891159,30735,10600,20135,4049.328495034958,0.38201212217310926,0.20489426682645842,0.21743940133398407,19567,SCHL,1.4647252334891159,6893,2440,4453,928.3360782143066,0.38046560582553546,0.21197115802276084,0.21427535180618018
scaling,"minmax, alpha=1",50,0.16102438287036483,"[0.3913, 3.6612, 1.26723]",4.6967,"{'AGEP': 1.0, 'WKHP': 1.0, 'SCHL': 1.0}",88049,WKHP,3.6611968700166724,87216,50971,36245,47525.39559091245,0.9324006904104775,0.9852514787180577,0.33242753623188404,19567,WKHP,3.6611968700166724,19369,11332,8037,10550.9541634514,0.9310760821965585,0.9844496568499695,0.3350715060147659
scaling,"minmax, equiv alpha",50,0.6508921479061492,"[2.21131, 2.67768, 2.47633]",4.37756,"{'AGEP': 5.1761, 'WKHP': 7.51819, 'SCHL': 5.8517}",88049,AGEP,0.42721453073115184,18437,6343,12094,1319.4041308772353,0.20800947987974702,0.12260795608304016,0.001355968975429842,19567,AGEP,0.42721453073115184,4159,1443,2716,303.2339309897448,0.21014132431721746,0.12535835287985406,0.000721327242125511
scaling,"minmax, equiv alpha, lr=0.1, T=300",75,0.5465959373013733,"[2.66632, 6.07975, 8.50635]",11.57777,"{'AGEP': 5.1761, 'WKHP': 7.51819, 'SCHL': 5.8517}",88049,SCHL,1.4536551446154975,30707,10514,20193,4044.434968636897,0.3846713875439316,0.20323191711447017,0.21724688181847787,19567,SCHL,1.4536551446154975,6875,2412,4463,924.9100887482608,0.3834618941742375,0.20953870211102424,0.21381818181818182
scaling,"none, alpha=1, lr=1e-4, T=200",198,0.8186155088291782,"[0.00045, 0.00185, 0.00138]",1.08505,"{'AGEP': 1.0, 'WKHP': 1.0, 'SCHL': 1.0}",88049,WKHP,0.0018543066001037362,0,0,0,0.0,,0.0,,19567,WKHP,0.0018543066001037362,0,0,0,0.0,,0.0,
scaling,"none, equiv alpha, lr=1e-4, T=200",198,0.8189901841817607,"[0.00063, 0.001, 0.00152]",1.08313,"{'AGEP': 0.06722, 'WKHP': 0.07672, 'SCHL': 0.25442}",88049,WKHP,0.012969932408130607,0,0,0,0.0,,0.0,,19567,WKHP,0.012969932408130607,0,0,0,0.0,,0.0,
scaling,"none, alpha=1, lr=0.01",1,0.8824093864626562,"[0.0, 0.0, 0.0]",0.66263,"{'AGEP': 1.0, 'WKHP': 1.0, 'SCHL': 1.0}",88049,AGEP,0.0,0,0,0,0.0,,0.0,,19567,AGEP,0.0,0,0,0,0.0,,0.0,
beta,beta=0.25,9,0.5779402047334836,"[0.56376, 0.83751, 1.15426]",0.77307,"{'AGEP': 1.0, 'WKHP': 1.0, 'SCHL': 1.0}",88049,SCHL,0.28856529512996815,7597,3163,4434,252.0318600388663,0.07968127095759289,0.06113967603510264,0.006186652626036593,19567,SCHL,0.28856529512996815,1657,696,961,55.13796373220182,0.07922121225891066,0.06046390409173834,0.0024140012070006035
beta,beta=0.5,18,0.5741843776755956,"[0.55786, 0.84546, 1.2248]",1.11813,"{'AGEP': 1.0, 'WKHP': 1.0, 'SCHL': 1.0}",88049,SCHL,0.6123997560158415,15282,5786,9496,1007.6318914330634,0.17414999851936802,0.11184134225074419,0.01230205470488156,19567,SCHL,0.6123997560158415,3353,1300,2053,220.28796656116964,0.16945228197013049,0.11293545304491356,0.007456009543692216
beta,beta=1 (default),29,0.5466363822448762,"[0.52126, 0.82194, 1.46473]",1.93958,"{'AGEP': 1.0, 'WKHP': 1.0, 'SCHL': 1.0}",88049,SCHL,1.4647252334891159,30735,10600,20135,4049.328495034958,0.38201212217310926,0.20489426682645842,0.21743940133398407,19567,SCHL,1.4647252334891159,6893,2440,4453,928.3360782143066,0.38046560582553546,0.21197115802276084,0.21427535180618018
beta,beta=2,49,0.4288944840257968,"[0.56735, 0.80336, 1.85909]",3.82332,"{'AGEP': 1.0, 'WKHP': 1.0, 'SCHL': 1.0}",88049,SCHL,3.7181875366633776,47197,17328,29869,12311.87388894201,0.7105190379121659,0.3349441373178181,0.8700976756997266,19567,SCHL,3.7181875366633776,10502,3917,6585,2781.240095919181,0.7100434250495739,0.34028320736686646,0.8730717958484099
beta,beta=4,50,0.25658026924880367,"[0.35226, 0.60121, 1.46995]",4.37022,"{'AGEP': 1.0, 'WKHP': 1.0, 'SCHL': 1.0}",88049,SCHL,5.87981244595553,75780,40248,35532,36524.532836364524,0.9074869021159939,0.7779796652104999,0.9962787015043547,19567,SCHL,5.87981244595553,16732,8864,7868,8046.9037456493825,0.9078185633629718,0.7700460429154722,0.9964140568969639
beta,beta=8,50,0.04500951118554924,"[0.18279, 0.20292, 0.70591]",3.44795,"{'AGEP': 1.0, 'WKHP': 1.0, 'SCHL': 1.0}",88049,SCHL,5.647284637492875,86197,50088,36109,49563.45572327976,0.9895275459846622,0.9681833996984575,1.0,19567,SCHL,5.647284637492875,19119,11116,8003,11000.866888893252,0.9896425772663955,0.9656849969594301,1.0
alpha,"alpha=(1,1,1) (default)",29,0.5466363822448762,"[0.52126, 0.82194, 1.46473]",1.93958,"{'AGEP': 1.0, 'WKHP': 1.0, 'SCHL': 1.0}",88049,SCHL,1.4647252334891159,30735,10600,20135,4049.328495034958,0.38201212217310926,0.20489426682645842,0.21743940133398407,19567,SCHL,1.4647252334891159,6893,2440,4453,928.3360782143066,0.38046560582553546,0.21197115802276084,0.21427535180618018
alpha,SCHL cheap (0.5),49,0.4288904455293923,"[0.56681, 0.80262, 1.85882]",3.82211,"{'AGEP': 1.0, 'WKHP': 1.0, 'SCHL': 0.5}",88049,SCHL,3.717643992671946,47215,17343,29872,12321.290041658485,0.7104474451743347,0.3352340820350253,0.8702107381128878,19567,SCHL,3.717643992671946,10505,3919,6586,2782.4344798829347,0.7099858330908229,0.3404569542177048,0.873108043788672
alpha,SCHL costly (2),19,0.5646633184304064,"[0.56641, 0.95883, 1.18697]",1.44259,"{'AGEP': 1.0, 'WKHP': 1.0, 'SCHL': 2.0}",88049,WKHP,0.9588306989730967,21792,7591,14201,2095.513754904512,0.2760523982221726,0.14673135655468358,0.0,19567,WKHP,0.9588306989730967,4923,1743,3180,480.47012707062174,0.2756569862711542,0.15142038050560333,0.0
alpha,SCHL costly (4),19,0.5646638444477182,"[0.56647, 0.95878, 1.18701]",1.44267,"{'AGEP': 1.0, 'WKHP': 1.0, 'SCHL': 4.0}",88049,WKHP,0.9587821450892989,21792,7591,14201,2095.8018344421944,0.27609034836545837,0.14673135655468358,0.0,19567,WKHP,0.9587821450892989,4923,1743,3180,480.5358510812266,0.27569469367827115,0.15142038050560333,0.0
alpha,WKHP cheap (0.5),43,0.49833232888417417,"[0.54569, 1.26195, 1.30163]",2.76337,"{'AGEP': 1.0, 'WKHP': 0.5, 'SCHL': 1.0}",88049,WKHP,2.523897416685661,39965,13864,26101,7978.81083283814,0.5755056861539339,0.26798623729075655,0.000175153259101714,19567,WKHP,2.523897416685661,8903,3167,5736,1821.757165041185,0.5752311856776713,0.2751281383024933,0.0
alpha,AGEP immutable,29,0.5466363822448762,"[0.52126, 0.82194, 1.46473]",1.93958,"{'AGEP': 1000000.0, 'WKHP': 1.0, 'SCHL': 1.0}",88049,SCHL,1.4647252334891159,30735,10600,20135,4049.328495034958,0.38201212217310926,0.20489426682645842,0.21743940133398407,19567,SCHL,1.4647252334891159,6893,2440,4453,928.3360782143066,0.38046560582553546,0.21197115802276084,0.21427535180618018
