epoch,train_loss,val_loss,b,w_age,w_hours-per-week,w_educational-num,j_star,S,val_frac_positive,val_frac_moved,val_mean_pi_y0
1,0.6259241535126795,0.5202217474340698,1.7930988128208227,0.5888379192130194,0.26942406800930224,0.5448849377854723,2,1.0897698755709446,0.019656019656019656,0.10892710892710893,0.03438245830213611
2,0.5079924640156008,0.4932121461770255,1.8843168851875591,0.5134336145726534,0.22282755040032007,0.4527966203505385,2,0.905593240701077,0.004095004095004095,0.0343980343980344,0.009446493299335118
3,0.4933218210658261,0.4851015881208053,1.9263760071255704,0.4402843774573846,0.21563062531063512,0.432048302740793,2,0.864096605481586,0.0020475020475020475,0.013923013923013924,0.00578879117612374
4,0.4879733338651665,0.48198049441956303,1.951858511762939,0.3815135311906136,0.21200966963244433,0.4244627453458454,2,0.8489254906916908,0.0004095004095004095,0.0045045045045045045,0.0014334690851133154
5,0.48489418828922815,0.4796503744194792,1.9654657442066823,0.3384542333199732,0.2124229944896845,0.42519762724250404,2,0.8503952544850081,0.0004095004095004095,0.003276003276003276,0.0010885649061869826
6,0.4832639600007683,0.477664384679341,1.9707869888060827,0.30811187421927577,0.22083318635396776,0.4271674241005651,1,0.883332745415871,0.0,0.027436527436527438,0.006724915885527533
7,0.48292971521188177,0.47812942245689394,1.9772355469703167,0.28816387970778806,0.21145665625783863,0.4265233124760107,2,0.8530466249520214,0.0,0.0020475020475020475,0.00047154383574407203
8,0.48208720095681096,0.47725899781481873,1.980176367055686,0.27659610123840705,0.21668207183703445,0.4229935749764242,1,0.8667282873481378,0.0,0.020065520065520065,0.004761717045518654
9,0.4816901022770235,0.47736736587974055,1.9830076445701785,0.2692087082731869,0.21374501913658805,0.4249571463594947,1,0.8549800765463522,0.0,0.018427518427518427,0.0039311421473464106
10,0.48202362913927166,0.47776123151629735,1.9840173974622382,0.264435630361551,0.2115957737139277,0.42764060321708663,2,0.8552812064341733,0.0,0.001638001638001638,0.0005187000201390478
11,0.4821433884275874,0.47744534496099356,1.981926069671289,0.2603115742984557,0.22715336674512757,0.4237511066187504,1,0.9086134669805103,0.0,0.021703521703521703,0.005176326829562789
12,0.48163349862619176,0.4771948295607989,1.9849831750768119,0.25860576733090085,0.22193176878450804,0.4235948350677213,1,0.8877270751380322,0.0,0.020475020475020474,0.0047944998822772086
13,0.48153022038707366,0.47740253152952816,1.9892261889966598,0.25545214324651394,0.2149395773847515,0.4219559380078267,1,0.859758309539006,0.0,0.015561015561015561,0.0030658446372814163
14,0.48172289009888286,0.4773166427254508,1.9905320404536764,0.25385782470719437,0.2176879140471442,0.4213120537409435,1,0.8707516561885768,0.0,0.01678951678951679,0.0030559676530531868
15,0.4817526129227469,0.4773045204606631,1.9893862733215886,0.2542008809578031,0.22212081317400328,0.42189227642639854,1,0.8884832526960131,0.0,0.018427518427518427,0.003478642423510497
16,0.4816160109050459,0.47730432032051356,1.9917958760986987,0.25331216653819444,0.21828728267337572,0.4214672941853592,1,0.8731491306935029,0.0,0.01678951678951679,0.0030551592679384986
17,0.48161648024691794,0.47732720058048655,1.9911684205195588,0.25412352666258725,0.22663326816249793,0.4211173239111513,1,0.9065330726499917,0.0,0.020475020475020474,0.0043299570148053025
18,0.48167045851524526,0.4773646069494283,1.9923793956677038,0.2538597651275866,0.2273669721285728,0.42017866641970303,1,0.9094678885142912,0.0,0.020475020475020474,0.004330705542934304
19,0.4816868661862227,0.47773830381586724,1.9925515861665128,0.2541623217923467,0.23284489812512293,0.4205954669030848,1,0.9313795925004917,0.0,0.02252252252252252,0.0051871302156842975
20,0.48154477600367596,0.4773214956882274,1.996153804584283,0.2526579940068903,0.22368714586809077,0.42026652193962094,1,0.8947485834723631,0.0,0.018427518427518427,0.003490395629380713
21,0.48161938150306394,0.4773383050180803,1.998513901011487,0.2521141497582057,0.2197401154783734,0.41914318882086005,1,0.8789604619134936,0.0,0.01597051597051597,0.0030675655887848537
22,0.48168923076592207,0.47768300530651964,1.9966989163821605,0.2529715921578725,0.2328688055902299,0.4186018975922958,1,0.9314752223609196,0.0,0.021294021294021293,0.004752608139990096
23,0.48182891242431886,0.4773650517675495,1.9998263899961304,0.2517095521565518,0.22559167461463372,0.41855225922545436,1,0.9023666984585349,0.0,0.018427518427518427,0.0034918675946284203
24,0.4815786287180603,0.4773708544422438,2.000953815142706,0.2523677625109147,0.2257153303276359,0.4181044533332173,1,0.9028613213105436,0.0,0.018427518427518427,0.003492701636268212
25,0.4815441194442524,0.4773459509621917,2.003109198460714,0.25256082283737585,0.22160382084411487,0.41761763054035034,1,0.8864152833764595,0.0,0.01597051597051597,0.0030665507800107347
26,0.48165245175989074,0.4773589071369537,2.0036778015036374,0.25320353743608043,0.22379254747606103,0.4171185610290315,1,0.8951701899042441,0.0,0.01678951678951679,0.003052902461403519
27,0.48171253956883503,0.4774618963652137,2.0037243553005917,0.2526733692242755,0.22816351693873155,0.41684940004886817,1,0.9126540677549262,0.0,0.018427518427518427,0.0034830872031908493
28,0.4815911974235503,0.4773870572819325,2.0065601866730995,0.2521399131769393,0.22097283855569486,0.41709757548280174,1,0.8838913542227794,0.0,0.015151515151515152,0.003079218077283422
29,0.48161401369022183,0.4773505385131635,2.007047463657179,0.2529431283220185,0.2237129916438031,0.41704912575103326,1,0.8948519665752124,0.0,0.01638001638001638,0.0030600883676631624
30,0.48166485320843305,0.4773735917250823,2.008581875778512,0.25208272989765845,0.22196842679981518,0.4168069465769176,1,0.8878737071992607,0.0,0.015151515151515152,0.0030771107060751594
31,0.4816216132558559,0.47742290134331233,2.0083443174910145,0.2529033860899256,0.2277390035607748,0.4156640173827591,1,0.9109560142430992,0.0,0.018018018018018018,0.003498451500322238
32,0.48161219574824515,0.47741230716893907,2.0093460466513093,0.2525550754223907,0.22784399302733283,0.41589320567585375,1,0.9113759721093313,0.0,0.01760851760851761,0.0034998204034028865
33,0.48159297573722154,0.47736284931583056,2.0112006004180403,0.25156535245700196,0.22441428797196197,0.41600362460091905,1,0.8976571518878479,0.0,0.01597051597051597,0.0030693105941209152
34,0.4816678703875272,0.4773628859648576,2.0123174839982276,0.25121736983784293,0.22404488879374967,0.4159970681644499,1,0.8961795551749987,0.0,0.01597051597051597,0.0030745046356712717
35,0.48162813481967437,0.4774372531408946,2.012012834092893,0.2519942759856729,0.22923442685548584,0.4159465903029018,1,0.9169377074219434,0.0,0.018427518427518427,0.0034960330601445334
36,0.48171810288372013,0.47737851194590153,2.0135129365197613,0.25219070507408836,0.22679232583530065,0.41597765430072653,1,0.9071693033412026,0.0,0.01678951678951679,0.0030561725474324442
37,0.4815769551110497,0.47737507714145844,2.014979613802441,0.25195515872682006,0.2245759914132025,0.4153359924547487,1,0.89830396565281,0.0,0.01597051597051597,0.0030755337873364175
38,0.4817953525485222,0.4775196432446863,2.01437142003968,0.25253376892796636,0.23132911668587886,0.4149950806209079,1,0.9253164667435154,0.0,0.018427518427518427,0.0034866743572100245
39,0.4816040153728243,0.4774664090909864,2.015660865146615,0.25298273431686497,0.23019600176898602,0.41467359148685173,1,0.9207840070759441,0.0,0.018018018018018018,0.003497231939593835
40,0.4816125278763095,0.4773873420574682,2.0171582636085033,0.25306496144263946,0.2278273946804478,0.4157001220427434,1,0.9113095787217912,0.0,0.01678951678951679,0.0030541326680496275
41,0.4818098707039169,0.47746396437193306,2.0166347239670737,0.25352535017108196,0.23358472990327464,0.4157760851192334,1,0.9343389196130986,0.0,0.019656019656019656,0.0043489717617485385
42,0.4817388272608973,0.47746402612890043,2.020030068622401,0.2534114431439513,0.22251948968873897,0.41568463525573285,1,0.8900779587549559,0.0,0.013923013923013924,0.002630676437509086
43,0.4817520229272467,0.4773890638009403,2.0194241574285465,0.25387870621024305,0.22861827176635827,0.41548879768484365,1,0.9144730870654331,0.0,0.0171990171990172,0.0035106278207795052
44,0.4816122742946726,0.4773641001532033,2.020927871974316,0.2541947555581223,0.22650068774561555,0.4161181666415451,1,0.9060027509824622,0.0,0.01597051597051597,0.0030648134681239324
45,0.4814517190006173,0.4775374034364943,2.023130029961746,0.2539614291759734,0.2215468794321815,0.4163304084818648,1,0.886187517728726,0.0,0.013513513513513514,0.002637603512807095
46,0.4815036052835311,0.47744782214281756,2.0207578431204407,0.2553536391390683,0.23447507363950856,0.41653992029094417,1,0.9379002945580343,0.0,0.020475020475020474,0.00434090561681823
47,0.4816154896027793,0.47749258806089384,2.024676797718053,0.253682188021685,0.22244178993335303,0.4174916127480924,1,0.8897671597334121,0.0,0.013923013923013924,0.0026325361594735524
48,0.48172263046141783,0.47733409400298416,2.023171920227523,0.25461355760397353,0.23302538479951762,0.41729668802119946,1,0.9321015391980705,0.0,0.019246519246519246,0.004359812558281767
49,0.4815205403792557,0.4773671583524616,2.024686908468362,0.2551096042776088,0.2306191452293612,0.41747503906149963,1,0.9224765809174448,0.0,0.018018018018018018,0.0034956983668779774
50,0.4816214752844271,0.47741440680547315,2.0252181553184134,0.2559122438555848,0.2321718270144828,0.4174407883534844,1,0.9286873080579312,0.0,0.018427518427518427,0.003483085417329675
51,0.4815468153920502,0.47732600032162065,2.0258451878321924,0.2561842860376444,0.23357656948117805,0.4176382781426874,1,0.9343062779247122,0.0,0.019246519246519246,0.004354143908649522
52,0.4813722147793424,0.47734001807326115,2.027533664781969,0.25682435910353046,0.23036737274172125,0.41840462652892557,1,0.921469490966885,0.0,0.018018018018018018,0.0034948803842053387
53,0.4817641818736473,0.4772515297754448,2.027918657810843,0.2576474292454359,0.23236940402402,0.41868320431492256,1,0.92947761609608,0.0,0.019246519246519246,0.004361219662858241
54,0.48158534388245555,0.4773139867812942,2.0296487803809433,0.2566276637414169,0.23023901733836677,0.4193893495240664,1,0.9209560693534671,0.0,0.018018018018018018,0.0034971062033926953
55,0.4815039260893751,0.4772999952048226,2.0311005320704116,0.2567757734164157,0.2277884138539718,0.42025999698133043,1,0.9111536554158872,0.0,0.01678951678951679,0.0030543280585535256
56,0.4816688536577242,0.47730900098803836,2.0311360290004807,0.25749280408477543,0.2313889106417854,0.42031112971256174,1,0.9255556425671416,0.0,0.018427518427518427,0.003485880966226885
57,0.4813978512102762,0.47727840217354994,2.0325326087237667,0.25746954027807684,0.22972976849417395,0.4210379833416072,1,0.9189190739766958,0.0,0.018018018018018018,0.003498377177039134
58,0.481587909170621,0.477295252989787,2.033977610879345,0.2584909662115738,0.2278433511537001,0.42114265766414216,1,0.9113734046148004,0.0,0.01678951678951679,0.0030516273857725423
59,0.4816454122773667,0.4772793943854919,2.034002223881758,0.2591919738724981,0.2315521840749876,0.421771888872124,1,0.9262087362999504,0.0,0.018427518427518427,0.003480277175744595
60,0.48144450016026785,0.4771779149865204,2.0342730541915874,0.2595432434018962,0.23412421878497405,0.42290371811231336,1,0.9364968751398962,0.0,0.020475020475020474,0.004335894522824468
61,0.48167839139090063,0.4772966272370905,2.034556696600117,0.2604006322884236,0.23696972382948966,0.42254088131363254,1,0.9478788953179587,0.0,0.021294021294021293,0.004764725137871879
62,0.48163171091038715,0.4772327206906434,2.0373946595639376,0.2586099955519358,0.22986358530317125,0.4236040489131309,1,0.919454341212685,0.0,0.018018018018018018,0.0034947263618039484
63,0.4816903577406478,0.47717681135011664,2.037033895927039,0.258752922652044,0.23552344380628787,0.42406797021888465,1,0.9420937752251515,0.0,0.020475020475020474,0.004327169218450338
64,0.4815370557664537,0.4772337326454724,2.039734570617636,0.2583127427545304,0.229150051327105,0.424420550224185,1,0.91660020530842,0.0,0.01760851760851761,0.003502537265839361
65,0.48152454530640854,0.4771466224046308,2.039356257698466,0.25933853750950225,0.2352486007871283,0.42421014050090283,1,0.9409944031485132,0.0,0.020475020475020474,0.004332714172272138
66,0.4815750220704127,0.47726326612138675,2.0419371506010378,0.25925350994172675,0.22853795847675507,0.4250951041307583,1,0.9141518339070203,0.0,0.0171990171990172,0.0030465957141159986
67,0.4814356915604407,0.47752272996799805,2.0440451446482544,0.2592782487504896,0.22423185885499855,0.4259776244476966,1,0.8969274354199942,0.0,0.015151515151515152,0.0030753023104660273
68,0.4815890815293128,0.4770734233813842,2.042568445087329,0.260203662490219,0.2345874597479885,0.4261932830236871,1,0.938349838991954,0.0,0.020475020475020474,0.004335518705406529
69,0.48138628418420504,0.4773060486554823,2.0423726463427863,0.26112283651720436,0.2403926269271314,0.42622673136106043,1,0.9615705077085256,0.0,0.021703521703521703,0.005190150094292816
70,0.4816603355633232,0.477130190512843,2.0439965860318465,0.26148161267760855,0.23803593972285647,0.4279082805548621,1,0.9521437588914259,0.0,0.021703521703521703,0.005210290171091173
71,0.4817653926712957,0.4769984717503923,2.046169749624678,0.2612821553510362,0.23353888445868207,0.42937519083048836,1,0.9341555378347283,0.0,0.020475020475020474,0.004337270821713278
72,0.4814482617850573,0.47697714704682426,2.046988556999376,0.261639783906014,0.23488421540405244,0.4307288861778771,1,0.9395368616162098,0.0,0.020884520884520884,0.004776517543990431
73,0.4813688033308232,0.476948258918873,2.0484279691900253,0.26244103379465955,0.2333454129853656,0.43197776157703277,1,0.9333816519414624,0.0,0.020475020475020474,0.004329735437285722
74,0.48134382188532837,0.47716274223425825,2.0505867042651045,0.26197759229866296,0.22969975657460107,0.43258841670444564,1,0.9187990262984043,0.0,0.018427518427518427,0.003481006081453233
75,0.4814554894313826,0.4772435890156504,2.0521764408316674,0.2620760766177404,0.2282748948736011,0.4332112245607281,1,0.9130995794944043,0.0,0.018018018018018018,0.0034922319388177884
76,0.4816439852478303,0.47690160924545016,2.052233781221496,0.26237798474553203,0.23312208228126394,0.4345653562403312,1,0.9324883291250557,0.0,0.020475020475020474,0.00433053808048394
77,0.4815825033273807,0.4768794027266562,2.0530210875598485,0.2635188425538436,0.234264369157969,0.43534016565667777,1,0.937057476631876,0.0,0.020884520884520884,0.004770648803160586
78,0.48164311272383686,0.4768557330794375,2.054116912068905,0.26388844118399035,0.23459331408472608,0.4364423861867244,1,0.9383732563389043,0.0,0.021703521703521703,0.005224066787421352
79,0.4813261103730133,0.4768853952360576,2.0534593755679054,0.2647489396478287,0.24240543667187683,0.43784368117317174,1,0.9696217466875073,0.0,0.025389025389025387,0.0060051236151532905
80,0.481411963246166,0.47714794269663036,2.0537790933063125,0.26562411302071764,0.2468561389790598,0.4389397877482688,1,0.9874245559162392,0.0,0.02620802620802621,0.0059386718731632
81,0.4815229065629266,0.47676223302456056,2.056330543009341,0.2669673849080755,0.24175301284160106,0.4403620902372236,1,0.9670120513664042,0.0,0.025389025389025387,0.005997788254525497
82,0.48144327612846366,0.4769827414705059,2.0608352784220467,0.2653771795100014,0.23002044745198882,0.441550078298741,1,0.9200817898079553,0.0,0.019246519246519246,0.0043414731709882064
83,0.48145161448496415,0.47665615691005303,2.059696300890846,0.26743585162216765,0.24052217293217876,0.44218551436815456,1,0.962088691728715,0.0,0.02416052416052416,0.006012123348761611
84,0.48147483902223565,0.4767889159697144,2.0629358063355148,0.26777536956563813,0.23293336631673112,0.4437414936326283,1,0.9317334652669245,0.0,0.021294021294021293,0.00521472068747959
85,0.48144047748281993,0.47666646046661054,2.062811179553875,0.26928135041983337,0.23908166437400932,0.4451732400283985,1,0.9563266574960373,0.0,0.02375102375102375,0.005589554477831939
86,0.4815472875573196,0.4766339699859711,2.0649305914352647,0.27014364421602094,0.23621366398348773,0.4469693867870649,1,0.9448546559339509,0.0,0.02252252252252252,0.0051580754763165
87,0.481415988089938,0.4765817692724366,2.0664431918118984,0.271288150791257,0.23675978027832165,0.4493451988725497,1,0.9470391211132866,0.0,0.02334152334152334,0.005596046137450818
88,0.48128834739348,0.4764261984893688,2.0670420559276583,0.272523436635272,0.24074084226770565,0.45053980645356956,1,0.9629633690708226,0.0,0.025798525798525797,0.005960227478392065
89,0.4812563169967574,0.47656937828325746,2.070155839287779,0.2725932960022798,0.23519317826426978,0.4521835215326323,1,0.9407727130570791,0.0,0.02252252252252252,0.005147175396847635
90,0.4810549348376265,0.47636768769905624,2.070384245079879,0.2730356827493455,0.2428356549318522,0.454419893189892,1,0.9713426197274088,0.0,0.02620802620802621,0.005918842301822103
91,0.48096530946037813,0.47640975594985296,2.073428153573237,0.2729024682049838,0.23734446132936324,0.45777007192627467,1,0.949377845317453,0.0,0.02375102375102375,0.005556758267609871
92,0.48125896528663187,0.47640090959782755,2.0753860322868345,0.274165319331923,0.23670361071424822,0.45930514118765087,1,0.9468144428569929,0.0,0.02375102375102375,0.005556071708321806
93,0.48116274087898825,0.4761768683509959,2.075890594886468,0.2759512734901624,0.24238819341758186,0.46126888764183693,1,0.9695527736703274,0.0,0.02661752661752662,0.006343520521019661
94,0.48097093937430035,0.4764852749968818,2.0798209686742872,0.2769123029918714,0.23423516041912731,0.4637009686438656,1,0.9369406416765093,0.0,0.02375102375102375,0.005561920332752896
95,0.4810212849299215,0.4760777320178221,2.080243417539136,0.27818351187316986,0.24108288109196158,0.4657217051539698,1,0.9643315243678463,0.0,0.02661752661752662,0.006337041617944388
96,0.4812253989366313,0.4760633606352984,2.082648101513672,0.2787938631342352,0.24003649056344883,0.4671165337399042,1,0.9601459622537953,0.0,0.02620802620802621,0.005891743895027447
97,0.4810203400129213,0.47600298896738263,2.0845559912562095,0.28041823651023734,0.24155807406034654,0.46888136692450777,1,0.9662322962413862,0.0,0.027436527436527438,0.006766270883709094
98,0.48117164395423934,0.4759732404141225,2.0857016580776166,0.2806534066957002,0.24640115612878444,0.47099322458768805,1,0.9856046245151378,0.0004095004095004095,0.030712530712530713,0.006684819882396081
99,0.4814545283320577,0.4771341489623002,2.08626345318501,0.28056675169247186,0.23749272488645673,0.4778865283181739,2,0.9557730566363478,0.0,0.0028665028665028664,0.00110418750327491
100,0.4817745573991976,0.4771420694899384,2.086838609862447,0.2800504226779618,0.2352945620651601,0.47764077160345847,2,0.9552815432069169,0.0,0.0028665028665028664,0.001125152630258278
101,0.4813008541092594,0.4759253506314948,2.0871136018882743,0.2800141903036974,0.2483508159742804,0.4750355505505246,1,0.9934032638971216,0.0004095004095004095,0.033988533988533985,0.006637419904531369
102,0.48102563907030177,0.47589402734616143,2.089064422081776,0.28209658244684127,0.24925227590853938,0.4765944321332091,1,0.9970091036341575,0.0004095004095004095,0.0343980343980344,0.007059346909865659
103,0.48071684836215756,0.47578692328740885,2.0918676272603633,0.28247712260259006,0.24804578847330672,0.4791977405618965,1,0.9921831538932269,0.0004095004095004095,0.0343980343980344,0.007067755358780937
104,0.4807763134280187,0.47716084054818353,2.097823977857907,0.280766178528203,0.2371567022600566,0.47903362166048596,2,0.9580672433209719,0.0,0.0028665028665028664,0.001124890888923637
105,0.4814513110899955,0.4760568156748377,2.0948919179537167,0.2838515456263129,0.25601575074580524,0.4801662422473452,1,1.024063002983221,0.0004095004095004095,0.04217854217854218,0.007845187179905224
106,0.48083458590183814,0.47709679610031214,2.1001607741688573,0.2841819037723389,0.24146671197730019,0.4842348516551586,2,0.9684697033103172,0.0,0.0028665028665028664,0.0010716517866870706
107,0.4821523637137326,0.4758534559305068,2.0984542614933326,0.28480670635772115,0.25329033223026526,0.4806297138830427,1,1.013161328921061,0.0004095004095004095,0.039721539721539724,0.007897556981985406
108,0.4808376790725894,0.4756636181991961,2.10184938991451,0.2858546605248988,0.2498240768959255,0.48338434090615545,1,0.999296307583702,0.0004095004095004095,0.0343980343980344,0.007031323088371006
109,0.48083674945908494,0.4771112148237907,2.106732836612219,0.28492858377812996,0.24081237972247294,0.4846763753964355,2,0.969352750792871,0.0,0.0028665028665028664,0.0010866031065674578
110,0.4811168901775822,0.4755899838562394,2.1073212572451574,0.2865987582016533,0.24830932542040848,0.48496236777257723,1,0.9932373016816339,0.0004095004095004095,0.0343980343980344,0.007061834168807768
111,0.4808525648189843,0.475643019060604,2.1113512601027815,0.2873727460913145,0.24427797592309033,0.4857747422086163,1,0.9771119036923613,0.0004095004095004095,0.030712530712530713,0.006674888947345142
112,0.48200968880670847,0.47560473066238657,2.109954047923454,0.2865046686500826,0.2514875083934284,0.4852837135494798,1,1.0059500335737137,0.0004095004095004095,0.0343980343980344,0.007023274163762621
113,0.4807964272541287,0.47562875916131037,2.1118302458640508,0.2875628374896998,0.25557209555730676,0.4873062611591649,1,1.022288382229227,0.0004095004095004095,0.039721539721539724,0.007850356973028202
114,0.48154801082916454,0.47704937808291825,2.1133627449780628,0.28826898672807905,0.2439275582844703,0.49398972872776725,2,0.9879794574555345,0.0004095004095004095,0.003276003276003276,0.0014756419354723137
115,0.4815131798594401,0.4754966353672717,2.115852975880588,0.2874921239813887,0.24885079724380046,0.4890935230480793,1,0.9954031889752019,0.0004095004095004095,0.0343980343980344,0.007053915451563667
116,0.48081280115298447,0.4754385812880493,2.117262539073635,0.28992784223992907,0.25371597479549196,0.4916539283811988,1,1.0148638991819678,0.0004095004095004095,0.039721539721539724,0.007855403908135659
117,0.48127360792954527,0.4757016486609074,2.1185491961867933,0.29113154025030896,0.2628253072361505,0.4889503279448205,1,1.051301228944602,0.0004095004095004095,0.047092547092547093,0.008087249897706919
118,0.4806434210954131,0.47546084228734536,2.1225240474051863,0.29207583278585847,0.2577070619577038,0.4927436175535284,1,1.0308282478308153,0.0004095004095004095,0.04381654381654382,0.007790277418339321
119,0.48043545380789526,0.47530235629788775,2.1265236892093915,0.2923994334743268,0.25320775206653545,0.49541129764993463,1,1.0128310082661418,0.0004095004095004095,0.039721539721539724,0.007860730334828729
120,0.48076084947206893,0.47529485092954704,2.1287804935722434,0.2936173081862048,0.25514851063223365,0.4959590567404726,1,1.0205940425289346,0.0004095004095004095,0.039721539721539724,0.007826134886366125
121,0.48088259580381526,0.4753445791183248,2.1327069958000786,0.2931346382380883,0.25579852937543324,0.4935024704293373,1,1.023194117501733,0.0004095004095004095,0.039721539721539724,0.007858236109788029
122,0.48123686636895263,0.4770480614110758,2.1355747768422817,0.2929704001238163,0.2468322454432697,0.4958424815632973,2,0.9916849631265946,0.0004095004095004095,0.003276003276003276,0.0014780603312038404
123,0.4804240320388835,0.47543474036334005,2.136482833997892,0.29463133165382327,0.2619735337780203,0.49499538077042365,1,1.0478941351120812,0.0004095004095004095,0.04504504504504504,0.007751473123514127
124,0.48048136745324116,0.4770223702659397,2.142438581983938,0.29488607501082637,0.2487864384844187,0.4985137096291709,2,0.9970274192583418,0.0004095004095004095,0.003276003276003276,0.0014692348549919837
125,0.48203571327555916,0.47527584544063056,2.141263455317988,0.2946222065089412,0.25894301579485,0.4962835621209114,1,1.0357720631794,0.0004095004095004095,0.042588042588042586,0.007814408314480032
126,0.48035397894918525,0.47518596410549296,2.143819821338566,0.29683081114765314,0.25982181954875294,0.4999497192541701,1,1.0392872781950118,0.0004095004095004095,0.04504504504504504,0.007766332246627168
127,0.4804152479352414,0.4769214398842997,2.1486077572077367,0.29720793525050576,0.25111509109013735,0.5052779063656786,2,1.0105558127313572,0.0004095004095004095,0.003276003276003276,0.0014495979321784969
128,0.4810631276792244,0.47490874376125464,2.1497260910237617,0.29770286810029695,0.2630358586097817,0.5030722409074782,1,1.0521434344391267,0.0004095004095004095,0.047092547092547093,0.008526094055433576
129,0.48045458810102165,0.47690338033224694,2.1553334933652297,0.29907192490490436,0.25161419082775116,0.5084421401792163,2,1.0168842803584326,0.0004095004095004095,0.003276003276003276,0.0014467836599703153
130,0.4807521452447858,0.47477607978100533,2.1566180452397425,0.30068885752174795,0.26418059600337235,0.5072741310629051,1,1.0567223840134894,0.0004095004095004095,0.04873054873054873,0.008480862562026755
131,0.48024410004338713,0.47463222847448383,2.1596804217772676,0.30203393160042047,0.2643467108182861,0.5124438555675273,1,1.0573868432731444,0.0004095004095004095,0.04914004914004914,0.008886187125935571
132,0.4806644609955609,0.4768605301602061,2.1622219151458104,0.3029547675946042,0.25633042986629045,0.5187042631880256,2,1.0374085263760513,0.0004095004095004095,0.0036855036855036856,0.0014078228081678779
133,0.4829241128948631,0.47686588787939027,2.1618347638467252,0.29880297142459417,0.25191967584335656,0.5162738014532755,2,1.032547602906551,0.0004095004095004095,0.0036855036855036856,0.0014389854336895197
134,0.48224029291328974,0.4748707802870952,2.161614489240662,0.2971583404238741,0.26769397038759424,0.5066526223498579,1,1.070775881550377,0.0004095004095004095,0.04873054873054873,0.008475958986309899
135,0.4803937296917591,0.47464550706223874,2.1653408862226793,0.2994100803468109,0.26374464414502063,0.5109403921210189,1,1.0549785765800825,0.0004095004095004095,0.047092547092547093,0.008513107444509664
136,0.4803534708097513,0.47459102847675894,2.1684999756181083,0.3022141182849969,0.26610631241991983,0.5134111227593834,1,1.0644252496796793,0.0004095004095004095,0.04914004914004914,0.008892747907294607
137,0.4801475844233262,0.4741284045747792,2.171031967715728,0.30421576006946877,0.26775655616200245,0.518080055196262,1,1.0710262246480098,0.0004095004095004095,0.05241605241605242,0.009533458158505863
138,0.4808073260936609,0.47681456298167807,2.1735096170125616,0.3058899851097164,0.25975639114797594,0.5247581521713583,2,1.0495163043427167,0.0004095004095004095,0.004095004095004095,0.0013894706815972399
139,0.4803519029128385,0.47396207450651345,2.1766867838996236,0.3084245305451356,0.2690643995052847,0.523939209641099,1,1.0762575980211389,0.0004095004095004095,0.052825552825552825,0.009440162122250139
140,0.48192805516666093,0.4767767550678541,2.179500639284814,0.30564592443642646,0.2599887232788986,0.5246653389870629,2,1.0493306779741258,0.0004095004095004095,0.0036855036855036856,0.0013961937949135313
141,0.4812217765193477,0.4742484843400331,2.1802928620381934,0.30638558686132944,0.26506877160924,0.5248113905844688,1,1.06027508643696,0.0004095004095004095,0.04914004914004914,0.008835478164194117
142,0.4803748959908467,0.4765714289413121,2.1826920069036757,0.3093428731632182,0.26288789025602965,0.5308435073040091,2,1.0616870146080182,0.0004095004095004095,0.006142506142506142,0.002104547605608162
143,0.4829811820717546,0.4767910758935233,2.1851461063024415,0.30474848966671997,0.25875226678250773,0.5202940360961509,2,1.0405880721923018,0.0004095004095004095,0.0036855036855036856,0.0014183136879769309
144,0.48085218066929397,0.4741508182986336,2.1844734847548657,0.30664781866862334,0.2732385113787462,0.519157563370389,1,1.0929540455149849,0.0004095004095004095,0.05241605241605242,0.009466139849413345
145,0.47991606353041577,0.474287056483954,2.1902166999720842,0.30946645395467526,0.2635196255133327,0.5248589840735716,1,1.0540785020533308,0.0004095004095004095,0.04873054873054873,0.00889716836329962
146,0.47992540210121587,0.4738488102315637,2.190446273599566,0.31391107881536123,0.27470381900316204,0.5304210191166158,1,1.0988152760126482,0.0004095004095004095,0.0561015561015561,0.01062856705001248
147,0.480096750443392,0.47360432453076584,2.1951968093849508,0.31620086335315206,0.26789492045006114,0.5344896007937441,1,1.0715796818002445,0.0004095004095004095,0.052825552825552825,0.009403432555105359
148,0.48093588491215233,0.47364669598745407,2.199467129770199,0.31613867353621694,0.2674396975053852,0.5333826792966194,1,1.0697587900215408,0.0004095004095004095,0.052825552825552825,0.009455219733332491
149,0.4802782190541524,0.4764953267444055,2.204606351577754,0.317445314513116,0.26576211112744813,0.5355917989489751,2,1.0711835978979503,0.0004095004095004095,0.006142506142506142,0.002095566646302259
150,0.481284789115568,0.47634912061061546,2.2055731667850016,0.3176702007275449,0.26766810538650354,0.538534780351632,2,1.077069560703264,0.0004095004095004095,0.006552006552006552,0.0024485882796715036
151,0.4799310221051204,0.4733249057808381,2.2085325635889532,0.32184023166274006,0.27729736234339647,0.540579084411685,1,1.1091894493735859,0.0004095004095004095,0.06060606060606061,0.011795582473063771
152,0.48051745448828154,0.4733403427231805,2.2130244990741894,0.32225782608289705,0.27226963074436317,0.5432100565511867,1,1.0890785229774527,0.0004095004095004095,0.0561015561015561,0.01061804418915555
153,0.47992917251350575,0.47315947575505896,2.2166198017200287,0.3236778917727917,0.27788685916426986,0.5452261509385018,1,1.1115474366570794,0.0004095004095004095,0.06060606060606061,0.01176580032737705
154,0.4820665166778461,0.47363837554679505,2.2177288417994623,0.3215511284339927,0.28649084830890503,0.5396332766771742,1,1.1459633932356201,0.0004095004095004095,0.06592956592956593,0.014300297339797059
155,0.4792522963984443,0.4730357161964851,2.223258735050313,0.32490351397245865,0.27960734144336763,0.5497802451326431,1,1.1184293657734705,0.0004095004095004095,0.06060606060606061,0.011701569921397212
156,0.4801097823726017,0.4728793414462615,2.2278135412940108,0.3255794129192347,0.2865169297843658,0.5493111472593898,1,1.1460677191374633,0.000819000819000819,0.0687960687960688,0.015065306738494728
157,0.47945153840616006,0.4728534526822073,2.234084887567381,0.3269769258306277,0.2798127403574852,0.5553285890002462,1,1.1192509614299408,0.000819000819000819,0.060196560196560195,0.011690154549329994
158,0.47967898119757824,0.4726229335811013,2.2375426120586477,0.32977427214595295,0.2895671289037519,0.5562063724997668,1,1.1582685156150077,0.000819000819000819,0.07084357084357085,0.01667462736575404
159,0.47900081974723413,0.4758289422866618,2.2451745672571253,0.3306270754987363,0.27957668235574035,0.5632039042781104,2,1.1264078085562208,0.000819000819000819,0.009009009009009009,0.0033570637964141317
160,0.4791939285406298,0.4721644530233896,2.2498466829076307,0.3318647184169811,0.2871351214743182,0.5663002474837282,1,1.1485404858972728,0.000819000819000819,0.07084357084357085,0.016700532371913063
161,0.47965224395165607,0.47196747945905193,2.252726079324021,0.3348012271736663,0.2985154644207808,0.5679775139324295,1,1.1940618576831232,0.0012285012285012285,0.07780507780507781,0.020523723908262775
162,0.4786676481594884,0.4716799079298373,2.2599125309440677,0.33659177573818705,0.29559932574621084,0.5739879228473311,1,1.1823973029848434,0.0012285012285012285,0.07411957411957412,0.01800412031115228
163,0.47839520098404686,0.47129478880535514,2.266174605688225,0.3408738300515016,0.2988054840331864,0.5792851739590833,1,1.1952219361327456,0.0012285012285012285,0.07821457821457821,0.0203755050718329
164,0.48024187376167554,0.4718891200476629,2.275881773231077,0.3391121317240018,0.2952459403127402,0.5705490774290032,1,1.1809837612509608,0.0012285012285012285,0.07371007371007371,0.017859165494206044
165,0.47908519177989295,0.47175403919500336,2.2821218530011294,0.341142531190103,0.2893313751853069,0.576799122899192,1,1.1573255007412275,0.000819000819000819,0.07084357084357085,0.016668872954321637
166,0.47885726773463794,0.4709174467026343,2.284132867279292,0.3450412577481682,0.2984240261238026,0.5833859773810146,1,1.1936961044952104,0.0012285012285012285,0.07780507780507781,0.02004038862758833
167,0.4795478618955946,0.4713312608849406,2.289716089144586,0.3450663933835288,0.29504003033669957,0.5848269839244564,1,1.1801601213467983,0.0012285012285012285,0.07371007371007371,0.017697449319654467
168,0.48035130067882686,0.47156642764483025,2.296477706734989,0.34365204404329697,0.29120131204952565,0.5820917931845926,1,1.1648052481981026,0.000819000819000819,0.07084357084357085,0.016635723490322343
169,0.47934578979006864,0.47104035556190926,2.2990645655015802,0.3447690585947847,0.3055615755670793,0.5809396630176148,1,1.2222463022683172,0.0012285012285012285,0.07780507780507781,0.020414532393303937
170,0.4792780320632645,0.4753143581726322,2.3071772907285135,0.3452990519389805,0.2892347201528115,0.5876665515462446,2,1.1753331030924892,0.000819000819000819,0.010237510237510237,0.003514086585433642
171,0.4804726494141542,0.4712808008296655,2.3096110404622987,0.3453167383799334,0.300533648741543,0.5842280234255472,1,1.202134594966172,0.0012285012285012285,0.07371007371007371,0.017724118826602048
172,0.47892695051768563,0.47074799413189006,2.310349345700571,0.35066184258985134,0.3155852617238451,0.5900652907778289,1,1.2623410468953804,0.001638001638001638,0.08681408681408681,0.02283508024388685
173,0.4771361076709548,0.46980402913369446,2.318060651794733,0.3534963170127199,0.30833332421152754,0.6015978887012091,1,1.2333332968461101,0.001638001638001638,0.08230958230958231,0.021242333861457713
174,0.47709545234836304,0.4695315134062342,2.3273886644786868,0.35605852630461327,0.3071466537601429,0.6078163660128576,1,1.2285866150405715,0.001638001638001638,0.08230958230958231,0.021257370633293596
175,0.4773476693758782,0.46865243260147,2.3304984984238732,0.36005788800528854,0.31808797642636166,0.6175161348016,1,1.2723519057054467,0.0020475020475020475,0.09336609336609336,0.025460710142555677
176,0.4781837939191668,0.4689259604349013,2.339908978126824,0.36211270798706463,0.31458223973529953,0.6187250131108852,1,1.2583289589411981,0.0020475020475020475,0.08722358722358722,0.022912008255976227
177,0.4768263000089768,0.47561276196003527,2.3485445911979728,0.36432000769430667,0.31182584674789526,0.6251777634241544,2,1.2503555268483089,0.0020475020475020475,0.014332514332514333,0.004149235199054695
178,0.47946847010574917,0.4681470395382063,2.3535622094212023,0.36534979866277345,0.3198865607783849,0.6232471260960579,1,1.2795462431135396,0.0020475020475020475,0.09336609336609336,0.025511732657544466
179,0.47587683294088856,0.4756506343462991,2.359512168401374,0.37038635570492234,0.31686782830677906,0.6386714159822323,2,1.2773428319644646,0.0020475020475020475,0.01760851760851761,0.004863516956728051
180,0.4779538131286979,0.46726903584981266,2.368606815496308,0.3711972286751507,0.3241731665115969,0.6319437731575666,1,1.2966926660463876,0.0020475020475020475,0.09541359541359541,0.026321579038718807
181,0.4772688146967745,0.4667607365147555,2.373490950181013,0.3752895876351489,0.3280293426399246,0.6408511599414203,1,1.3121173705596985,0.0020475020475020475,0.0990990990990991,0.028425836848495263
182,0.47641200674854683,0.4666920167134494,2.3824969433595307,0.37646492635491624,0.32737127084884365,0.6454777358788194,1,1.3094850833953746,0.0020475020475020475,0.09664209664209664,0.02681044009929994
183,0.4802090052971372,0.4682832638661387,2.392857753797919,0.37329627290969514,0.31899503639052484,0.6345282987204097,1,1.2759801455620994,0.0020475020475020475,0.08681408681408681,0.022551601340399175
184,0.47830778128555484,0.46848239198126934,2.401117705096811,0.3743774428561351,0.31672028901515187,0.6326362043037276,1,1.2668811560606075,0.001638001638001638,0.08230958230958231,0.021040556043732145
185,0.4751129766227209,0.4663382121888702,2.4026019056209496,0.380690412801286,0.3303367073086885,0.6500885739100691,1,1.321346829234754,0.0020475020475020475,0.09664209664209664,0.02679877104018411
186,0.47621392124262824,0.46615702869370823,2.411579745689563,0.3807407816878839,0.33046364723951344,0.6522937662783095,1,1.3218545889580537,0.0020475020475020475,0.09664209664209664,0.02689630304282479
187,0.4759601474744831,0.46596817005054236,2.4198212439860742,0.38220711041215694,0.3324267240221852,0.6564428303458505,1,1.3297068960887408,0.0020475020475020475,0.09664209664209664,0.026796335441241072
188,0.47520108780656234,0.4651620833602276,2.425835416487378,0.3848736495012385,0.33833022065696716,0.6638006185910985,1,1.3533208826278686,0.0020475020475020475,0.10155610155610155,0.030099494620092614
189,0.47482439474796695,0.4647180900302727,2.4330013003505617,0.3877621072565041,0.33820285349535373,0.6729309414436989,1,1.352811413981415,0.0020475020475020475,0.10442260442260443,0.0312251577978477
190,0.47807287481971666,0.46495770806864173,2.4415402190893394,0.38828593052287497,0.33859914479414904,0.6650164108081922,1,1.3543965791765962,0.0020475020475020475,0.10073710073710074,0.029429770660944012
191,0.47529649216075326,0.46479222868822456,2.4481261102558207,0.38890030858779134,0.34381521971051326,0.6691654287947213,1,1.375260878842053,0.0020475020475020475,0.10606060606060606,0.032105030464636405
192,0.4778923385484169,0.46485800315207015,2.4544240406727953,0.3889244183183311,0.3445548674871802,0.6659416462257947,1,1.378219469948721,0.0020475020475020475,0.1036036036036036,0.030979534465873135
193,0.473498041018779,0.46415358891201103,2.4597178717839783,0.3933378062716117,0.3432736641241228,0.6823914377716956,1,1.3730946564964912,0.002457002457002457,0.10606060606060606,0.03191084410636954
194,0.474949989730074,0.46398869781395186,2.46723370043715,0.3956738983053792,0.3452964794793988,0.685306944213909,1,1.3811859179175952,0.002457002457002457,0.10647010647010648,0.03179743793724516
195,0.474381732191356,0.46328810236417783,2.4743157318704667,0.39798685876502377,0.3488433072381929,0.6913640348758276,1,1.3953732289527716,0.002457002457002457,0.11056511056511056,0.032650380196067086
196,0.4764596117685228,0.46394928356109116,2.4852399782089263,0.39660391866251105,0.34693378163810723,0.6834363984963052,1,1.387735126552429,0.0020475020475020475,0.10606060606060606,0.032091195485821365
197,0.4730360126076461,0.4628835313289826,2.4896823283182226,0.40113029326758504,0.3545774746059793,0.6943626289595559,1,1.4183098984239173,0.0028665028665028664,0.11179361179361179,0.03323488989751805
198,0.47421144409170063,0.4748634381612204,2.500569320627325,0.40104182403380517,0.34652704892778685,0.6951697937720672,2,1.3903395875441344,0.002457002457002457,0.02252252252252252,0.006343450484841319
199,0.47334005285805,0.4621554773048254,2.505805048466425,0.40389034827580683,0.3601742260108055,0.7006811410900924,1,1.440696904043222,0.0028665028665028664,0.11547911547911548,0.0349762065291472
200,0.47322617169837666,0.47532308384294375,2.515272036516923,0.40418870759490105,0.3480106397304747,0.7081550478184321,2,1.4163100956368642,0.002457002457002457,0.02293202293202293,0.0066496499939146135
201,0.4762339098692607,0.46259269907174944,2.522237837554554,0.4042254889451932,0.3577104329777943,0.7008336947300313,1,1.4308417319111773,0.002457002457002457,0.11138411138411139,0.03265078160504764
202,0.4735005225570409,0.46171674214009045,2.5264271967283585,0.4074137613022317,0.3680058917589286,0.707172668609567,1,1.4720235670357145,0.0028665028665028664,0.12039312039312039,0.03712075189601937
203,0.4736939822376248,0.46221168416617464,2.536424488638264,0.40678008653126296,0.35792578450742296,0.710982757596305,1,1.4317031380296918,0.002457002457002457,0.11138411138411139,0.03258794415499941
204,0.4757218845278431,0.462203249569806,2.5427838256849906,0.4071585983175732,0.3611625472536534,0.7089295801844486,1,1.4446501890146135,0.002457002457002457,0.11179361179361179,0.03298184382778265
205,0.47163170608929267,0.4610169478666298,2.5474507196057297,0.4115650696570563,0.36242297133441675,0.7230479404712035,1,1.449691885337667,0.0028665028665028664,0.11547911547911548,0.034900758630296035
206,0.4722292613940421,0.4607413356465272,2.553087163161772,0.41524845941230054,0.36593435847352146,0.7303140147221407,1,1.4637374338940858,0.0028665028665028664,0.11875511875511875,0.03573491591575849
207,0.4806068826685976,0.462226472715872,2.5630735756026666,0.4090631024871258,0.365309636649421,0.704150932634486,1,1.461238546597684,0.0020475020475020475,0.11097461097461098,0.032791336870100156
208,0.4717279970946327,0.4609723407204166,2.565588742716455,0.412929294084205,0.3749351328003595,0.71814580330642,1,1.499740531201438,0.0028665028665028664,0.12285012285012285,0.0378875984175483
209,0.4711601437830591,0.4599764299241538,2.5697232626745197,0.41644728189896335,0.3786875601163944,0.7317537913486828,1,1.5147502404655775,0.003276003276003276,0.12694512694512694,0.040077939440998224
210,0.47144069860683263,0.4746119537308061,2.5785906150746887,0.4172051554666642,0.36893235530951746,0.7398138339205141,2,1.4796276678410283,0.0028665028665028664,0.02702702702702703,0.00820192628953098
211,0.4731568588808919,0.45949329856374455,2.584719839690269,0.41771925263933474,0.376854138437471,0.7387294112330348,1,1.507416553749884,0.003276003276003276,0.12530712530712532,0.039059457820355456
212,0.4743507746741627,0.46033141537484595,2.592791079959956,0.417184264755926,0.3737349389526257,0.7345153708817448,1,1.4949397558105029,0.0028665028665028664,0.11834561834561834,0.035899308823231856
213,0.4708044091297094,0.4591901872792293,2.5962508200164627,0.4207205078012147,0.3803626481438434,0.7463517454578321,1,1.5214505925753736,0.003276003276003276,0.12653562653562653,0.03959233074112423
214,0.4711067747703436,0.4589447063288904,2.602576961616976,0.42272706755995626,0.3808762936435868,0.7528679467934704,1,1.5235051745743473,0.003276003276003276,0.12653562653562653,0.039446303984111565
215,0.4713770378087664,0.458809539062465,2.610572374443432,0.4233873620346321,0.3814886740423075,0.7547256563047695,1,1.52595469616923,0.003276003276003276,0.12653562653562653,0.03952108908717019
216,0.4730553229140558,0.45887933837435957,2.6170205495046948,0.4232051146312589,0.3865030169734991,0.7529009607949155,1,1.5460120678939964,0.003276003276003276,0.13185913185913187,0.04146477499710581
217,0.4736418771425749,0.45902374630673587,2.622832870270684,0.42281616580490516,0.39091317066753595,0.7498242456279746,1,1.5636526826701438,0.003276003276003276,0.13226863226863228,0.041362464960219364
218,0.470153970639521,0.4588909487157104,2.6267636700256127,0.4250401978874774,0.40062063766124467,0.7588481932057209,1,1.6024825506449787,0.003276003276003276,0.13882063882063883,0.04272402593369966
219,0.4721725047061956,0.4585616349336307,2.6384514215001382,0.4241470961435084,0.3852211634621255,0.7562281181058175,1,1.540884653848502,0.003276003276003276,0.12530712530712532,0.03899891606394916
220,0.4746216082561349,0.4598423995228016,2.646979008444123,0.4227758735989805,0.3780143482905595,0.7486485319446767,1,1.512057393162238,0.0028665028665028664,0.11547911547911548,0.03497962682769657
221,0.4703383152080216,0.4584433252178994,2.6482934024446956,0.4268269433907062,0.39174060587968246,0.7589747583683598,1,1.5669624235187298,0.003276003276003276,0.13185913185913187,0.04154445094502265
222,0.4694981871996328,0.4580864866301678,2.6536363688476885,0.42856900199426345,0.39053198960827035,0.769884794583036,1,1.5621279584330814,0.003276003276003276,0.13185913185913187,0.04137431690773882
223,0.4708873265494,0.45846882522632104,2.656489329295292,0.4310535128925288,0.4089284936320704,0.7711458534321317,1,1.6357139745282816,0.003276003276003276,0.14250614250614252,0.044746310955167796
224,0.4727286841016583,0.4580703035998976,2.6661311128475065,0.42962545450300177,0.4012174413504484,0.766790437939319,1,1.6048697654017936,0.003276003276003276,0.13554463554463556,0.042131784389423006
225,0.46944910846289684,0.4576159559683908,2.67173110752031,0.4313262231392081,0.3983193477788979,0.776970761874178,1,1.5932773911155915,0.003276003276003276,0.1339066339066339,0.041699955039615016
226,0.4735429328524973,0.4577494157853681,2.6779255976259626,0.43058102288750877,0.39996544462841155,0.7700335147573719,1,1.5998617785136462,0.003276003276003276,0.1339066339066339,0.04197505612504353
227,0.46908801365144814,0.45741622562450746,2.6831410636741615,0.43332288790820017,0.39757304689361783,0.779767571948849,1,1.5902921875744713,0.003276003276003276,0.1334971334971335,0.0419152326197148
228,0.4703185047137302,0.45768077541282504,2.6912996804079765,0.43290937787531436,0.39191930930318036,0.7816844563627825,1,1.5676772372127215,0.003276003276003276,0.12653562653562653,0.03959032099736287
229,0.469266817225247,0.4570984147725321,2.694375537631829,0.4363604137461711,0.3978499633828919,0.7899343358974644,1,1.5913998535315677,0.003276003276003276,0.1334971334971335,0.041767501281243555
230,0.46910489007945577,0.4569508145607054,2.699435184498149,0.43735373502577557,0.4002944303324654,0.7957074195199001,1,1.6011777213298617,0.0036855036855036856,0.1334971334971335,0.041477900960298124
231,0.4712358927141295,0.45690792294316046,2.705261141609316,0.4377532784283048,0.40811939647596335,0.7907523946152089,1,1.6324775859038534,0.003276003276003276,0.13882063882063883,0.04277896919298443
232,0.46876689647239206,0.45661777668635867,2.710544232325243,0.43923951802093575,0.40604589393855695,0.7981475413138261,1,1.6241835757542278,0.0036855036855036856,0.13841113841113842,0.0428018487994522
233,0.46937241294509885,0.4567445508305902,2.717648088576906,0.439073865463492,0.40324601201888904,0.7993021465702166,1,1.6129840480755562,0.003276003276003276,0.1339066339066339,0.04154579850177514
234,0.46874391956340916,0.4565152010343453,2.72080190102061,0.44070351680548625,0.410707081739401,0.8064419349501274,1,1.642828326957604,0.0036855036855036856,0.14004914004914004,0.04361656896240637
235,0.4722661852023559,0.4565740986715047,2.729447051644163,0.439570427136488,0.41111806822779956,0.7942055417394652,1,1.6444722729111982,0.003276003276003276,0.138001638001638,0.043004026408685156
236,0.46858756110242383,0.4563728831313287,2.7342038654964402,0.4413955978113541,0.41045978441152414,0.8018498892671434,1,1.6418391376460966,0.003276003276003276,0.13841113841113842,0.042880316611101685
237,0.4690449293009596,0.4564912650429239,2.7402010482783714,0.4419826286073882,0.40590435454361073,0.8059862534625694,1,1.623617418174443,0.003276003276003276,0.1339066339066339,0.041616250552550985
238,0.46846512387090905,0.4564645124895268,2.7419664435289204,0.4449166028862441,0.418840169360161,0.8116091993633258,1,1.675360677440644,0.0036855036855036856,0.14250614250614252,0.044872679201212774
239,0.4682517674567267,0.4563035276203086,2.746725690288342,0.4466744672059317,0.4190336008953136,0.8170427512057653,1,1.6761344035812544,0.004095004095004095,0.1420966420966421,0.04475110976113257
240,0.46897020749629703,0.4562424692816657,2.751695845065431,0.4475423189971106,0.42441623136198803,0.816844083697313,1,1.6976649254479521,0.0045045045045045045,0.1466011466011466,0.046462310833836076
241,0.4695408708445634,0.45613381328907787,2.760531683680726,0.44707205435239583,0.4184634425036984,0.8107485442688221,1,1.6738537700147935,0.0036855036855036856,0.13841113841113842,0.04247597355222779
242,0.4683936254755817,0.4563477047692208,2.7623921200240846,0.4488512030635932,0.42900833747798767,0.8158528264069221,1,1.7160333499119507,0.004095004095004095,0.14905814905814907,0.04802178229252456
243,0.4679522008158198,0.4558293416690673,2.770046815388752,0.4488498420007202,0.41690631127960165,0.8208503796614398,1,1.6676252451184066,0.0036855036855036856,0.13841113841113842,0.04246624590341604
244,0.468054405264069,0.4559952205861669,2.7723320360824317,0.451130059683789,0.4263651123505619,0.8255740498251876,1,1.7054604494022476,0.0045045045045045045,0.1457821457821458,0.046089479088713754
245,0.46771972437023634,0.4558313922432272,2.7777837886575227,0.45157817070773637,0.4241429668269255,0.8290723870253477,1,1.696571867307702,0.004095004095004095,0.1420966420966421,0.0446233241716008
246,0.47276160697429354,0.4560081712892984,2.7851702823931275,0.45013211652936963,0.4158597134718946,0.8182656446450645,1,1.6634388538875784,0.003276003276003276,0.13595413595413594,0.04220564151874183
247,0.46800168011138826,0.45589546113371443,2.7863249108781014,0.4526531429237662,0.4289414178239541,0.8232086914345915,1,1.7157656712958165,0.0036855036855036856,0.14332514332514332,0.04546949989139032
248,0.46754115803032686,0.45577032084945,2.7908567003961924,0.45334924554816136,0.42938703376749765,0.8276112399559061,1,1.7175481350699906,0.0045045045045045045,0.14537264537264538,0.046215161641409284
249,0.467647439101524,0.4554837159961497,2.7951014431696914,0.45479692755785833,0.4302081144754338,0.8322901796372675,1,1.7208324579017351,0.0045045045045045045,0.1466011466011466,0.04644455658992979
250,0.4676431941291121,0.4556424697953447,2.799686974849257,0.4555378786408005,0.42954908731119285,0.835576537406919,1,1.7181963492447714,0.0045045045045045045,0.14496314496314497,0.04569151742442833
251,0.46758009472526957,0.45550387859790503,2.804480641715917,0.45621887874498396,0.4283605859503415,0.8384546047293031,1,1.713442343801366,0.004095004095004095,0.1420966420966421,0.04455438916947369
252,0.4779535086152708,0.45601424056735523,2.81390934866363,0.4522130606409648,0.4199694793854583,0.809426168728375,1,1.6798779175418332,0.003276003276003276,0.1339066339066339,0.04199465080040019
253,0.4680462885285401,0.4557127619748858,2.814565799382844,0.45461445969865855,0.43313054855673555,0.8157270990779902,1,1.7325221942269422,0.003276003276003276,0.14250614250614252,0.044848485565862094
254,0.4679434721942482,0.4557032858579049,2.8169320458650433,0.45605192049735643,0.43879504236649225,0.8219851200335394,1,1.755180169465969,0.0036855036855036856,0.14823914823914824,0.0474778096202446
255,0.46733311082808915,0.4554001126940245,2.8233871795113203,0.45572635857996896,0.428806297391861,0.8274243767243767,1,1.715225189567444,0.003276003276003276,0.14045864045864045,0.043758408913548645
256,0.4677656635447412,0.45539120516055503,2.824878737275318,0.4581419067084741,0.4383237136629907,0.8320941885709399,1,1.7532948546519629,0.004095004095004095,0.14742014742014742,0.04691372547526663
257,0.46727072393203845,0.4552579681588658,2.828978316537718,0.4589491038793553,0.43819500313436976,0.835701002663166,1,1.752780012537479,0.004095004095004095,0.14742014742014742,0.046892019412327485
258,0.4671947618211045,0.45528398632604034,2.834072666643296,0.45909596851825424,0.434920835048481,0.8402631735317835,1,1.739683340193924,0.0036855036855036856,0.1429156429156429,0.04509205147429861
259,0.4669017264322636,0.45507236941647167,2.839606615820038,0.45914910583127444,0.4293999187893758,0.8437843982845759,1,1.7175996751575031,0.0036855036855036856,0.14004914004914004,0.04350053827052493
260,0.4673851780654007,0.45506722340277356,2.840217594739188,0.4615656980965772,0.4438765670282819,0.8465242706873459,1,1.7755062681131275,0.004914004914004914,0.15233415233415235,0.049526119681884896
261,0.4668059639820732,0.45499073388056777,2.8471751690187608,0.46059267605869264,0.4335897912991061,0.848808496783582,1,1.7343591651964243,0.004095004095004095,0.1420966420966421,0.04480380013113455
262,0.4673385807544285,0.454838068444724,2.8506057816986003,0.4615752289433761,0.43959467355255644,0.8487653013812698,1,1.7583786942102257,0.0045045045045045045,0.14742014742014742,0.04724145371624315
263,0.4670425985315892,0.45488036087811634,2.8541159353412904,0.4620175001022643,0.44298952610329473,0.8519563562473164,1,1.771958104413179,0.0045045045045045045,0.14946764946764945,0.04817332001204748
264,0.466782322370575,0.4548436060875935,2.8581297820552707,0.4636340904578364,0.4438514551883875,0.8544692273343967,1,1.77540582075355,0.004914004914004914,0.15028665028665028,0.04890785028631891
265,0.46707871130923667,0.45492847548881094,2.8612350527421877,0.46381860895215266,0.4500409975948815,0.856171075901963,1,1.800163990379526,0.004914004914004914,0.15601965601965603,0.050822557896798536
266,0.4667534656194398,0.4547332030684762,2.867465006480262,0.46417520485677766,0.44159029244865156,0.8571468482157794,1,1.7663611697946062,0.0045045045045045045,0.14782964782964783,0.047166140017758575
267,0.4706250251224592,0.4548327921420735,2.872417179542868,0.4631994568870166,0.4392194722074382,0.850456017433125,1,1.7568778888297527,0.0036855036855036856,0.14250614250614252,0.044891337505823595
268,0.46702979531936084,0.45478900465364236,2.876134080002314,0.46348309228358775,0.4401285055703301,0.8536052861340214,1,1.7605140222813205,0.0036855036855036856,0.14250614250614252,0.04480034323156751
269,0.46689070656287834,0.45462823348321074,2.879520162940911,0.4634830974693831,0.44327996697170424,0.8554173062633168,1,1.773119867886817,0.0036855036855036856,0.1466011466011466,0.04619742172215431
270,0.46698808615418963,0.4547851518742528,2.88035291575799,0.4655712556166836,0.45444587959836774,0.8579418430843575,1,1.817783518393471,0.004914004914004914,0.15642915642915642,0.05128754143545934
271,0.46672343601895144,0.45458538536720516,2.88459077889763,0.4658981565178362,0.4530809650063393,0.8596602420314821,1,1.8123238600253573,0.004914004914004914,0.1552006552006552,0.0510441029143122
272,0.4665420991116521,0.45466275796389716,2.891018502256607,0.4652784014667478,0.4429131773007573,0.8611146300442561,1,1.7716527092030292,0.0036855036855036856,0.14250614250614252,0.04466681369281177
273,0.4668539766709734,0.4544525521222697,2.8935069833403193,0.4661474564270285,0.44846955909501673,0.8618225407480886,1,1.793878236380067,0.0045045045045045045,0.14864864864864866,0.04791988228271223
274,0.46662444532551084,0.4543142873744646,2.896370064246493,0.4667086505294726,0.4526727157292057,0.8635227432098326,1,1.8106908629168228,0.004914004914004914,0.15233415233415235,0.04960160368442571
275,0.4666103521967088,0.45433815983154957,2.9011707536803293,0.46695177007799743,0.44877566839032024,0.865130858701652,1,1.795102673561281,0.0045045045045045045,0.14864864864864866,0.04796785935514682
276,0.46666107771112697,0.4543467913075907,2.9031671191450497,0.4687164741684093,0.45613000742515514,0.8657878273265597,1,1.8245200297006205,0.004914004914004914,0.1552006552006552,0.05101507506731218
277,0.4663811407761996,0.454333788245625,2.908884192559523,0.4687374254446125,0.4471527287705591,0.8663690020237141,1,1.7886109150822365,0.004095004095004095,0.14619164619164618,0.04616303623709442
278,0.46677312606148863,0.454209451923254,2.910596210915824,0.4706919269323253,0.45558412317463026,0.8669667411039096,1,1.822336492698521,0.004914004914004914,0.15438165438165438,0.05035893753689274
279,0.4665196290289479,0.45421960569426884,2.914000258548884,0.47082024295655345,0.4576868956476312,0.8685472512124306,1,1.8307475825905248,0.004914004914004914,0.1552006552006552,0.05103715034558364
280,0.4664527487191291,0.45443853410159696,2.920258512053983,0.4702517226185642,0.44674621342093895,0.8685937945450104,1,1.7869848536837558,0.0036855036855036856,0.14250614250614252,0.0447548054870731
281,0.46654180749787766,0.45442667522864155,2.9235779577699774,0.47003221406025397,0.4480634970181823,0.8688186595714456,1,1.7922539880727293,0.0036855036855036856,0.14250614250614252,0.044731614437045215
282,0.4665022055086882,0.4541094204712932,2.9229116372947654,0.47195766267193845,0.4656891884206047,0.8696093423112805,1,1.8627567536824188,0.004914004914004914,0.1601146601146601,0.05249692726496208
283,0.4662756095395579,0.45438183712479463,2.9301730133468085,0.47098999707487704,0.4498082180202649,0.8696332767899478,1,1.7992328720810595,0.0036855036855036856,0.1429156429156429,0.045131081445598825
284,0.4665107290607881,0.4542371739987299,2.931512122086797,0.4725659800320677,0.45851759789540886,0.8699481350457794,1,1.8340703915816354,0.004095004095004095,0.1511056511056511,0.048919481841687804
285,0.46649507082782465,0.4542563089997663,2.9318959219693896,0.47465112751147714,0.4703707910595223,0.871299523990101,1,1.8814831642380891,0.004914004914004914,0.16461916461916462,0.05470301420514286
286,0.46626755239061435,0.4541182553819924,2.938591948453008,0.47323975233494747,0.4577963916526226,0.8705230634033941,1,1.8311855666104904,0.004095004095004095,0.14987714987714987,0.0483126778470416
287,0.4662905144370482,0.45412710514567084,2.942974272977429,0.47339383140277524,0.45410758751661867,0.8705410333338466,1,1.8164303500664747,0.0036855036855036856,0.1466011466011466,0.046243565958545355
288,0.46643496002709317,0.4540311280667277,2.9455219436305193,0.4742438728568175,0.4571680183569808,0.871225095725482,1,1.8286720734279232,0.004095004095004095,0.14905814905814907,0.048080708103911726
289,0.4663338939953301,0.45393931540958354,2.947482853291141,0.4746690560048866,0.46337261594536294,0.8716673874455294,1,1.8534904637814518,0.004095004095004095,0.15561015561015562,0.05087002424641183
290,0.4663622736653743,0.45388664282618746,2.950835319204906,0.4752010765452397,0.4632665671178653,0.8726728491061879,1,1.8530662684714612,0.004095004095004095,0.15356265356265356,0.05009882450317214
291,0.466280847158638,0.45405683503593197,2.9542917411555814,0.4750453586994156,0.46267337714503326,0.8731970249681625,1,1.850693508580133,0.004095004095004095,0.1511056511056511,0.04901550612058196
292,0.4663483276759701,0.4538744195692247,2.9551383183389808,0.47567637249176276,0.4730392281535191,0.8740772780729723,1,1.8921569126140765,0.0045045045045045045,0.16461916461916462,0.054577840196856776
293,0.4663399268358163,0.45398345360100495,2.960595631540935,0.47518323429567794,0.46319381387127684,0.8743724208604551,1,1.8527752554851074,0.004095004095004095,0.1511056511056511,0.04909652306518004
294,0.4662835021686066,0.4539077215168604,2.9644558369755787,0.4751734496779744,0.4608874429852564,0.8733045487569595,1,1.8435497719410257,0.004095004095004095,0.14823914823914824,0.04777095285767
295,0.4662731270194202,0.4539771392396279,2.9681118838776057,0.4746691827771162,0.4590406659350849,0.8727844580693639,1,1.8361626637403397,0.0036855036855036856,0.14373464373464373,0.04555969140171415
296,0.4662924033582284,0.4538966189372674,2.970187307711285,0.4750320788146287,0.464112152067443,0.8739387107249563,1,1.856448608269772,0.004095004095004095,0.14987714987714987,0.04846727469070437
297,0.4661673573125484,0.45385706975118706,2.971728393663476,0.47635987940748636,0.47087625322678733,0.8741625978753512,1,1.8835050129071493,0.004095004095004095,0.15642915642915642,0.05116632289732695
298,0.46624853538538147,0.4538619326873472,2.976051894659368,0.4760900020630135,0.4653286162750681,0.8746576671569614,1,1.8613144651002724,0.004095004095004095,0.14987714987714987,0.048473761804445646
299,0.4663263217226772,0.4538770667142365,2.978590568934665,0.47697706416018765,0.46714124478224767,0.8755010709925404,1,1.8685649791289907,0.004095004095004095,0.1511056511056511,0.04916677980658035
300,0.4661968238551928,0.45383305867023027,2.98163832203756,0.47717517150767214,0.46694740938702933,0.8758715039635513,1,1.8677896375481173,0.004095004095004095,0.1511056511056511,0.04924621267506847
301,0.46605708626430153,0.45379227710204895,2.9851801816190267,0.4771037379422703,0.46524755484635943,0.8755736620521523,1,1.8609902193854377,0.004095004095004095,0.14823914823914824,0.04783441102232963
302,0.4663799560836565,0.45366818666112485,2.9864635720249377,0.4786095665916635,0.4713489904032235,0.8760316065724676,1,1.885395961612894,0.004095004095004095,0.15561015561015562,0.05100731529371454
303,0.4660785400825249,0.453727691336574,2.991078452761471,0.4781609271200053,0.46388317644132643,0.8760599520914278,1,1.8555327057653057,0.003276003276003276,0.14742014742014742,0.046824509277355195
304,0.4662859400245265,0.4537767524817986,2.9926826399823376,0.479083341472182,0.46916628646029973,0.87643658074474,1,1.876665145841199,0.004095004095004095,0.1511056511056511,0.04929248658810906
305,0.4660862746943582,0.4535720971813495,2.9950988163155285,0.47966435491327886,0.4715106294213715,0.8759718505501322,1,1.886042517685486,0.004095004095004095,0.15356265356265356,0.05037732627554653
306,0.4660407792805645,0.45372760447754984,2.9984523866149755,0.47988910204696716,0.4690310106971959,0.8763396966693737,1,1.8761240427887835,0.0036855036855036856,0.14946764946764945,0.048206540522006326
307,0.46640529090577043,0.4537137825319231,2.997551623977198,0.4808342304586274,0.484056858562089,0.8775436859888939,1,1.936227434248356,0.004095004095004095,0.16625716625716624,0.055416050177060396
308,0.46627404486248264,0.4535092845559605,3.0031516185754157,0.48006596270373836,0.4729152314103364,0.877272061652243,1,1.8916609256413457,0.0036855036855036856,0.15397215397215397,0.05041955158899665
309,0.4662214999348502,0.4536538759028431,3.0047437057083846,0.4804031954596863,0.47763215217807725,0.8772770713181303,1,1.910528608712309,0.0036855036855036856,0.15683865683865683,0.05129920783182071
310,0.4659860618235786,0.4537260219064413,3.0083086191330435,0.480463663177154,0.47381800445892913,0.8768835509762778,1,1.8952720178357165,0.0036855036855036856,0.15151515151515152,0.04927178221449214
311,0.46601010785241287,0.4536861590832958,3.0114114168461072,0.4799274461852011,0.47312259158049497,0.8770202763102061,1,1.8924903663219799,0.0036855036855036856,0.15028665028665028,0.04859143947107309
312,0.4659983523712769,0.45365452014486013,3.0140871301508794,0.48013556055233264,0.472645518605072,0.8772662638503642,1,1.890582074420288,0.0036855036855036856,0.14946764946764945,0.0482772224158675
313,0.46608390998468185,0.4536564304209918,3.016501025936838,0.48030666261226657,0.47362761538593373,0.8769016334060392,1,1.894510461543735,0.0036855036855036856,0.14987714987714987,0.048267715487596584
314,0.4659704832087112,0.45346406177306314,3.018436226805529,0.48106673677088796,0.4770315351907129,0.8770738567893211,1,1.9081261407628516,0.0036855036855036856,0.15397215397215397,0.05046167811795336
315,0.46575886525256427,0.45360433492281604,3.0224209821058032,0.4806082329617593,0.4723231945010728,0.8772647710261197,1,1.8892927780042912,0.003276003276003276,0.14782964782964783,0.047268301067169845
316,0.46605146917018747,0.4534973495572645,3.0231998044934345,0.4816120363934522,0.4798913703875253,0.8779772284012968,1,1.919565481550101,0.0036855036855036856,0.15642915642915642,0.051132430268280946
317,0.4660692743398256,0.4536222969011253,3.026781872013031,0.48112294670166084,0.4765478676769212,0.8773242098877638,1,1.9061914707076848,0.0036855036855036856,0.15028665028665028,0.048671010240228366
318,0.46600393523973016,0.45358504393979127,3.0295877010396843,0.4809551263762602,0.47577066311374167,0.8773579393913535,1,1.9030826524549667,0.003276003276003276,0.14946764946764945,0.04839911693109113
319,0.46614481798963175,0.45340498298792975,3.0311936821816396,0.4816183906269152,0.47997559648797855,0.8778023361657123,1,1.9199023859519142,0.0036855036855036856,0.15397215397215397,0.05051297730167999
320,0.4657810833516012,0.4533657871746871,3.0339640743572143,0.48079664451614845,0.4799058219734415,0.8781794657539921,1,1.919623287893766,0.0036855036855036856,0.15397215397215397,0.05059437518080989
321,0.46611197407724936,0.4533678500983105,3.036143797560887,0.4814133369275291,0.48099780221558397,0.8788847695699514,1,1.9239912088623359,0.0036855036855036856,0.15397215397215397,0.05052471891138248
322,0.4658985200944968,0.4535723499670311,3.0373137898802924,0.48256675018791584,0.4865279954242486,0.8792247935060346,1,1.9461119816969945,0.0036855036855036856,0.15765765765765766,0.05170692016178843
323,0.46582542777289215,0.45356178722307455,3.041311029312169,0.4823740893387613,0.4802580560575262,0.8789997429180045,1,1.9210322242301048,0.0036855036855036856,0.15151515151515152,0.04948311276682237
324,0.4659142347804993,0.45350567298497213,3.04225430959422,0.482950313600159,0.48645825471949317,0.8789966812786731,1,1.9458330188779727,0.0036855036855036856,0.15724815724815724,0.051437408578874994
325,0.46598491638083184,0.4534788851299978,3.047033546105932,0.4827063216592161,0.47543749772326144,0.8790045844916206,1,1.9017499908930457,0.003276003276003276,0.14455364455364456,0.04628596074801452
326,0.4659032173887526,0.4534642007981655,3.0489442002556175,0.48262558933642413,0.477644509420098,0.8798694266592878,1,1.910578037680392,0.003276003276003276,0.14823914823914824,0.04780485007084931
327,0.46606548558757493,0.45335233814304443,3.049448340382567,0.4836868786898682,0.48513162366375373,0.8801885597374195,1,1.940526494655015,0.0036855036855036856,0.15438165438165438,0.050438239322067493
328,0.46580686918394437,0.453460436667918,3.0529686879243405,0.4833434617583694,0.48008324841910927,0.8801522360815434,1,1.920332993676437,0.003276003276003276,0.14823914823914824,0.04768683817855113
329,0.46611635277999836,0.4534470051252203,3.0532166886358163,0.48452104841575117,0.48876580068286324,0.8805226109757702,1,1.955063202731453,0.0036855036855036856,0.15724815724815724,0.05144887227912967
330,0.4658853178572134,0.45347048090076736,3.0554422885217423,0.484334773966417,0.4899691617134073,0.8803250022160349,1,1.9598766468536293,0.0036855036855036856,0.15724815724815724,0.051416998781934495
331,0.4655671652834492,0.4534213814139205,3.0603591761854507,0.48434107282016575,0.4784554061205141,0.8804995669871064,1,1.9138216244820565,0.003276003276003276,0.14455364455364456,0.04629617182590412
332,0.4660568274499194,0.45346295830090694,3.0614033343741798,0.4855885899815272,0.48360966688586304,0.8801268360639939,1,1.9344386675434522,0.003276003276003276,0.14987714987714987,0.04838657260707832
333,0.46576094820540587,0.4532484123931112,3.0631555189120836,0.48503031724899914,0.48648079589440324,0.8802441985796611,1,1.945923183577613,0.0036855036855036856,0.15397215397215397,0.0506490240659881
334,0.46573350925692475,0.45336793189894864,3.06247842283842,0.48620884973998246,0.4987654821999401,0.8808364368080639,1,1.9950619287997604,0.0036855036855036856,0.16707616707616707,0.05609786238853777
335,0.4659977889921304,0.45338247770599205,3.066339306792047,0.48528400722177273,0.49150735024163733,0.8813453177682182,1,1.9660294009665493,0.0036855036855036856,0.15724815724815724,0.051519203370613324
336,0.46561600105356254,0.4533719698869487,3.0706885780004534,0.4844768400518553,0.48291023614184037,0.8817776811220235,1,1.9316409445673615,0.003276003276003276,0.14823914823914824,0.04782776754310464
337,0.465969805378428,0.45339773780431064,3.070319238843982,0.4854709653025637,0.4932943287456939,0.882561576187328,1,1.9731773149827756,0.0036855036855036856,0.15765765765765766,0.05183567884102503
338,0.46602796887037556,0.4532842650045187,3.0729176475759794,0.4852928254629807,0.4915149671625474,0.8828433280087077,1,1.9660598686501896,0.0036855036855036856,0.15683865683865683,0.05163884442401821
339,0.46576153648027163,0.45297264316649954,3.073988693150884,0.48585185411702025,0.4960489762591966,0.8827777778340865,1,1.9841959050367863,0.0036855036855036856,0.16093366093366093,0.05326401109772501
340,0.4657856866925861,0.4531877405740346,3.0774536515443054,0.48578379944498085,0.4905212736672334,0.883238983654173,1,1.9620850946689337,0.0036855036855036856,0.15438165438165438,0.0505707229225851
341,0.4656223453999306,0.4531464212068318,3.079991900309901,0.4855692639011168,0.4892538531778407,0.8830179629374104,1,1.9570154127113628,0.0036855036855036856,0.15397215397215397,0.05074886360960127
342,0.4658124658474771,0.4529381226167198,3.0804041465298733,0.4865652034532265,0.49713132457086034,0.8824679571597255,1,1.9885252982834414,0.0036855036855036856,0.16093366093366093,0.05333736157236448
343,0.4659574800537266,0.45307594872902746,3.081605947653865,0.48677660758875757,0.49998464953896304,0.8827870011469741,1,1.9999385981558522,0.0036855036855036856,0.16216216216216217,0.053954219198780455
344,0.4656844488286895,0.4532155537327182,3.0852249010378774,0.485663690698113,0.4937878896482245,0.8834379885574595,1,1.975151558592898,0.0036855036855036856,0.15642915642915642,0.05132347798551436
345,0.4656328011147945,0.4532869027816413,3.086794425559162,0.48608668991735243,0.49600978089401915,0.8836745590195662,1,1.9840391235760766,0.0036855036855036856,0.15724815724815724,0.05158176499271349
346,0.4657507225888769,0.4531687231131987,3.0891940097514516,0.4855937787981711,0.49406659341967335,0.8842269847703851,1,1.9762663736786934,0.0036855036855036856,0.15438165438165438,0.050551458043362266
347,0.46557484503492386,0.4532644853926846,3.0929848580448653,0.48490496749331546,0.48631427581102465,0.8847295446357878,1,1.9452571032440986,0.003276003276003276,0.14823914823914824,0.048005600525457964
348,0.46538642877084646,0.45310823169734543,3.0932481460680195,0.4863997285473213,0.4935053133095739,0.8849764007773177,1,1.9740212532382957,0.0036855036855036856,0.15438165438165438,0.05065874451613664
349,0.46570704796262896,0.4530741407240721,3.095387922641691,0.4877741300996094,0.49263869342113137,0.8855735093303592,1,1.9705547736845255,0.0036855036855036856,0.15397215397215397,0.050736513693998085
350,0.4656591817950601,0.4528699786205307,3.095440680418517,0.4887964042602529,0.5009616466317474,0.886318864818947,1,2.0038465865269894,0.0036855036855036856,0.16134316134316135,0.053669959145009695
351,0.4657129332459185,0.4527758147612807,3.0976322799718417,0.4890327992785788,0.49938812747585637,0.886201637894006,1,1.9975525099034255,0.0036855036855036856,0.16093366093366093,0.05342615852406427
352,0.4656458089719381,0.45305790081461356,3.100783006427579,0.4883851352129134,0.4945585733610753,0.8867258632856941,1,1.9782342934443011,0.0036855036855036856,0.15438165438165438,0.0506681327929977
353,0.46593516455692907,0.45306501653237446,3.1023593476196014,0.48897928685500003,0.4955742432367949,0.8869424597667082,1,1.9822969729471795,0.0036855036855036856,0.15438165438165438,0.05060745413222036
354,0.46547174662551816,0.45304027422499377,3.1042619064444756,0.48866419925913196,0.49549547898123114,0.8876775928669073,1,1.9819819159249246,0.0036855036855036856,0.15438165438165438,0.050644004750341684
355,0.46572098038723453,0.45301976794896526,3.1060493686528594,0.4884363076818126,0.4953725556689412,0.8881592842221182,1,1.9814902226757647,0.0036855036855036856,0.15438165438165438,0.05068754617036556
356,0.4656774208885113,0.45295117504795873,3.1054198158336277,0.4902726145983986,0.5057426327178113,0.8881507873746238,1,2.022970530871245,0.0036855036855036856,0.16339066339066338,0.05468413331867013
357,0.4655370548160669,0.4530022693058867,3.109893589596748,0.4894216824802984,0.4953673255605819,0.887643499731271,1,1.9814693022423275,0.003276003276003276,0.15438165438165438,0.0507810416637162
358,0.46580003280627763,0.45270323085912867,3.1102315896806916,0.4906077937278622,0.5017047277659146,0.8875133474662886,1,2.0068189110636583,0.0036855036855036856,0.16052416052416052,0.053080184967496745
359,0.4655404383567523,0.4531862714405153,3.1144562986570095,0.48841060866940367,0.4922792674523278,0.8878313617175416,1,1.9691170698093112,0.003276003276003276,0.14823914823914824,0.04789485969483454
360,0.46539235034571275,0.4530154257375226,3.1150245684029736,0.4885205876331752,0.4985252138914377,0.8885369356765614,1,1.994100855565751,0.0036855036855036856,0.15438165438165438,0.05064442069341284
361,0.46563248443814115,0.4530491324864463,3.1164127992737556,0.4886090298825293,0.5006232565527182,0.8896825260165745,1,2.002493026210873,0.0036855036855036856,0.15724815724815724,0.05171403650749075
362,0.4657245405095244,0.452634014942666,3.1176669988047143,0.4881593655394808,0.5035465947494719,0.8906076490374623,1,2.0141863789978878,0.0036855036855036856,0.16093366093366093,0.0534691284386826
363,0.46572037454371623,0.4530420498214564,3.1197636616010165,0.48822324919966115,0.5016831939137432,0.8904594449779782,1,2.0067327756549727,0.0036855036855036856,0.15724815724815724,0.051695047447518246
364,0.46571680067843113,0.45261010792666345,3.12108965725661,0.48854314226346657,0.503755114244274,0.8901232900280047,1,2.015020456977096,0.0036855036855036856,0.16093366093366093,0.053548470684950576
365,0.4656471159581008,0.45284606998682786,3.1214409524634874,0.4896765966688234,0.5091632088147403,0.8905256709252172,1,2.0366528352589612,0.0036855036855036856,0.16298116298116297,0.05432121552498495
366,0.46561484742977566,0.4526323661256081,3.1240457751816444,0.49040536978752813,0.5050149939309441,0.8899592044364134,1,2.0200599757237763,0.0036855036855036856,0.16093366093366093,0.05348891508092581
367,0.4654381012126613,0.4529032608309819,3.127568866587021,0.4891831075975888,0.4971877734516634,0.8905608634570576,1,1.9887510938066535,0.003276003276003276,0.15356265356265356,0.05058051333983497
368,0.46578587647729597,0.45259776850201694,3.127336582851504,0.4903593157737551,0.5051851510655961,0.8901644921920635,1,2.0207406042623846,0.0036855036855036856,0.16093366093366093,0.053553634455791754
369,0.4656545560153198,0.45302747029941565,3.1294439441806308,0.49008405889334394,0.5037963066258,0.8896928467575386,1,2.0151852265032,0.0036855036855036856,0.15724815724815724,0.05175538749859987
370,0.46562210271311666,0.45298006947191566,3.131325719998168,0.49006206365803084,0.502806074272059,0.8897966858575221,1,2.011224297088236,0.0036855036855036856,0.1547911547911548,0.05063709185879435
371,0.46563215498152283,0.45257340758196196,3.130329191447941,0.4918508871855726,0.5139542175988614,0.8902627887315026,1,2.0558168703954456,0.0036855036855036856,0.16871416871416872,0.05689415289583243
372,0.46527153472234417,0.4529391244116239,3.1347174525032937,0.49042132971878644,0.502585652108079,0.890513147426615,1,2.010342608432316,0.0036855036855036856,0.15438165438165438,0.050708657701414264
373,0.46542938666377204,0.4528298730027552,3.134068162763782,0.49177405321697887,0.5121143130186792,0.8898832543300994,1,2.0484572520747166,0.0036855036855036856,0.16339066339066338,0.05480975971099971
374,0.4655320747865762,0.4526665527469488,3.136256448286981,0.49111456660560276,0.5096620671549743,0.8906359870533356,1,2.0386482686198972,0.0036855036855036856,0.16134316134316135,0.053813480315141445
375,0.4655154061047413,0.45295938964065796,3.1389762017568708,0.49105146646378606,0.5048079576000358,0.8908138684546183,1,2.0192318304001433,0.0036855036855036856,0.15724815724815724,0.051857524373334914
376,0.46555010127469604,0.452880586463288,3.138225473941031,0.492740802023112,0.5142777044292915,0.8910319332306139,1,2.057110817717166,0.0036855036855036856,0.16707616707616707,0.056317427321618825
377,0.4656207504745215,0.4525001363736242,3.1414156345216115,0.4915407344821986,0.5072387664601604,0.8916935067212195,1,2.0289550658406417,0.0036855036855036856,0.1601146601146601,0.05326582548862786
378,0.4653892351198909,0.4528484470365597,3.1444022788548587,0.49103598555944133,0.5006580768550918,0.8914344929274094,1,2.002632307420367,0.003276003276003276,0.15356265356265356,0.050654838942250265
379,0.4655475725397805,0.4528584767809104,3.1455290111373295,0.4915636287313285,0.5021616920782446,0.8913765952451358,1,2.0086467683129783,0.003276003276003276,0.15356265356265356,0.050553398337515966
380,0.46566810199992675,0.4527903993265435,3.1441555133507695,0.49264469231460206,0.5144693951578676,0.8912059016613488,1,2.0578775806314704,0.0036855036855036856,0.16339066339066338,0.054813915222457744
381,0.4654533488661126,0.45256087576063236,3.146795035903162,0.4916859194575951,0.5103938628754561,0.8913088614080131,1,2.0415754515018243,0.0036855036855036856,0.16093366093366093,0.05355604430037645
382,0.4652627108803595,0.4529284184855487,3.1492688309789947,0.4910821723507957,0.5068500448643581,0.8908998911913866,1,2.0274001794574326,0.0036855036855036856,0.1552006552006552,0.051119284441821206
383,0.4656464526171256,0.4526801137313983,3.1490892514774584,0.49186071136641313,0.5139849405384679,0.8907529971013349,1,2.0559397621538715,0.0036855036855036856,0.16216216216216217,0.05458420843084187
384,0.46530681830439935,0.4528409511890782,3.152994404392528,0.49109857277052904,0.5034965919851271,0.8909999574198512,1,2.0139863679405083,0.003276003276003276,0.15356265356265356,0.05065122623514462
385,0.4655289968872858,0.4529316240312986,3.1532382707874125,0.49209718472200237,0.5081189798012162,0.8908567897486079,1,2.032475919204865,0.0036855036855036856,0.1552006552006552,0.05109811283708198
386,0.4654118708782273,0.4528847046425044,3.154810668037893,0.49265111751740287,0.5068056095110967,0.8910546107961136,1,2.0272224380443866,0.003276003276003276,0.1547911547911548,0.05080751635052492
387,0.46562154330368094,0.45257199987293484,3.1546870204351283,0.4938472865727357,0.5129408096354195,0.8916702092068322,1,2.051763238541678,0.0036855036855036856,0.16134316134316135,0.053927110707829205
388,0.46541198387085625,0.45287708125112996,3.157360349041904,0.49336707055568746,0.5075945909493912,0.8918588214686761,1,2.0303783637975648,0.0036855036855036856,0.15438165438165438,0.05076852296018221
389,0.4656267529087102,0.45290376743948374,3.1581846014495745,0.4935806481673468,0.5092757360079179,0.8924593643677806,1,2.0371029440316715,0.0036855036855036856,0.15724815724815724,0.05187522359407393
390,0.4655084566093682,0.45243866617670775,3.158900749231359,0.4948623781904533,0.5110397648227225,0.8930472286005096,1,2.04415905929089,0.0036855036855036856,0.1601146601146601,0.05328896164930013
391,0.4655601613295268,0.4528237237622699,3.161241675395218,0.49391772214340673,0.5071230483317914,0.8932535024480321,1,2.028492193327166,0.003276003276003276,0.1547911547911548,0.05084780992751194
392,0.46549826735035776,0.45287152330055847,3.161948905239879,0.4946665311260622,0.5097168291480574,0.8938038762350995,1,2.0388673165922295,0.0036855036855036856,0.15724815724815724,0.051870334029575874
393,0.4653313773110704,0.4527684922415939,3.164596163938956,0.4940058360171601,0.5046115586689727,0.894376898046082,1,2.0184462346758907,0.003276003276003276,0.15356265356265356,0.05068591960087798
394,0.46546221807304705,0.4527746755810062,3.1657699618925546,0.4941803901554267,0.5052327235971434,0.8938136583061135,1,2.0209308943885738,0.003276003276003276,0.15356265356265356,0.05067922363982323
395,0.4655845331660945,0.4528685829072689,3.1657551968036444,0.4953477651154375,0.5106005721499866,0.8935566648220626,1,2.042402288599946,0.0036855036855036856,0.15724815724815724,0.05188834876401303
396,0.46547161804024006,0.45285040457507125,3.167167500664418,0.49528420870858764,0.5104092079224712,0.8939068099548367,1,2.041636831689885,0.0036855036855036856,0.1552006552006552,0.05110280477097024
397,0.46576290770566336,0.4524233507628076,3.1675915039029143,0.4963603736963395,0.5132729031817951,0.8935765171658607,1,2.0530916127271803,0.0036855036855036856,0.1601146601146601,0.053279550875783864
398,0.46522823468849506,0.4527775615754376,3.1702756849796883,0.49539586338315267,0.5076153950585267,0.8938140792017958,1,2.030461580234107,0.003276003276003276,0.15397215397215397,0.050576403556764876
399,0.46562324116240955,0.4524191033256896,3.1700276890968992,0.4955693191940937,0.5142802027828655,0.8944394384605812,1,2.057120811131462,0.0036855036855036856,0.16052416052416052,0.053245917544554884
400,0.4650073237955654,0.45299701195655395,3.173431925320146,0.4950227905520508,0.5056981419609743,0.8941288568964977,1,2.022792567843897,0.003276003276003276,0.14905814905814907,0.048372429840479174
