method,seed,split,improvement_rate,improvement_error,error_no_response,movers,neg_movers,expected_improved,predicted_positive_before,alg2_improvement_error,alg2_improvement_rate,model_type,loss,threshold
ours,0,algo_val,0.876168787496813,0.06426806378371289,0.40754369825206993,6378,2687,2354.2655320039366,0.008075232546253705,0.06388082819514221,0.8772589021518373,,,
ours,0,algo_test,0.8779103777704438,0.06444577871098975,0.41056827473426,6360,2650,2326.462501091676,0.005212591986917416,0.0644032071506161,0.8782151309029762,,,
pli,0,algo_val,0.24190494939550267,0.36801637346631094,0.2275375651640601,4067,3095,748.6958183790807,0.42768067055095577,,,nn,bce,0.5
pli,0,algo_test,0.23948454219804227,0.36774514896751304,0.22301717089125103,4112,3140,751.9814625018528,0.42375306623058057,,,nn,bce,0.5
pli,0,algo_val,0.3706672386574687,0.2611478015625462,0.24859450066441788,4788,3014,1117.1910573136106,0.2737401615046509,,,nn,bce,0.7
pli,0,algo_test,0.37216278228100724,0.2615799646940884,0.25030662305805396,4866,3057,1137.7016254330392,0.2697260834014718,,,nn,bce,0.7
pli,0,algo_val,0.42712668612450194,0.20285921987606867,0.30328120208524995,5182,2670,1140.4282519524202,0.15281610957783912,,,nn,bce,0.8
pli,0,algo_test,0.42881007492996137,0.20401305557450178,0.30314799672935405,5253,2726,1168.9362642590747,0.15024529844644316,,,nn,bce,0.8
pli,0,algo_val,0.5523477924811084,0.1695534725418431,0.38382909128079323,4537,1686,931.2583781231489,0.03567412859041194,,,nn,bce,0.9
pli,0,algo_test,0.5557920045534669,0.17565390435962314,0.3821545380212592,4477,1701,945.4021997454472,0.035670482420278,,,nn,bce,0.9
pli,0,algo_val,0.29343127368502453,0.30878914717986755,0.23346621690687927,4533,3088,906.1157731393557,0.33200449759787387,,,nn,wbce_2,0.5
pli,0,algo_test,0.29395644925871695,0.3095425860819855,0.23426001635322977,4617,3138,922.4353377738538,0.32542927228127555,,,nn,wbce_2,0.5
pli,0,algo_val,0.4036952956192604,0.21025666475394186,0.2974547684759276,5112,2668,1077.0590487121867,0.1621179597260554,,,nn,wbce_2,0.7
pli,0,algo_test,0.4055054431755656,0.21149803406824855,0.2982420278004906,5165,2707,1097.703234676256,0.16046606704824204,,,nn,wbce_2,0.7
pli,0,algo_val,0.4891992915394733,0.17309482788795422,0.3519370336297659,4951,2119,1036.613298772144,0.07840130839210877,,,nn,wbce_2,0.8
pli,0,algo_test,0.48991954397894005,0.17706714961629247,0.35128781684382665,4989,2175,1065.5750081541946,0.0767579721995094,,,nn,wbce_2,0.8
pli,0,algo_val,0.5855827117475844,0.2965938514277983,0.4029438822447102,1568,373,218.42235148184895,0.010426249616682,,,nn,wbce_2,0.9
pli,0,algo_test,0.5946490204225551,0.2995520563471685,0.401880621422731,1531,377,224.18268069930326,0.010834014717906787,,,nn,wbce_2,0.9
pli,0,algo_val,0.3748591429405246,0.2172244640487285,0.2912194623326178,4842,2534,949.8930682112892,0.17469079014617192,,,nn,wbce_4,0.5
pli,0,algo_test,0.37739623904686675,0.21744173057810962,0.29241618969746525,4915,2577,972.5501080237757,0.1722199509403107,,,nn,wbce_4,0.5
pli,0,algo_val,0.5009580611594463,0.18496661740356643,0.3689052437902484,4102,1536,769.4715819409096,0.05427782888684453,,,nn,wbce_4,0.7
pli,0,algo_test,0.5025623026724163,0.19173614443706433,0.3641659852820932,4056,1582,795.0535628277627,0.05774734260016353,,,nn,wbce_4,0.7
pli,0,algo_val,0.5492720568828762,0.31403791697817435,0.4019217009097414,1324,320,175.7670582025204,0.010835122150669528,,,nn,wbce_4,0.8
pli,0,algo_test,0.5581547786761152,0.3130830578214543,0.401369582992641,1305,306,170.79536227489126,0.011345053147996728,,,nn,wbce_4,0.8
pli,0,algo_val,,0.4113257691914546,0.4113257691914546,0,0,0.0,0.0,,,nn,wbce_4,0.9
pli,0,algo_test,,0.41210139002452983,0.41210139002452983,0,0,0.0,0.0,,,nn,wbce_4,0.9
pli,0,algo_val,0.46408371168352075,0.18365863883185304,0.34979045282633137,4479,1858,862.2675363079816,0.08136563426351835,,,nn,wbce_8,0.5
pli,0,algo_test,0.46131135789758354,0.19027628521698697,0.3497547015535568,4490,1904,878.3368254369991,0.07829108748977923,,,nn,wbce_8,0.5
pli,0,algo_val,0.5976913825834563,0.32740022250816586,0.4071348257180824,1118,241,144.04362320261296,0.004599816007359705,,,nn,wbce_8,0.7
pli,0,algo_test,0.6096576089997163,0.3299661087018668,0.40658217497955845,1068,229,139.61159246093504,0.005723630417007359,,,nn,wbce_8,0.7
pli,0,algo_val,,0.4113257691914546,0.4113257691914546,0,0,0.0,0.0,,,nn,wbce_8,0.8
pli,0,algo_test,,0.41210139002452983,0.41210139002452983,0,0,0.0,0.0,,,nn,wbce_8,0.8
pli,0,algo_val,,0.4113257691914546,0.4113257691914546,0,0,0.0,0.0,,,nn,wbce_8,0.9
pli,0,algo_test,,0.41210139002452983,0.41210139002452983,0,0,0.0,0.0,,,nn,wbce_8,0.9
pli,0,algo_val,0.3191593334546876,0.40663018066997003,0.23561279771031382,5331,4167,1329.9369425056832,0.4034549729121946,,,linear,bce,0.5
pli,0,algo_test,0.3226020143661701,0.4081027916471101,0.24059689288634506,5428,4213,1359.1222865246746,0.3977923139820114,,,linear,bce,0.5
pli,0,algo_val,0.5144731698209095,0.2658841229428751,0.29673924154144943,6856,4412,2269.855625249853,0.20004088725339875,,,linear,bce,0.7
pli,0,algo_test,0.5157925804988281,0.26658957580613707,0.29834423548650857,6954,4476,2308.6875903127548,0.19491005723630417,,,linear,bce,0.7
pli,0,algo_val,0.6340745068467615,0.1839736762944728,0.34427067361749975,7316,4208,2668.1855248111724,0.10732904017172647,,,linear,bce,0.8
pli,0,algo_test,0.6364122706621003,0.18403610972059267,0.348528209321341,7466,4295,2733.3907024937207,0.09975470155355683,,,linear,bce,0.8
pli,0,algo_val,0.7777790357926923,0.09919657510261377,0.38536236328324647,7026,3458,2689.5599057711297,0.04088725339875294,,,linear,bce,0.9
pli,0,algo_test,0.7771704751569541,0.09733180077314721,0.39094439901880623,7045,3412,2651.7056612355277,0.03362632869991823,,,linear,bce,0.9
pli,0,algo_val,0.4273609437590749,0.3287699494254998,0.2570786057446591,6072,4307,1840.6435847703356,0.3000102218133497,,,linear,wbce_2,0.5
pli,0,algo_test,0.4300960196129615,0.3294820337964028,0.258892068683565,6140,4351,1871.3477813359955,0.2969133278822568,,,linear,wbce_2,0.5
pli,0,algo_val,0.6237053151247605,0.1903827837202926,0.3352754778697741,7147,4163,2596.4852268643776,0.12204845139527752,,,linear,wbce_2,0.7
pli,0,algo_test,0.6255001226587594,0.18986309052728972,0.33687653311529026,7291,4258,2663.3795222809977,0.11549468520032706,,,linear,wbce_2,0.7
pli,0,algo_val,0.7291345181530025,0.12489936194957355,0.369211898190739,7119,3721,2713.109542047322,0.06357967903506082,,,linear,wbce_2,0.8
pli,0,algo_test,0.7314802773825526,0.12276513614270847,0.3774529844644317,7193,3706,2710.86590797974,0.054885527391659854,,,linear,wbce_2,0.8
pli,0,algo_val,0.8389332405110711,0.07634813963642789,0.3989573750383318,6284,2694,2260.0861499368257,0.02054584483287335,,,linear,wbce_2,0.9
pli,0,algo_test,0.8397745394972338,0.07668860416607495,0.401778413736713,6275,2667,2239.6786968391225,0.016864268192968112,,,linear,wbce_2,0.9
pli,0,algo_val,0.6197169709417852,0.1922195938344437,0.3237248287846264,6867,4043,2505.515713517638,0.14157211489318205,,,linear,wbce_4,0.5
pli,0,algo_test,0.6230173661212952,0.19188781146601963,0.3226696647587899,6961,4126,2570.569652616464,0.13890024529844644,,,linear,wbce_4,0.5
pli,0,algo_val,0.7787551778701332,0.09848049852403815,0.3791270571399366,6645,3193,2486.5652829393352,0.04753143207605029,,,linear,wbce_4,0.7
pli,0,algo_test,0.7802374509698067,0.09797780855036249,0.38532297628781687,6639,3138,2448.3851211432534,0.04129190515126738,,,linear,wbce_4,0.7
pli,0,algo_val,0.8445974762013246,0.08009616485566354,0.39875293877133805,5947,2449,2068.419219217044,0.019728099764898293,,,linear,wbce_4,0.8
pli,0,algo_test,0.8447585142337924,0.0783185898269998,0.40055192150449714,5923,2398,2025.7309171326342,0.01706868356500409,,,linear,wbce_4,0.8
pli,0,algo_val,0.8962918330960965,0.12130848663859715,0.40754369825206993,4128,1203,1078.239075214604,0.005621997342328529,,,linear,wbce_4,0.9
pli,0,algo_test,0.900038261288511,0.12512816554271472,0.4098528209321341,4109,1203,1082.7460283300788,0.003679476696647588,,,linear,wbce_4,0.9
pli,0,algo_val,0.7742882046552916,0.10038502555752758,0.3757538587345395,6425,3044,2356.9332949707077,0.05172237554942247,,,linear,wbce_8,0.5
pli,0,algo_test,0.7784121553367387,0.09923052669798654,0.38062142273098937,6424,3005,2339.1285267869,0.04783319705641864,,,linear,wbce_8,0.5
pli,0,algo_val,0.8707364377755837,0.09575556961027652,0.4024327915772258,5060,1824,1588.2232625026647,0.012981702954104057,,,linear,wbce_8,0.7
pli,0,algo_test,0.8724737375078038,0.09379341769710192,0.4053556827473426,5079,1801,1571.3252012515545,0.009811937857726901,,,linear,wbce_8,0.7
pli,0,algo_val,0.8992008317074877,0.143074554750508,0.4081570070530512,3693,999,898.3016308757801,0.005008688541347235,,,linear,wbce_8,0.8
pli,0,algo_test,0.9037584776857297,0.14847558719838352,0.4099550286181521,3671,1015,917.3148548510156,0.0033728536385936223,,,linear,wbce_8,0.8
pli,0,algo_val,0.9168310805617738,0.289349393336056,0.41081467852397013,1484,273,250.29488499336424,0.0009199632014719411,,,linear,wbce_8,0.9
pli,0,algo_test,0.9186667123940199,0.29044180862639485,0.4117947669664759,1449,242,222.3173443993528,0.0007154538021259198,,,linear,wbce_8,0.9
