clip_mode,profile,beta,rate,rate(algo_train),neg movers,E[improved],target>max,j*,S(w),val loss
none,"WKHP cheap (1,0.5,1)",16.0,0.999844661320362,0.9997919441005216,11511,11509.211896458686,1.0,WKHP,2.1054288774251257,0.00022804154658719478
none,"WKHP cheap, SCHL costly (1,0.5,2)",16.0,0.9998254146897273,0.9997730686394991,11511,11508.990348493451,1.0,WKHP,2.0086270672201554,0.0002682578077169968
none,"AGEP cheap (0.5,1,1)",16.0,0.9996868435339952,0.9996358377018906,11511,11507.395255919819,1.0,AGEP,2.427198158569777,0.00048826110713693103
none,"equal (1,1,1)",16.0,0.9992446490235574,0.9991878670769619,11511,11502.30515491017,1.0,SCHL,3.584092467683556,0.0017246470764595604
none,"WKHP cheap, SCHL costly (1,0.5,2)",8.0,0.9982833207517919,0.998269006603132,11511,11491.239305173876,1.0,WKHP,3.704518538329209,0.0034700594637015795
feasible,"AGEP cheap (0.5,1,1)",8.0,0.9452741591330551,0.9461379643641114,6063,5731.197226823713,0.0,WKHP,1.892280149373095,0.5308686478770309
clip,"WKHP cheap, SCHL costly (1,0.5,2)",4.0,0.9078825048839956,0.910981281234721,11316,10273.598425267293,0.43373992143890844,WKHP,4.34948952599931,0.16548068183664605
clip,"SCHL costly (1,1,2)",8.0,0.9078788202393689,0.9109775057411224,11316,10273.556729828699,0.43373992143890844,WKHP,4.349523307736903,0.16548027131619614
clip,"WKHP cheap (1,0.5,1)",4.0,0.9078786259811437,0.9109773261649167,11316,10273.554531602622,0.43373992143890844,WKHP,4.349782455562412,0.1654799399258833
clip,"AGEP fixed, SCHL costly (1e6,1,2)",8.0,0.9078786259811437,0.9109773261649167,11316,10273.554531602622,0.43373992143890844,WKHP,4.349782455562412,0.1654799399258833
clip,"SCHL costly (1,1,4)",8.0,0.9078671001244296,0.9109600321709038,11316,10273.424105008045,0.43373992143890844,WKHP,4.3507188705267374,0.16547919651913673
feasible,"equal (1,1,1)",4.0,0.8732876968212383,0.875028571844708,5229,4566.421366678255,0.0,WKHP,5.562229885974299,0.32261182293566015
feasible,"SCHL costly (1,1,2)",4.0,0.8732768723435875,0.8750236934604129,5229,4566.364765484619,0.0,WKHP,5.56173116315907,0.322617283957166
feasible,"SCHL costly (1,1,4)",4.0,0.8732747791293922,0.8750216447842483,5229,4566.353820067592,0.0,WKHP,5.561592444493561,0.32261832999870327
feasible,"WKHP cheap, SCHL costly (1,0.5,2)",2.0,0.8732561075094892,0.8750056405186999,5229,4566.256186167119,0.0,WKHP,5.561614017510249,0.3226196609357231
