clip_mode,profile,beta,best_epoch,best_val_loss,w,b,alpha_used,sel_n_agents,sel_j_star,sel_S_w,sel_manipulating,sel_manipulating_y0,sel_manipulating_y1,sel_expected_improved,sel_expected_improvement_rate,sel_frac_negatives_manipulating,sel_frac_movers_beyond_observed_max,rep_n_agents,rep_j_star,rep_S_w,rep_manipulating,rep_manipulating_y0,rep_manipulating_y1,rep_expected_improved,rep_expected_improvement_rate,rep_frac_negatives_manipulating,rep_frac_movers_beyond_observed_max
none,"equal (1,1,1)",0.25,9,0.5779402047334836,"[0.56376, 0.83751, 1.15426]",0.77307,"{'AGEP': 1.0, 'WKHP': 1.0, 'SCHL': 1.0}",88049,SCHL,0.28856529512996815,7597,3163,4434,252.0318600388663,0.07968127095759289,0.06113967603510264,0.006186652626036593,19567,SCHL,0.28856529512996815,1657,696,961,55.13796373220182,0.07922121225891066,0.06046390409173834,0.0024140012070006035
none,"equal (1,1,1)",0.5,18,0.5741843776755956,"[0.55786, 0.84546, 1.2248]",1.11813,"{'AGEP': 1.0, 'WKHP': 1.0, 'SCHL': 1.0}",88049,SCHL,0.6123997560158415,15282,5786,9496,1007.6318914330634,0.17414999851936802,0.11184134225074419,0.01230205470488156,19567,SCHL,0.6123997560158415,3353,1300,2053,220.28796656116964,0.16945228197013049,0.11293545304491356,0.007456009543692216
none,"equal (1,1,1)",1.0,29,0.5466363822448762,"[0.52126, 0.82194, 1.46473]",1.93958,"{'AGEP': 1.0, 'WKHP': 1.0, 'SCHL': 1.0}",88049,SCHL,1.4647252334891159,30735,10600,20135,4049.328495034958,0.38201212217310926,0.20489426682645842,0.21743940133398407,19567,SCHL,1.4647252334891159,6893,2440,4453,928.3360782143066,0.38046560582553546,0.21197115802276084,0.21427535180618018
none,"equal (1,1,1)",2.0,49,0.4288944840257968,"[0.56735, 0.80336, 1.85909]",3.82332,"{'AGEP': 1.0, 'WKHP': 1.0, 'SCHL': 1.0}",88049,SCHL,3.7181875366633776,47197,17328,29869,12311.87388894201,0.7105190379121659,0.3349441373178181,0.8700976756997266,19567,SCHL,3.7181875366633776,10502,3917,6585,2781.240095919181,0.7100434250495739,0.34028320736686646,0.8730717958484099
none,"equal (1,1,1)",4.0,50,0.25658026924880367,"[0.35226, 0.60121, 1.46995]",4.37022,"{'AGEP': 1.0, 'WKHP': 1.0, 'SCHL': 1.0}",88049,SCHL,5.87981244595553,75780,40248,35532,36524.532836364524,0.9074869021159939,0.7779796652104999,0.9962787015043547,19567,SCHL,5.87981244595553,16732,8864,7868,8046.9037456493825,0.9078185633629718,0.7700460429154722,0.9964140568969639
none,"equal (1,1,1)",8.0,50,0.04500951118554924,"[0.18279, 0.20292, 0.70591]",3.44795,"{'AGEP': 1.0, 'WKHP': 1.0, 'SCHL': 1.0}",88049,SCHL,5.647284637492875,86197,50088,36109,49563.45572327976,0.9895275459846622,0.9681833996984575,1.0,19567,SCHL,5.647284637492875,19119,11116,8003,11000.866888893252,0.9896425772663955,0.9656849969594301,1.0
none,"equal (1,1,1)",16.0,50,0.0017246470764595604,"[0.08638, 0.07091, 0.22401]",1.58379,"{'AGEP': 1.0, 'WKHP': 1.0, 'SCHL': 1.0}",88049,SCHL,3.584092467683556,88049,51734,36315,51691.98511535955,0.9991878670769619,1.0,1.0,19567,SCHL,3.584092467683556,19567,11511,8056,11502.30515491017,0.9992446490235574,1.0,1.0
none,"AGEP cheap (0.5,1,1)",0.25,9,0.5779370179618495,"[0.56428, 0.83925, 1.16547]",0.78149,"{'AGEP': 0.5, 'WKHP': 1.0, 'SCHL': 1.0}",88049,SCHL,0.2913667216645001,7627,3174,4453,255.0600207181385,0.08035917476941982,0.061352302161054625,0.006031204929854464,19567,SCHL,0.2913667216645001,1665,699,966,55.98949134179513,0.08009941536737501,0.06072452436799583,0.0024024024024024023
none,"AGEP cheap (0.5,1,1)",0.5,18,0.5741904089070635,"[0.55823, 0.84568, 1.22704]",1.12035,"{'AGEP': 0.5, 'WKHP': 1.0, 'SCHL': 1.0}",88049,SCHL,0.6135202996820769,15291,5788,9503,1009.7996622969781,0.17446435077694852,0.11188000154637183,0.012294813942842195,19567,SCHL,0.6135202996820769,3354,1300,2054,220.70231267572737,0.1697710097505595,0.11293545304491356,0.007453786523553965
none,"AGEP cheap (0.5,1,1)",1.0,29,0.5466370159437469,"[0.52121, 0.82238, 1.46571]",1.94103,"{'AGEP': 0.5, 'WKHP': 1.0, 'SCHL': 1.0}",88049,SCHL,1.4657125010658612,30753,10605,20148,4050.593528026031,0.3819512992009459,0.2049909150655275,0.21731213214970896,19567,SCHL,1.4657125010658612,6897,2440,4457,928.6197301841157,0.38058185663283434,0.21197115802276084,0.21415108017978832
none,"AGEP cheap (0.5,1,1)",2.0,50,0.39209051931217864,"[1.19756, 0.91686, 1.17529]",4.61256,"{'AGEP': 0.5, 'WKHP': 1.0, 'SCHL': 1.0}",88049,AGEP,4.790229860926326,50045,18786,31259,14197.628613809147,0.7557558082513121,0.363126763830363,0.3455689879108802,19567,AGEP,4.790229860926326,11233,4282,6951,3235.357959886856,0.7555716861015545,0.37199200764486146,0.3439864684412
none,"AGEP cheap (0.5,1,1)",4.0,50,0.1990074070500316,"[0.81123, 0.74739, 0.66705]",4.82094,"{'AGEP': 0.5, 'WKHP': 1.0, 'SCHL': 1.0}",88049,AGEP,6.489813165264192,77816,41776,36040,39244.28617299563,0.9393978880935376,0.807515367070012,0.9795543332990645,19567,AGEP,6.489813165264192,17251,9255,7996,8684.49328985305,0.9383569194870934,0.8040135522543654,0.980001159353081
none,"AGEP cheap (0.5,1,1)",8.0,50,0.04500770743600936,"[0.18282, 0.20294, 0.70596]",3.44819,"{'AGEP': 0.5, 'WKHP': 1.0, 'SCHL': 1.0}",88049,SCHL,5.647705393467126,86197,50088,36109,49563.446226896915,0.9895273563906907,0.9681833996984575,1.0,19567,SCHL,5.647705393467126,19119,11116,8003,11000.864766966333,0.9896423863769641,0.9656849969594301,1.0
none,"AGEP cheap (0.5,1,1)",16.0,50,0.00048826110713693103,"[0.07585, 0.0222, 0.04065]",1.1854,"{'AGEP': 0.5, 'WKHP': 1.0, 'SCHL': 1.0}",88049,AGEP,2.427198158569777,88049,51734,36315,51715.16042766961,0.9996358377018906,1.0,1.0,19567,AGEP,2.427198158569777,19567,11511,8056,11507.395255919819,0.9996868435339952,1.0,1.0
none,"WKHP cheap (1,0.5,1)",0.25,10,0.5767343316248321,"[0.56419, 0.8486, 1.16416]",0.91518,"{'AGEP': 1.0, 'WKHP': 0.5, 'SCHL': 1.0}",88049,WKHP,0.4242988279426218,11001,4387,6614,551.8458180497137,0.12579115980162153,0.08479916495921444,0.0,19567,WKHP,0.4242988279426218,2435,983,1452,121.80556582620929,0.12391207103378361,0.08539657718703848,0.0
none,"WKHP cheap (1,0.5,1)",0.5,19,0.5646639128125646,"[0.56619, 0.95823, 1.18669]",1.442,"{'AGEP': 1.0, 'WKHP': 0.5, 'SCHL': 1.0}",88049,WKHP,0.9582332178804397,21791,7590,14201,2095.7959450561657,0.2761259479652392,0.14671202690686977,0.0,19567,WKHP,0.9582332178804397,4923,1743,3180,480.5314744550619,0.2756921827051417,0.15142038050560333,0.0
none,"WKHP cheap (1,0.5,1)",1.0,43,0.49833232888417417,"[0.54569, 1.26195, 1.30163]",2.76337,"{'AGEP': 1.0, 'WKHP': 0.5, 'SCHL': 1.0}",88049,WKHP,2.523897416685661,39965,13864,26101,7978.81083283814,0.5755056861539339,0.26798623729075655,0.000175153259101714,19567,WKHP,2.523897416685661,8903,3167,5736,1821.757165041185,0.5752311856776713,0.2751281383024933,0.0
none,"WKHP cheap (1,0.5,1)",2.0,50,0.3121108149742229,"[0.70872, 1.43474, 1.13788]",5.06542,"{'AGEP': 1.0, 'WKHP': 0.5, 'SCHL': 1.0}",88049,WKHP,5.738964551770213,58837,25312,33525,22089.486637949238,0.8726883153424951,0.48927204546333164,0.00856603837721162,19567,WKHP,5.738964551770213,13109,5653,7456,4924.377978656795,0.8711087880164151,0.4910954738945357,0.008772598977801511
none,"WKHP cheap (1,0.5,1)",4.0,50,0.11197678973608766,"[0.14937, 0.73537, 0.40934]",3.7587,"{'AGEP': 1.0, 'WKHP': 0.5, 'SCHL': 1.0}",88049,WKHP,5.882975200968935,86788,50508,36280,48567.13282117212,0.9615730739916869,0.9763018517802605,0.7658086371387749,19567,WKHP,5.882975200968935,19289,11243,8046,10803.239288728246,0.9608858212868671,0.9767179219876639,0.7629218725698584
none,"WKHP cheap (1,0.5,1)",8.0,50,0.04500695978736485,"[0.18272, 0.20304, 0.70599]",3.44827,"{'AGEP': 1.0, 'WKHP': 0.5, 'SCHL': 1.0}",88049,SCHL,5.6478820649621255,86197,50088,36109,49563.43961602382,0.9895272244055227,0.9681833996984575,1.0,19567,SCHL,5.6478820649621255,19119,11116,8003,11000.863220502353,0.9896422472564189,0.9656849969594301,1.0
none,"WKHP cheap (1,0.5,1)",16.0,50,0.00022804154658719478,"[0.01, 0.06579, 0.01684]",0.87662,"{'AGEP': 1.0, 'WKHP': 0.5, 'SCHL': 1.0}",88049,WKHP,2.1054288774251257,88049,51734,36315,51723.236436096384,0.9997919441005216,1.0,1.0,19567,WKHP,2.1054288774251257,19567,11511,8056,11509.211896458686,0.999844661320362,1.0,1.0
none,"SCHL costly (1,1,2)",0.25,9,0.5782681704854007,"[0.5661, 0.83928, 1.1642]",0.70236,"{'AGEP': 1.0, 'WKHP': 1.0, 'SCHL': 2.0}",88049,WKHP,0.20981934704334027,5616,2382,3234,143.21666919306932,0.06012454626073439,0.046043221092511695,0.0,19567,WKHP,0.20981934704334027,1228,525,703,31.268286052530236,0.05955864010005759,0.04560854834506125,0.0
none,"SCHL costly (1,1,2)",0.5,10,0.5767342954503765,"[0.5642, 0.84865, 1.16434]",0.91534,"{'AGEP': 1.0, 'WKHP': 1.0, 'SCHL': 2.0}",88049,WKHP,0.4243274279300528,11000,4386,6614,551.7909245103972,0.12580732432977593,0.08477983531140063,0.0,19567,WKHP,0.4243274279300528,2434,983,1451,121.84336350195974,0.12395052238246158,0.08539657718703848,0.0
none,"SCHL costly (1,1,2)",1.0,19,0.5646633184304064,"[0.56641, 0.95883, 1.18697]",1.44259,"{'AGEP': 1.0, 'WKHP': 1.0, 'SCHL': 2.0}",88049,WKHP,0.9588306989730967,21792,7591,14201,2095.513754904512,0.2760523982221726,0.14673135655468358,0.0,19567,WKHP,0.9588306989730967,4923,1743,3180,480.47012707062174,0.2756569862711542,0.15142038050560333,0.0
none,"SCHL costly (1,1,2)",2.0,43,0.4983315786375625,"[0.54567, 1.26238, 1.30187]",2.76433,"{'AGEP': 1.0, 'WKHP': 1.0, 'SCHL': 2.0}",88049,WKHP,2.5247644428262253,39963,13863,26100,7978.585835619844,0.5755309698925084,0.26796690764294273,0.00017516202487300754,19567,WKHP,2.5247644428262253,8903,3167,5736,1821.8611608104943,0.5752640229903676,0.2751281383024933,0.0
none,"SCHL costly (1,1,2)",4.0,50,0.31211270680017134,"[0.70865, 1.4348, 1.13799]",5.06527,"{'AGEP': 1.0, 'WKHP': 1.0, 'SCHL': 2.0}",88049,WKHP,5.7392037398972215,58837,25312,33525,22088.79188711016,0.8726608678535936,0.48927204546333164,0.00856603837721162,19567,WKHP,5.7392037398972215,13110,5654,7456,4925.099403320177,0.8710823139936641,0.4911823473199548,0.008771929824561403
none,"SCHL costly (1,1,2)",8.0,50,0.11197606459160726,"[0.14942, 0.7354, 0.40935]",3.75881,"{'AGEP': 1.0, 'WKHP': 1.0, 'SCHL': 2.0}",88049,WKHP,5.88318120375161,86788,50508,36280,48567.126346567435,0.9615729458020004,0.9763018517802605,0.7658086371387749,19567,WKHP,5.88318120375161,19290,11244,8046,10804.141279007661,0.9608805833340147,0.9768047954130832,0.7629341627786418
none,"SCHL costly (1,1,2)",16.0,50,0.04500610691840298,"[0.18273, 0.20304, 0.70601]",3.44839,"{'AGEP': 1.0, 'WKHP': 1.0, 'SCHL': 2.0}",88049,SCHL,5.648078256265718,86197,50088,36109,49563.43536620647,0.9895271395585064,0.9681833996984575,1.0,19567,SCHL,5.648078256265718,19119,11116,8003,11000.86228027135,0.9896421626728455,0.9656849969594301,1.0
none,"SCHL costly (1,1,4)",0.25,9,0.5782681704854007,"[0.5661, 0.83928, 1.1642]",0.70236,"{'AGEP': 1.0, 'WKHP': 1.0, 'SCHL': 4.0}",88049,WKHP,0.20981934704334027,5616,2382,3234,143.21666919306932,0.06012454626073439,0.046043221092511695,0.0,19567,WKHP,0.20981934704334027,1228,525,703,31.268286052530236,0.05955864010005759,0.04560854834506125,0.0
none,"SCHL costly (1,1,4)",0.5,10,0.5767342954503765,"[0.5642, 0.84865, 1.16434]",0.91534,"{'AGEP': 1.0, 'WKHP': 1.0, 'SCHL': 4.0}",88049,WKHP,0.4243274279300528,11000,4386,6614,551.7909245103972,0.12580732432977593,0.08477983531140063,0.0,19567,WKHP,0.4243274279300528,2434,983,1451,121.84336350195974,0.12395052238246158,0.08539657718703848,0.0
none,"SCHL costly (1,1,4)",1.0,19,0.5646638444477182,"[0.56647, 0.95878, 1.18701]",1.44267,"{'AGEP': 1.0, 'WKHP': 1.0, 'SCHL': 4.0}",88049,WKHP,0.9587821450892989,21792,7591,14201,2095.8018344421944,0.27609034836545837,0.14673135655468358,0.0,19567,WKHP,0.9587821450892989,4923,1743,3180,480.5358510812266,0.27569469367827115,0.15142038050560333,0.0
none,"SCHL costly (1,1,4)",2.0,43,0.498330764723632,"[0.54561, 1.26242, 1.30177]",2.76427,"{'AGEP': 1.0, 'WKHP': 1.0, 'SCHL': 4.0}",88049,WKHP,2.5248480096877124,39965,13864,26101,7979.043573209444,0.5755224735436703,0.26798623729075655,0.000175153259101714,19567,WKHP,2.5248480096877124,8903,3167,5736,1821.8047668792701,0.5752462162549006,0.2751281383024933,0.0
none,"SCHL costly (1,1,4)",4.0,50,0.312114632833551,"[0.70861, 1.43464, 1.13785]",5.06508,"{'AGEP': 1.0, 'WKHP': 1.0, 'SCHL': 4.0}",88049,WKHP,5.738556267209486,58837,25312,33525,22089.536171314197,0.8726902722548276,0.48927204546333164,0.00856603837721162,19567,WKHP,5.738556267209486,13109,5653,7456,4924.389444835494,0.8711108163515822,0.4910954738945357,0.008772598977801511
none,"SCHL costly (1,1,4)",8.0,50,0.11197597464450011,"[0.14938, 0.73539, 0.40933]",3.75881,"{'AGEP': 1.0, 'WKHP': 1.0, 'SCHL': 4.0}",88049,WKHP,5.883130153427702,86788,50508,36280,48567.132850869006,0.9615730745796509,0.9763018517802605,0.7658086371387749,19567,WKHP,5.883130153427702,19290,11244,8046,10804.142458060784,0.9608806881946623,0.9768047954130832,0.7629341627786418
none,"SCHL costly (1,1,4)",16.0,50,0.0034699624756021064,"[0.02428, 0.23154, 0.09458]",2.05641,"{'AGEP': 1.0, 'WKHP': 1.0, 'SCHL': 4.0}",88049,WKHP,3.7046401379373064,88049,51734,36315,51644.44719924542,0.9982689759006731,1.0,1.0,19567,WKHP,3.7046401379373064,19567,11511,8056,11491.239080605468,0.998283301242765,1.0,1.0
none,"WKHP cheap, SCHL costly (1,0.5,2)",0.25,10,0.5767343316248321,"[0.56419, 0.8486, 1.16416]",0.91518,"{'AGEP': 1.0, 'WKHP': 0.5, 'SCHL': 2.0}",88049,WKHP,0.4242988279426218,11001,4387,6614,551.8458180497137,0.12579115980162153,0.08479916495921444,0.0,19567,WKHP,0.4242988279426218,2435,983,1452,121.80556582620929,0.12391207103378361,0.08539657718703848,0.0
none,"WKHP cheap, SCHL costly (1,0.5,2)",0.5,19,0.5646639472159452,"[0.56622, 0.95826, 1.18669]",1.44202,"{'AGEP': 1.0, 'WKHP': 0.5, 'SCHL': 2.0}",88049,WKHP,0.9582556020833753,21792,7590,14202,2095.7306582740066,0.2761173462811603,0.14671202690686977,0.0,19567,WKHP,0.9582556020833753,4923,1743,3180,480.5167608133259,0.2756837411436178,0.15142038050560333,0.0
none,"WKHP cheap, SCHL costly (1,0.5,2)",1.0,43,0.49833254763488505,"[0.54564, 1.26164, 1.30145]",2.76262,"{'AGEP': 1.0, 'WKHP': 0.5, 'SCHL': 2.0}",88049,WKHP,2.523289437502534,39968,13866,26102,7979.733094070719,0.575489188956492,0.2680248965863842,0.00017514011208967173,19567,WKHP,2.523289437502534,8905,3168,5737,1822.3743604217304,0.5752444319513038,0.2752150117279124,0.0
none,"WKHP cheap, SCHL costly (1,0.5,2)",2.0,50,0.3121185964526446,"[0.70831, 1.4347, 1.13731]",5.0647,"{'AGEP': 1.0, 'WKHP': 0.5, 'SCHL': 2.0}",88049,WKHP,5.738785016101636,58839,25313,33526,22089.50812176079,0.8726546881744871,0.48929137511114545,0.008497765087781913,19567,WKHP,5.738785016101636,13112,5655,7457,4925.946498343259,0.8710780722092412,0.491269220745374,0.008694325808419768
none,"WKHP cheap, SCHL costly (1,0.5,2)",4.0,50,0.11197667241499962,"[0.14937, 0.73538, 0.40934]",3.75872,"{'AGEP': 1.0, 'WKHP': 0.5, 'SCHL': 2.0}",88049,WKHP,5.88300550871885,86788,50508,36280,48567.13128252413,0.9615730435282358,0.9763018517802605,0.7658086371387749,19567,WKHP,5.88300550871885,19289,11243,8046,10803.238933552955,0.9608857896960735,0.9767179219876639,0.7629218725698584
none,"WKHP cheap, SCHL costly (1,0.5,2)",8.0,50,0.0034700594637015795,"[0.02425, 0.23153, 0.09455]",2.05641,"{'AGEP': 1.0, 'WKHP': 0.5, 'SCHL': 2.0}",88049,WKHP,3.704518538329209,88049,51734,36315,51644.44878760643,0.998269006603132,1.0,1.0,19567,WKHP,3.704518538329209,19567,11511,8056,11491.239305173876,0.9982833207517919,1.0,1.0
none,"WKHP cheap, SCHL costly (1,0.5,2)",16.0,50,0.0002682578077169968,"[0.01448, 0.06277, 0.0223]",0.79033,"{'AGEP': 1.0, 'WKHP': 0.5, 'SCHL': 2.0}",88049,WKHP,2.0086270672201554,88049,51734,36315,51722.25993299585,0.9997730686394991,1.0,1.0,19567,WKHP,2.0086270672201554,19567,11511,8056,11508.990348493451,0.9998254146897273,1.0,1.0
none,"AGEP fixed, SCHL costly (1e6,1,2)",0.25,9,0.5782681704854007,"[0.5661, 0.83928, 1.1642]",0.70236,"{'AGEP': 1000000.0, 'WKHP': 1.0, 'SCHL': 2.0}",88049,WKHP,0.20981934704334027,5616,2382,3234,143.21666919306932,0.06012454626073439,0.046043221092511695,0.0,19567,WKHP,0.20981934704334027,1228,525,703,31.268286052530236,0.05955864010005759,0.04560854834506125,0.0
none,"AGEP fixed, SCHL costly (1e6,1,2)",0.5,10,0.5767343316248321,"[0.56419, 0.8486, 1.16416]",0.91518,"{'AGEP': 1000000.0, 'WKHP': 1.0, 'SCHL': 2.0}",88049,WKHP,0.4242988279426218,11001,4387,6614,551.8458180497137,0.12579115980162153,0.08479916495921444,0.0,19567,WKHP,0.4242988279426218,2435,983,1452,121.80556582620929,0.12391207103378361,0.08539657718703848,0.0
none,"AGEP fixed, SCHL costly (1e6,1,2)",1.0,19,0.5646639128125646,"[0.56619, 0.95823, 1.18669]",1.442,"{'AGEP': 1000000.0, 'WKHP': 1.0, 'SCHL': 2.0}",88049,WKHP,0.9582332178804397,21791,7590,14201,2095.7959450561657,0.2761259479652392,0.14671202690686977,0.0,19567,WKHP,0.9582332178804397,4923,1743,3180,480.5314744550619,0.2756921827051417,0.15142038050560333,0.0
none,"AGEP fixed, SCHL costly (1e6,1,2)",2.0,43,0.49833232888417417,"[0.54569, 1.26195, 1.30163]",2.76337,"{'AGEP': 1000000.0, 'WKHP': 1.0, 'SCHL': 2.0}",88049,WKHP,2.523897416685661,39965,13864,26101,7978.81083283814,0.5755056861539339,0.26798623729075655,0.000175153259101714,19567,WKHP,2.523897416685661,8903,3167,5736,1821.757165041185,0.5752311856776713,0.2751281383024933,0.0
none,"AGEP fixed, SCHL costly (1e6,1,2)",4.0,50,0.3121108149742229,"[0.70872, 1.43474, 1.13788]",5.06542,"{'AGEP': 1000000.0, 'WKHP': 1.0, 'SCHL': 2.0}",88049,WKHP,5.738964551770213,58837,25312,33525,22089.486637949238,0.8726883153424951,0.48927204546333164,0.00856603837721162,19567,WKHP,5.738964551770213,13109,5653,7456,4924.377978656795,0.8711087880164151,0.4910954738945357,0.008772598977801511
none,"AGEP fixed, SCHL costly (1e6,1,2)",8.0,50,0.11197678973608766,"[0.14937, 0.73537, 0.40934]",3.7587,"{'AGEP': 1000000.0, 'WKHP': 1.0, 'SCHL': 2.0}",88049,WKHP,5.882975200968935,86788,50508,36280,48567.13282117212,0.9615730739916869,0.9763018517802605,0.7658086371387749,19567,WKHP,5.882975200968935,19289,11243,8046,10803.239288728246,0.9608858212868671,0.9767179219876639,0.7629218725698584
none,"AGEP fixed, SCHL costly (1e6,1,2)",16.0,50,0.045007024420914706,"[0.18272, 0.20304, 0.70598]",3.44826,"{'AGEP': 1000000.0, 'WKHP': 1.0, 'SCHL': 2.0}",88049,SCHL,5.64786733170262,86197,50088,36109,49563.439938901996,0.9895272308517409,0.9681833996984575,1.0,19567,SCHL,5.64786733170262,19119,11116,8003,11000.863291734448,0.9896422536644879,0.9656849969594301,1.0
clip,"equal (1,1,1)",0.25,9,0.5779438727803314,"[0.56385, 0.83756, 1.15412]",0.773,"{'AGEP': 1.0, 'WKHP': 1.0, 'SCHL': 1.0}",88049,SCHL,0.2885303893555779,7596,3163,4433,249.4674434394185,0.07887051642093534,0.06113967603510264,0.006187467087941022,19567,SCHL,0.2885303893555779,1657,696,961,54.85154805300593,0.07880969547845679,0.06046390409173834,0.0024140012070006035
clip,"equal (1,1,1)",0.5,18,0.5742088557996574,"[0.55822, 0.84589, 1.22397]",1.11794,"{'AGEP': 1.0, 'WKHP': 1.0, 'SCHL': 1.0}",88049,SCHL,0.6119857020179877,15280,5784,9496,995.9076992312204,0.17218321217690533,0.11180268295511656,0.012303664921465968,19567,SCHL,0.6119857020179877,3352,1299,2053,219.09468203817718,0.16866411242353901,0.11284857961949439,0.007458233890214797
clip,"equal (1,1,1)",1.0,32,0.5480452852849358,"[0.51868, 0.82433, 1.45916]",1.93176,"{'AGEP': 1.0, 'WKHP': 1.0, 'SCHL': 1.0}",88049,SCHL,1.4591573613422477,30710,10592,20118,3789.272293363025,0.35774851712264205,0.20473962964394787,0.21686746987951808,19567,SCHL,1.4591573613422477,6881,2436,4445,872.3046863843421,0.3580889517177102,0.21162366432108418,0.21377706728673157
clip,"equal (1,1,1)",2.0,43,0.48375583751183554,"[0.65032, 0.88574, 1.52675]",3.22309,"{'AGEP': 1.0, 'WKHP': 1.0, 'SCHL': 1.0}",88049,SCHL,3.0534900637537645,44466,15679,28787,7907.206314412086,0.5043182801461883,0.3030695480728341,0.7988350649934781,19567,SCHL,3.0534900637537645,9926,3592,6334,1816.7438830555307,0.5057750231223638,0.31204934410563806,0.8043522063268185
clip,"equal (1,1,1)",4.0,50,0.3133136593139946,"[0.68358, 1.42589, 1.10942]",5.00804,"{'AGEP': 1.0, 'WKHP': 1.0, 'SCHL': 1.0}",88049,WKHP,5.703577183784394,59322,25724,33598,22395.76906577664,0.8706176747697341,0.4972358603626242,0.007737432992818853,19567,WKHP,5.703577183784394,13219,5743,7476,4990.629643812916,0.8689934953531109,0.49891408218226047,0.008170058249489371
clip,"equal (1,1,1)",8.0,50,0.16551306977298427,"[0.05629, 0.54045, 0.38077]",2.55466,"{'AGEP': 1.0, 'WKHP': 1.0, 'SCHL': 1.0}",88049,WKHP,4.3236240143045555,87126,50891,36235,46349.942731434174,0.9107689519057235,0.9837051068929524,0.42710557124165005,19567,WKHP,4.3236240143045555,19359,11327,8032,10279.281818183692,0.9075025883449891,0.9840152897228738,0.43173717650705096
clip,"equal (1,1,1)",16.0,22,0.12047378252494977,"[0.01246, 0.11939, 0.11076]",0.66467,"{'AGEP': 1.0, 'WKHP': 1.0, 'SCHL': 1.0}",88049,WKHP,1.9102350761158369,88038,51731,36307,46925.45383309747,0.907105098163528,0.9999420110565586,0.9119584724777937,19567,WKHP,1.9102350761158369,19564,11511,8053,10413.435479112439,0.9046508104519537,1.0,0.9132079329380495
clip,"AGEP cheap (0.5,1,1)",0.25,9,0.5779402176577644,"[0.56429, 0.83928, 1.16534]",0.78147,"{'AGEP': 0.5, 'WKHP': 1.0, 'SCHL': 1.0}",88049,SCHL,0.2913349928053438,7618,3171,4447,252.25605433644006,0.07955094744132452,0.061294313217613174,0.006038330270412182,19567,SCHL,0.2913349928053438,1664,698,966,55.583630262056985,0.07963270811182949,0.060637650942576664,0.002403846153846154
clip,"AGEP cheap (0.5,1,1)",0.5,18,0.5742147803897013,"[0.5586, 0.84612, 1.22604]",1.11993,"{'AGEP': 0.5, 'WKHP': 1.0, 'SCHL': 1.0}",88049,SCHL,0.6130217988808132,15287,5787,9500,997.7247819052905,0.17240794572408683,0.11186067189855801,0.01229803100673775,19567,SCHL,0.6130217988808132,3353,1300,2053,219.42498842235196,0.16878845263257844,0.11293545304491356,0.007456009543692216
clip,"AGEP cheap (0.5,1,1)",1.0,28,0.5410480131804734,"[0.83256, 0.84688, 1.14486]",2.07796,"{'AGEP': 0.5, 'WKHP': 1.0, 'SCHL': 1.0}",88049,AGEP,1.6651268866687061,30996,10474,20522,4313.151502240769,0.41179601892693996,0.2024587312019175,0.0147761001419538,19567,AGEP,1.6651268866687061,6897,2405,4492,998.4514605253273,0.4151565324429635,0.2089305881330901,0.014209076410033349
clip,"AGEP cheap (0.5,1,1)",2.0,50,0.4163272426733373,"[1.08854, 0.93823, 1.21513]",4.23121,"{'AGEP': 0.5, 'WKHP': 1.0, 'SCHL': 1.0}",88049,AGEP,4.354171720630081,49286,18176,31110,12504.568233970638,0.6879714037175747,0.3513356786639347,0.32889664407742564,19567,AGEP,4.354171720630081,11068,4154,6914,2859.8181549782325,0.688449242893171,0.3608722091912084,0.3278821828695338
clip,"AGEP cheap (0.5,1,1)",4.0,49,0.3513368759877205,"[0.64099, 1.03583, 1.25082]",4.52889,"{'AGEP': 0.5, 'WKHP': 1.0, 'SCHL': 1.0}",88049,AGEP,5.127946203361002,59275,25463,33812,19407.67982185908,0.7621914079982359,0.492190822283218,0.9309827077182623,19567,AGEP,5.127946203361002,13157,5669,7488,4316.262877600891,0.7613799396014979,0.4924854487012423,0.9283271262445846
clip,"AGEP cheap (0.5,1,1)",8.0,50,0.16608085762480249,"[0.05168, 0.51051, 0.34064]",2.37834,"{'AGEP': 0.5, 'WKHP': 1.0, 'SCHL': 1.0}",88049,WKHP,4.084091979459095,87295,51055,36240,46419.25276940393,0.9092009160592289,0.9868751691344184,0.3767340626610917,19567,WKHP,4.084091979459095,19391,11357,8034,10288.907984862512,0.9059529792077583,0.9866214924854487,0.38347687071321745
clip,"AGEP cheap (0.5,1,1)",16.0,8,0.120483150882521,"[0.01144, 0.11947, 0.11107]",0.66185,"{'AGEP': 0.5, 'WKHP': 1.0, 'SCHL': 1.0}",88049,WKHP,1.9114942611349377,88037,51731,36306,46924.51873103654,0.9070870219217982,0.9999420110565586,0.9022002112748049,19567,WKHP,1.9114942611349377,19564,11511,8053,10413.24887552223,0.9046345995588767,1.0,0.9025250460028624
clip,"WKHP cheap (1,0.5,1)",0.25,10,0.5767343316248321,"[0.56419, 0.8486, 1.16416]",0.91518,"{'AGEP': 1.0, 'WKHP': 0.5, 'SCHL': 1.0}",88049,WKHP,0.4242988279426218,11001,4387,6614,551.8458180497137,0.12579115980162153,0.08479916495921444,0.0,19567,WKHP,0.4242988279426218,2435,983,1452,121.80556582620929,0.12391207103378361,0.08539657718703848,0.0
clip,"WKHP cheap (1,0.5,1)",0.5,19,0.5646638740901213,"[0.56618, 0.95824, 1.18669]",1.442,"{'AGEP': 1.0, 'WKHP': 0.5, 'SCHL': 1.0}",88049,WKHP,0.9582389514603321,21791,7590,14201,2095.762836129491,0.2761215857878117,0.14671202690686977,0.0,19567,WKHP,0.9582389514603321,4923,1743,3180,480.52388429218763,0.27568782805059533,0.15142038050560333,0.0
clip,"WKHP cheap (1,0.5,1)",1.0,43,0.498337729257968,"[0.54564, 1.26145, 1.3024]",2.76291,"{'AGEP': 1.0, 'WKHP': 0.5, 'SCHL': 1.0}",88049,WKHP,2.5228994983110575,39964,13865,26099,7978.929735570509,0.5754727540981255,0.26800556693857036,0.00017515764187768992,19567,WKHP,2.5228994983110575,8904,3168,5736,1822.5650798984743,0.5753046338063366,0.2752150117279124,0.0
clip,"WKHP cheap (1,0.5,1)",2.0,50,0.31283406658148605,"[0.69019, 1.43821, 1.11712]",5.05678,"{'AGEP': 1.0, 'WKHP': 0.5, 'SCHL': 1.0}",88049,WKHP,5.752824266527688,59282,25693,33589,22377.76819847559,0.8709675086006146,0.49663664128039586,0.0077426537566208965,19567,WKHP,5.752824266527688,13210,5736,7474,4986.712696093097,0.8693711115922416,0.4983059682043263,0.00817562452687358
clip,"WKHP cheap (1,0.5,1)",4.0,50,0.1654799399258833,"[0.05807, 0.54372, 0.38576]",2.5732,"{'AGEP': 1.0, 'WKHP': 0.5, 'SCHL': 1.0}",88049,WKHP,4.349782455562412,87099,50863,36236,46335.039740726155,0.9109773261649167,0.9831638767541655,0.43015419235582497,19567,WKHP,4.349782455562412,19348,11316,8032,10273.554531602622,0.9078786259811437,0.983059682043263,0.43373992143890844
clip,"WKHP cheap (1,0.5,1)",8.0,6,0.1204758737562447,"[0.0127, 0.11896, 0.11248]",0.66339,"{'AGEP': 1.0, 'WKHP': 0.5, 'SCHL': 1.0}",88049,WKHP,1.9033789573402085,88038,51731,36307,46925.0524364456,0.9070973388576599,0.9999420110565586,0.9093913991685408,19567,WKHP,1.9033789573402085,19564,11511,8053,10413.346160365989,0.9046430510264954,1.0,0.9102433040278062
clip,"WKHP cheap (1,0.5,1)",16.0,7,0.11778671879304403,"[0.04981, 0.07904, 0.14283]",1.30294,"{'AGEP': 1.0, 'WKHP': 0.5, 'SCHL': 1.0}",88049,WKHP,2.529358238528264,88049,51734,36315,46931.59771751439,0.9071712552192831,1.0,1.0,19567,WKHP,2.529358238528264,19567,11511,8056,10414.845178300731,0.9047732758492513,1.0,1.0
clip,"SCHL costly (1,1,2)",0.25,9,0.5782681704854007,"[0.5661, 0.83928, 1.1642]",0.70236,"{'AGEP': 1.0, 'WKHP': 1.0, 'SCHL': 2.0}",88049,WKHP,0.20981934704334027,5616,2382,3234,143.21666919306932,0.06012454626073439,0.046043221092511695,0.0,19567,WKHP,0.20981934704334027,1228,525,703,31.268286052530236,0.05955864010005759,0.04560854834506125,0.0
clip,"SCHL costly (1,1,2)",0.5,10,0.5767342954503765,"[0.5642, 0.84865, 1.16434]",0.91534,"{'AGEP': 1.0, 'WKHP': 1.0, 'SCHL': 2.0}",88049,WKHP,0.4243274279300528,11000,4386,6614,551.7909245103972,0.12580732432977593,0.08477983531140063,0.0,19567,WKHP,0.4243274279300528,2434,983,1451,121.84336350195974,0.12395052238246158,0.08539657718703848,0.0
clip,"SCHL costly (1,1,2)",1.0,19,0.5646637963114175,"[0.56642, 0.95872, 1.18698]",1.44257,"{'AGEP': 1.0, 'WKHP': 1.0, 'SCHL': 2.0}",88049,WKHP,0.9587235775004215,21792,7591,14201,2095.7236284295604,0.27608004590035046,0.14673135655468358,0.0,19567,WKHP,0.9587235775004215,4923,1743,3180,480.5173750190196,0.27568409352783685,0.15142038050560333,0.0
clip,"SCHL costly (1,1,2)",2.0,43,0.49833687633705925,"[0.54577, 1.26185, 1.3025]",2.76382,"{'AGEP': 1.0, 'WKHP': 1.0, 'SCHL': 2.0}",88049,WKHP,2.5237091808121743,39964,13865,26099,7979.532039640956,0.5755161947090484,0.26800556693857036,0.00017515764187768992,19567,WKHP,2.5237091808121743,8904,3168,5736,1822.701764138295,0.5753477790840578,0.2752150117279124,0.0
clip,"SCHL costly (1,1,2)",4.0,50,0.31282363852678013,"[0.69033, 1.43848, 1.11729]",5.05787,"{'AGEP': 1.0, 'WKHP': 1.0, 'SCHL': 2.0}",88049,WKHP,5.753921825591367,59284,25694,33590,22378.022627660255,0.870943513180519,0.4966559709282097,0.007742392551109912,19567,WKHP,5.753921825591367,13210,5736,7474,4986.770060794921,0.8693811124119458,0.4983059682043263,0.00817562452687358
clip,"SCHL costly (1,1,2)",8.0,50,0.16548027131619614,"[0.05805, 0.54369, 0.38572]",2.57305,"{'AGEP': 1.0, 'WKHP': 1.0, 'SCHL': 2.0}",88049,WKHP,4.349523307736903,87099,50863,36236,46335.04887451071,0.9109775057411224,0.9831638767541655,0.43015419235582497,19567,WKHP,4.349523307736903,19348,11316,8032,10273.556729828699,0.9078788202393689,0.983059682043263,0.43373992143890844
clip,"SCHL costly (1,1,2)",16.0,6,0.12048245082992438,"[0.0129, 0.11892, 0.11259]",0.66379,"{'AGEP': 1.0, 'WKHP': 1.0, 'SCHL': 2.0}",88049,WKHP,1.9027152370037868,88038,51731,36307,46925.167348026356,0.9070995601868581,0.9999420110565586,0.9093913991685408,19567,WKHP,1.9027152370037868,19564,11511,8053,10413.36843343786,0.9046449859645435,1.0,0.9102433040278062
clip,"SCHL costly (1,1,4)",0.25,9,0.5782681704854007,"[0.5661, 0.83928, 1.1642]",0.70236,"{'AGEP': 1.0, 'WKHP': 1.0, 'SCHL': 4.0}",88049,WKHP,0.20981934704334027,5616,2382,3234,143.21666919306932,0.06012454626073439,0.046043221092511695,0.0,19567,WKHP,0.20981934704334027,1228,525,703,31.268286052530236,0.05955864010005759,0.04560854834506125,0.0
clip,"SCHL costly (1,1,4)",0.5,10,0.5767342954503765,"[0.5642, 0.84865, 1.16434]",0.91534,"{'AGEP': 1.0, 'WKHP': 1.0, 'SCHL': 4.0}",88049,WKHP,0.4243274279300528,11000,4386,6614,551.7909245103972,0.12580732432977593,0.08477983531140063,0.0,19567,WKHP,0.4243274279300528,2434,983,1451,121.84336350195974,0.12395052238246158,0.08539657718703848,0.0
clip,"SCHL costly (1,1,4)",1.0,19,0.5646636304546746,"[0.56647, 0.95878, 1.18695]",1.44264,"{'AGEP': 1.0, 'WKHP': 1.0, 'SCHL': 4.0}",88049,WKHP,0.9587816069249083,21792,7591,14201,2095.7934672348074,0.2760892461118176,0.14673135655468358,0.0,19567,WKHP,0.9587816069249083,4923,1743,3180,480.53439806499796,0.27569386004876534,0.15142038050560333,0.0
clip,"SCHL costly (1,1,4)",2.0,43,0.4983373375053829,"[0.54587, 1.26186, 1.30258]",2.76384,"{'AGEP': 1.0, 'WKHP': 1.0, 'SCHL': 4.0}",88049,WKHP,2.523713644210306,39964,13865,26099,7979.368025785702,0.5755043653649984,0.26800556693857036,0.00017515764187768992,19567,WKHP,2.523713644210306,8904,3168,5736,1822.6662984070315,0.5753365840931286,0.2752150117279124,0.0
clip,"SCHL costly (1,1,4)",4.0,50,0.31283657783959895,"[0.69004, 1.43811, 1.1171]",5.05656,"{'AGEP': 1.0, 'WKHP': 1.0, 'SCHL': 4.0}",88049,WKHP,5.75243890408094,59284,25694,33590,22378.017227909822,0.8709433030244346,0.4966559709282097,0.007742392551109912,19567,WKHP,5.75243890408094,13210,5736,7474,4986.769232814751,0.8693809680639385,0.4983059682043263,0.00817562452687358
clip,"SCHL costly (1,1,4)",8.0,50,0.16547919651913673,"[0.05826, 0.54384, 0.38557]",2.57313,"{'AGEP': 1.0, 'WKHP': 1.0, 'SCHL': 4.0}",88049,WKHP,4.3507188705267374,87102,50866,36236,46336.89299640519,0.9109600321709038,0.983221865697607,0.4301738192004776,19567,WKHP,4.3507188705267374,19348,11316,8032,10273.424105008045,0.9078671001244296,0.983059682043263,0.43373992143890844
clip,"SCHL costly (1,1,4)",16.0,8,0.12047024828451207,"[0.01228, 0.1203, 0.11551]",0.67415,"{'AGEP': 1.0, 'WKHP': 1.0, 'SCHL': 4.0}",88049,WKHP,1.9247939884397542,88039,51731,36308,46925.47577047921,0.9071055222299822,0.9999420110565586,0.9144129306330149,19567,WKHP,1.9247939884397542,19564,11511,8053,10413.44432857137,0.9046515792347641,1.0,0.9159681046820691
clip,"WKHP cheap, SCHL costly (1,0.5,2)",0.25,10,0.5767343316248321,"[0.56419, 0.8486, 1.16416]",0.91518,"{'AGEP': 1.0, 'WKHP': 0.5, 'SCHL': 2.0}",88049,WKHP,0.4242988279426218,11001,4387,6614,551.8458180497137,0.12579115980162153,0.08479916495921444,0.0,19567,WKHP,0.4242988279426218,2435,983,1452,121.80556582620929,0.12391207103378361,0.08539657718703848,0.0
clip,"WKHP cheap, SCHL costly (1,0.5,2)",0.5,19,0.5646640522366679,"[0.56624, 0.95825, 1.18669]",1.44199,"{'AGEP': 1.0, 'WKHP': 0.5, 'SCHL': 2.0}",88049,WKHP,0.9582450774200635,21792,7590,14202,2095.6570098149537,0.27610764292687134,0.14671202690686977,0.0,19567,WKHP,0.9582450774200635,4923,1743,3180,480.49986193714926,0.27567404586181826,0.15142038050560333,0.0
clip,"WKHP cheap, SCHL costly (1,0.5,2)",1.0,43,0.4983375688329177,"[0.54547, 1.26124, 1.3023]",2.76223,"{'AGEP': 1.0, 'WKHP': 0.5, 'SCHL': 2.0}",88049,WKHP,2.5224821303016425,39966,13866,26100,7978.7000732658635,0.5754146886820902,0.2680248965863842,0.0001751488765450633,19567,WKHP,2.5224821303016425,8904,3168,5736,1822.3513588765134,0.5752371713625358,0.2752150117279124,0.0
clip,"WKHP cheap, SCHL costly (1,0.5,2)",2.0,50,0.31283442204466544,"[0.6904, 1.43817, 1.1172]",5.05665,"{'AGEP': 1.0, 'WKHP': 0.5, 'SCHL': 2.0}",88049,WKHP,5.752676503463171,59282,25693,33589,22377.67428579524,0.8709638534151419,0.49663664128039586,0.0077426537566208965,19567,WKHP,5.752676503463171,13210,5736,7474,4986.690555197978,0.8693672516035527,0.4983059682043263,0.00817562452687358
clip,"WKHP cheap, SCHL costly (1,0.5,2)",4.0,50,0.16548068183664605,"[0.05821, 0.54369, 0.38567]",2.57313,"{'AGEP': 1.0, 'WKHP': 0.5, 'SCHL': 2.0}",88049,WKHP,4.34948952599931,87099,50863,36236,46335.240907441614,0.910981281234721,0.9831638767541655,0.43015419235582497,19567,WKHP,4.34948952599931,19348,11316,8032,10273.598425267293,0.9078825048839956,0.983059682043263,0.43373992143890844
clip,"WKHP cheap, SCHL costly (1,0.5,2)",8.0,6,0.12047649111483294,"[0.01312, 0.11958, 0.11462]",0.66974,"{'AGEP': 1.0, 'WKHP': 0.5, 'SCHL': 2.0}",88049,WKHP,1.9132800441504558,88038,51731,36307,46925.339744551275,0.9071028927442206,0.9999420110565586,0.9119584724777937,19567,WKHP,1.9132800441504558,19564,11511,8053,10413.404097038763,0.9046480841837167,1.0,0.9132079329380495
clip,"WKHP cheap, SCHL costly (1,0.5,2)",16.0,11,0.11875985216099912,"[0.05022, 0.06836, 0.23905]",0.84476,"{'AGEP': 1.0, 'WKHP': 0.5, 'SCHL': 2.0}",88049,WKHP,2.1875789306134843,88049,51734,36315,46931.59771751439,0.9071712552192831,1.0,1.0,19567,WKHP,2.1875789306134843,19567,11511,8056,10414.845178300731,0.9047732758492513,1.0,1.0
clip,"AGEP fixed, SCHL costly (1e6,1,2)",0.25,9,0.5782681704854007,"[0.5661, 0.83928, 1.1642]",0.70236,"{'AGEP': 1000000.0, 'WKHP': 1.0, 'SCHL': 2.0}",88049,WKHP,0.20981934704334027,5616,2382,3234,143.21666919306932,0.06012454626073439,0.046043221092511695,0.0,19567,WKHP,0.20981934704334027,1228,525,703,31.268286052530236,0.05955864010005759,0.04560854834506125,0.0
clip,"AGEP fixed, SCHL costly (1e6,1,2)",0.5,10,0.5767343316248321,"[0.56419, 0.8486, 1.16416]",0.91518,"{'AGEP': 1000000.0, 'WKHP': 1.0, 'SCHL': 2.0}",88049,WKHP,0.4242988279426218,11001,4387,6614,551.8458180497137,0.12579115980162153,0.08479916495921444,0.0,19567,WKHP,0.4242988279426218,2435,983,1452,121.80556582620929,0.12391207103378361,0.08539657718703848,0.0
clip,"AGEP fixed, SCHL costly (1e6,1,2)",1.0,19,0.5646638740901213,"[0.56618, 0.95824, 1.18669]",1.442,"{'AGEP': 1000000.0, 'WKHP': 1.0, 'SCHL': 2.0}",88049,WKHP,0.9582389514603321,21791,7590,14201,2095.762836129491,0.2761215857878117,0.14671202690686977,0.0,19567,WKHP,0.9582389514603321,4923,1743,3180,480.52388429218763,0.27568782805059533,0.15142038050560333,0.0
clip,"AGEP fixed, SCHL costly (1e6,1,2)",2.0,43,0.498337729257968,"[0.54564, 1.26145, 1.3024]",2.76291,"{'AGEP': 1000000.0, 'WKHP': 1.0, 'SCHL': 2.0}",88049,WKHP,2.5228994983110575,39964,13865,26099,7978.929735570509,0.5754727540981255,0.26800556693857036,0.00017515764187768992,19567,WKHP,2.5228994983110575,8904,3168,5736,1822.5650798984743,0.5753046338063366,0.2752150117279124,0.0
clip,"AGEP fixed, SCHL costly (1e6,1,2)",4.0,50,0.31283406658148605,"[0.69019, 1.43821, 1.11712]",5.05678,"{'AGEP': 1000000.0, 'WKHP': 1.0, 'SCHL': 2.0}",88049,WKHP,5.752824266527688,59282,25693,33589,22377.76819847559,0.8709675086006146,0.49663664128039586,0.0077426537566208965,19567,WKHP,5.752824266527688,13210,5736,7474,4986.712696093097,0.8693711115922416,0.4983059682043263,0.00817562452687358
clip,"AGEP fixed, SCHL costly (1e6,1,2)",8.0,50,0.1654799399258833,"[0.05807, 0.54372, 0.38576]",2.5732,"{'AGEP': 1000000.0, 'WKHP': 1.0, 'SCHL': 2.0}",88049,WKHP,4.349782455562412,87099,50863,36236,46335.039740726155,0.9109773261649167,0.9831638767541655,0.43015419235582497,19567,WKHP,4.349782455562412,19348,11316,8032,10273.554531602622,0.9078786259811437,0.983059682043263,0.43373992143890844
clip,"AGEP fixed, SCHL costly (1e6,1,2)",16.0,6,0.1204758737562447,"[0.0127, 0.11896, 0.11248]",0.66339,"{'AGEP': 1000000.0, 'WKHP': 1.0, 'SCHL': 2.0}",88049,WKHP,1.9033789573402085,88038,51731,36307,46925.0524364456,0.9070973388576599,0.9999420110565586,0.9093913991685408,19567,WKHP,1.9033789573402085,19564,11511,8053,10413.346160365989,0.9046430510264954,1.0,0.9102433040278062
feasible,"equal (1,1,1)",0.25,9,0.5779438727803314,"[0.56385, 0.83756, 1.15412]",0.773,"{'AGEP': 1.0, 'WKHP': 1.0, 'SCHL': 1.0}",88049,SCHL,0.2885303893555779,7549,3134,4415,249.46744343941847,0.0796003329417417,0.06057911624850195,0.0,19567,SCHL,0.2885303893555779,1653,692,961,54.85154805300593,0.07926524285116464,0.06011641039006168,0.0
feasible,"equal (1,1,1)",0.5,18,0.5742131038500384,"[0.55834, 0.84665, 1.22319]",1.11783,"{'AGEP': 1.0, 'WKHP': 1.0, 'SCHL': 1.0}",88049,SCHL,0.6115928450008805,15098,5694,9404,991.6762044655729,0.17416160949518317,0.11006301465187304,0.0,19567,SCHL,0.6115928450008805,3328,1290,2038,219.2543150886586,0.1699645853400454,0.11206671879072191,0.0
feasible,"equal (1,1,1)",1.0,25,0.5531617362565886,"[0.56762, 0.84229, 1.35563]",1.86384,"{'AGEP': 1.0, 'WKHP': 1.0, 'SCHL': 1.0}",88049,SCHL,1.3556304167936333,22277,7234,15043,2613.8137990424875,0.3613234447114304,0.13983067228515098,0.0,19567,SCHL,1.3556304167936333,4982,1626,3356,581.914705951605,0.3578811229714668,0.14125618973156112,0.0
feasible,"equal (1,1,1)",2.0,36,0.49826245081561066,"[0.5573, 1.27378, 1.26172]",2.76765,"{'AGEP': 1.0, 'WKHP': 1.0, 'SCHL': 1.0}",88049,WKHP,2.547553007946922,40191,13962,26229,8039.988362516217,0.5758478987620841,0.26988054277651063,0.0,19567,WKHP,2.547553007946922,8964,3192,5772,1839.7675853651817,0.5763682911545056,0.2772999739379724,0.0
feasible,"equal (1,1,1)",4.0,50,0.32261182293566015,"[0.77059, 1.39056, 1.25113]",4.97326,"{'AGEP': 1.0, 'WKHP': 1.0, 'SCHL': 1.0}",88049,WKHP,5.562229885974299,56648,23470,33178,20536.920581195296,0.875028571844708,0.45366683419028103,0.0,19567,WKHP,5.562229885974299,12585,5229,7356,4566.421366678255,0.8732876968212383,0.45426114151681,0.0
feasible,"equal (1,1,1)",8.0,50,0.5928243346627035,"[0.57755, 0.72141, 0.71295]",6.1715,"{'AGEP': 1.0, 'WKHP': 1.0, 'SCHL': 1.0}",88049,WKHP,5.7712562703505235,7,0,7,0.0,,0.0,0.0,19567,WKHP,5.7712562703505235,0,0,0,0.0,,0.0,
feasible,"equal (1,1,1)",16.0,49,0.6635815833466219,"[0.38538, 0.37715, 0.37881]",6.46836,"{'AGEP': 1.0, 'WKHP': 1.0, 'SCHL': 1.0}",88049,AGEP,6.166068936635986,0,0,0,0.0,,0.0,,19567,AGEP,6.166068936635986,0,0,0,0.0,,0.0,
feasible,"AGEP cheap (0.5,1,1)",0.25,9,0.5779402130642439,"[0.56432, 0.83934, 1.16531]",0.78142,"{'AGEP': 0.5, 'WKHP': 1.0, 'SCHL': 1.0}",88049,SCHL,0.2913279651769354,7572,3142,4430,252.15419777994242,0.08025276823040815,0.060733753431012484,0.0,19567,SCHL,0.2913279651769354,1660,694,966,55.561912305579334,0.08006039237115178,0.060290157240900005,0.0
feasible,"AGEP cheap (0.5,1,1)",0.5,18,0.574217219384584,"[0.55866, 0.84701, 1.22481]",1.11971,"{'AGEP': 0.5, 'WKHP': 1.0, 'SCHL': 1.0}",88049,SCHL,0.6124049162572691,15092,5691,9401,991.855063578726,0.17428484687730206,0.1100050257084316,0.0,19567,SCHL,0.6124049162572691,3327,1288,2039,219.09735560471074,0.17010664255024127,0.1118929719398836,0.0
feasible,"AGEP cheap (0.5,1,1)",1.0,35,0.541743780945353,"[0.82017, 0.87482, 1.15424]",2.07274,"{'AGEP': 0.5, 'WKHP': 1.0, 'SCHL': 1.0}",88049,AGEP,1.6403430635228515,29969,9888,20081,4093.5394904476498,0.4139906442604824,0.19113155758302083,0.0,19567,AGEP,1.6403430635228515,6661,2271,4390,945.2020129406828,0.4162052016471523,0.19728954912692206,0.0
feasible,"AGEP cheap (0.5,1,1)",2.0,8,0.500538577340666,"[0.53246, 0.78574, 1.03359]",2.31619,"{'AGEP': 0.5, 'WKHP': 1.0, 'SCHL': 1.0}",88049,AGEP,2.129824430781515,31522,8879,22643,6279.389454895944,0.707218093805152,0.17162794293887965,0.0,19567,AGEP,2.129824430781515,7078,2055,5023,1461.174330080078,0.7110337372652448,0.1785248892363826,0.0
feasible,"AGEP cheap (0.5,1,1)",4.0,49,0.32087652004371614,"[0.69767, 1.40982, 1.21744]",5.00484,"{'AGEP': 0.5, 'WKHP': 1.0, 'SCHL': 1.0}",88049,WKHP,5.63926514274889,57631,24327,33304,21280.350070466528,0.8747626123429328,0.47023234236672207,0.0,19567,WKHP,5.63926514274889,12817,5419,7398,4733.5676945307805,0.8735131379462595,0.4707670923464512,0.0
feasible,"AGEP cheap (0.5,1,1)",8.0,1,0.5308686478770309,"[0.06755, 0.23654, 0.23069]",1.04586,"{'AGEP': 0.5, 'WKHP': 1.0, 'SCHL': 1.0}",88049,WKHP,1.892280149373095,59386,27408,31978,25931.749327291564,0.9461379643641114,0.5297869872810917,0.0,19567,WKHP,1.892280149373095,13152,6063,7089,5731.197226823713,0.9452741591330551,0.526713578316393,0.0
feasible,"AGEP cheap (0.5,1,1)",16.0,47,0.7007942507667703,"[0.16677, 0.32112, 0.33425]",5.92028,"{'AGEP': 0.5, 'WKHP': 1.0, 'SCHL': 1.0}",88049,SCHL,5.3479293943069575,0,0,0,0.0,,0.0,,19567,SCHL,5.3479293943069575,0,0,0,0.0,,0.0,
feasible,"WKHP cheap (1,0.5,1)",0.25,10,0.5767343316248321,"[0.56419, 0.8486, 1.16416]",0.91518,"{'AGEP': 1.0, 'WKHP': 0.5, 'SCHL': 1.0}",88049,WKHP,0.4242988279426218,11001,4387,6614,551.8458180497137,0.12579115980162153,0.08479916495921444,0.0,19567,WKHP,0.4242988279426218,2435,983,1452,121.80556582620929,0.12391207103378361,0.08539657718703848,0.0
feasible,"WKHP cheap (1,0.5,1)",0.5,19,0.5646638740901213,"[0.56618, 0.95824, 1.18669]",1.442,"{'AGEP': 1.0, 'WKHP': 0.5, 'SCHL': 1.0}",88049,WKHP,0.9582389514603321,21791,7590,14201,2095.762836129491,0.2761215857878117,0.14671202690686977,0.0,19567,WKHP,0.9582389514603321,4923,1743,3180,480.52388429218763,0.27568782805059533,0.15142038050560333,0.0
feasible,"WKHP cheap (1,0.5,1)",1.0,46,0.49834352127022963,"[0.54508, 1.26522, 1.30693]",2.77494,"{'AGEP': 1.0, 'WKHP': 0.5, 'SCHL': 1.0}",88049,WKHP,2.5304338772614945,39824,13791,26033,7938.289706518195,0.5756137848247549,0.26657517300034794,0.0,19567,WKHP,2.5304338772614945,8869,3143,5726,1807.3610890707232,0.5750432990998164,0.27304317609243334,0.0
feasible,"WKHP cheap (1,0.5,1)",2.0,50,0.32261911663223763,"[0.77034, 1.39048, 1.25112]",4.97251,"{'AGEP': 1.0, 'WKHP': 0.5, 'SCHL': 1.0}",88049,WKHP,5.561937823719037,56651,23473,33178,20538.83142292749,0.874998143523516,0.4537248231337225,0.0,19567,WKHP,5.561937823719037,12585,5229,7356,4566.229554534653,0.8732510144453344,0.45426114151681,0.0
feasible,"WKHP cheap (1,0.5,1)",4.0,50,0.5815073094853326,"[0.5413, 0.58618, 1.15998]",5.1445,"{'AGEP': 1.0, 'WKHP': 0.5, 'SCHL': 1.0}",88049,WKHP,4.689400115564371,557,99,458,97.86844595233508,0.9885701611346978,0.0019136351335678663,0.0,19567,WKHP,4.689400115564371,130,32,98,31.419807372136788,0.9818689803792746,0.0027799496134132567,0.0
feasible,"WKHP cheap (1,0.5,1)",8.0,48,0.614943094649688,"[0.56955, 0.37266, 0.74659]",6.29292,"{'AGEP': 1.0, 'WKHP': 0.5, 'SCHL': 1.0}",88049,SCHL,5.972718146555589,0,0,0,0.0,,0.0,,19567,SCHL,5.972718146555589,0,0,0,0.0,,0.0,
feasible,"WKHP cheap (1,0.5,1)",16.0,50,0.7120243007333765,"[0.31618, 0.16786, 0.33555]",6.02285,"{'AGEP': 1.0, 'WKHP': 0.5, 'SCHL': 1.0}",88049,WKHP,5.371530633789809,0,0,0,0.0,,0.0,,19567,WKHP,5.371530633789809,0,0,0,0.0,,0.0,
feasible,"SCHL costly (1,1,2)",0.25,9,0.5782681704854007,"[0.5661, 0.83928, 1.1642]",0.70236,"{'AGEP': 1.0, 'WKHP': 1.0, 'SCHL': 2.0}",88049,WKHP,0.20981934704334027,5616,2382,3234,143.21666919306932,0.06012454626073439,0.046043221092511695,0.0,19567,WKHP,0.20981934704334027,1228,525,703,31.268286052530236,0.05955864010005759,0.04560854834506125,0.0
feasible,"SCHL costly (1,1,2)",0.5,10,0.5767342954503765,"[0.5642, 0.84865, 1.16434]",0.91534,"{'AGEP': 1.0, 'WKHP': 1.0, 'SCHL': 2.0}",88049,WKHP,0.4243274279300528,11000,4386,6614,551.7909245103972,0.12580732432977593,0.08477983531140063,0.0,19567,WKHP,0.4243274279300528,2434,983,1451,121.84336350195974,0.12395052238246158,0.08539657718703848,0.0
feasible,"SCHL costly (1,1,2)",1.0,19,0.5646638385728684,"[0.56647, 0.95878, 1.18701]",1.44267,"{'AGEP': 1.0, 'WKHP': 1.0, 'SCHL': 2.0}",88049,WKHP,0.9587804630603708,21792,7591,14201,2095.801954149134,0.27609036413504595,0.14673135655468358,0.0,19567,WKHP,0.9587804630603708,4923,1743,3180,480.5358825716145,0.2756947117450456,0.15142038050560333,0.0
feasible,"SCHL costly (1,1,2)",2.0,46,0.49834343248490115,"[0.54514, 1.2655, 1.30708]",2.77552,"{'AGEP': 1.0, 'WKHP': 1.0, 'SCHL': 2.0}",88049,WKHP,2.5310049054601493,39825,13791,26034,7938.404270577261,0.5756220919858792,0.26657517300034794,0.0,19567,WKHP,2.5310049054601493,8869,3143,5726,1807.3861923945724,0.5750512861579932,0.27304317609243334,0.0
feasible,"SCHL costly (1,1,2)",4.0,50,0.322617283957166,"[0.77037, 1.39043, 1.25113]",4.97267,"{'AGEP': 1.0, 'WKHP': 1.0, 'SCHL': 2.0}",88049,WKHP,5.56173116315907,56650,23473,33177,20539.43115659627,0.8750236934604129,0.4537248231337225,0.0,19567,WKHP,5.56173116315907,12585,5229,7356,4566.364765484619,0.8732768723435875,0.45426114151681,0.0
feasible,"SCHL costly (1,1,2)",8.0,48,0.5812677161658762,"[0.53887, 0.59854, 1.18597]",5.24181,"{'AGEP': 1.0, 'WKHP': 1.0, 'SCHL': 2.0}",88049,WKHP,4.78829889043813,525,92,433,90.92411142703432,0.9883055589895035,0.0017783275988711485,0.0,19567,WKHP,4.78829889043813,118,29,89,28.442024227991435,0.9807594561376357,0.002519329337155764,0.0
feasible,"SCHL costly (1,1,2)",16.0,49,0.6126033488231584,"[0.39743, 0.40827, 0.82374]",6.85376,"{'AGEP': 1.0, 'WKHP': 1.0, 'SCHL': 2.0}",88049,SCHL,6.589953039489415,0,0,0,0.0,,0.0,,19567,SCHL,6.589953039489415,0,0,0,0.0,,0.0,
feasible,"SCHL costly (1,1,4)",0.25,9,0.5782681704854007,"[0.5661, 0.83928, 1.1642]",0.70236,"{'AGEP': 1.0, 'WKHP': 1.0, 'SCHL': 4.0}",88049,WKHP,0.20981934704334027,5616,2382,3234,143.21666919306932,0.06012454626073439,0.046043221092511695,0.0,19567,WKHP,0.20981934704334027,1228,525,703,31.268286052530236,0.05955864010005759,0.04560854834506125,0.0
feasible,"SCHL costly (1,1,4)",0.5,10,0.5767342954503765,"[0.5642, 0.84865, 1.16434]",0.91534,"{'AGEP': 1.0, 'WKHP': 1.0, 'SCHL': 4.0}",88049,WKHP,0.4243274279300528,11000,4386,6614,551.7909245103972,0.12580732432977593,0.08477983531140063,0.0,19567,WKHP,0.4243274279300528,2434,983,1451,121.84336350195974,0.12395052238246158,0.08539657718703848,0.0
feasible,"SCHL costly (1,1,4)",1.0,19,0.5646638053921248,"[0.56642, 0.95873, 1.18699]",1.44258,"{'AGEP': 1.0, 'WKHP': 1.0, 'SCHL': 4.0}",88049,WKHP,0.958727868115016,21792,7591,14201,2095.7236739210393,0.27608005189316814,0.14673135655468358,0.0,19567,WKHP,0.958727868115016,4923,1743,3180,480.51738927508745,0.27568410170687746,0.15142038050560333,0.0
feasible,"SCHL costly (1,1,4)",2.0,46,0.49834338740894757,"[0.54513, 1.26549, 1.30706]",2.77549,"{'AGEP': 1.0, 'WKHP': 1.0, 'SCHL': 4.0}",88049,WKHP,2.530973449013544,39825,13791,26034,7938.409706793423,0.5756224861716643,0.26657517300034794,0.0,19567,WKHP,2.530973449013544,8869,3143,5726,1807.3874312683204,0.575051680327178,0.27304317609243334,0.0
feasible,"SCHL costly (1,1,4)",4.0,50,0.32261832999870327,"[0.77039, 1.3904, 1.2511]",4.97253,"{'AGEP': 1.0, 'WKHP': 1.0, 'SCHL': 4.0}",88049,WKHP,5.561592444493561,56651,23473,33178,20539.38306802066,0.8750216447842483,0.4537248231337225,0.0,19567,WKHP,5.561592444493561,12585,5229,7356,4566.353820067592,0.8732747791293922,0.45426114151681,0.0
feasible,"SCHL costly (1,1,4)",8.0,48,0.582661090557784,"[0.53837, 0.55412, 1.17053]",4.8603,"{'AGEP': 1.0, 'WKHP': 1.0, 'SCHL': 4.0}",88049,WKHP,4.432968487067532,902,172,730,169.78445658023838,0.9871189336060371,0.003324699423976495,0.0,19567,WKHP,4.432968487067532,185,40,145,39.15134601067601,0.9787836502669002,0.003474937016766571,0.0
feasible,"SCHL costly (1,1,4)",16.0,49,0.6127804829364792,"[0.34458, 0.34056, 1.1957]",5.90902,"{'AGEP': 1.0, 'WKHP': 1.0, 'SCHL': 4.0}",88049,AGEP,5.513245840357373,0,0,0,0.0,,0.0,,19567,AGEP,5.513245840357373,0,0,0,0.0,,0.0,
feasible,"WKHP cheap, SCHL costly (1,0.5,2)",0.25,10,0.5767343316248321,"[0.56419, 0.8486, 1.16416]",0.91518,"{'AGEP': 1.0, 'WKHP': 0.5, 'SCHL': 2.0}",88049,WKHP,0.4242988279426218,11001,4387,6614,551.8458180497137,0.12579115980162153,0.08479916495921444,0.0,19567,WKHP,0.4242988279426218,2435,983,1452,121.80556582620929,0.12391207103378361,0.08539657718703848,0.0
feasible,"WKHP cheap, SCHL costly (1,0.5,2)",0.5,19,0.5646640522366679,"[0.56624, 0.95825, 1.18669]",1.44199,"{'AGEP': 1.0, 'WKHP': 0.5, 'SCHL': 2.0}",88049,WKHP,0.9582450774200635,21792,7590,14202,2095.6570098149537,0.27610764292687134,0.14671202690686977,0.0,19567,WKHP,0.9582450774200635,4923,1743,3180,480.49986193714926,0.27567404586181826,0.15142038050560333,0.0
feasible,"WKHP cheap, SCHL costly (1,0.5,2)",1.0,46,0.4983436375743135,"[0.54489, 1.2649, 1.30685]",2.77432,"{'AGEP': 1.0, 'WKHP': 0.5, 'SCHL': 2.0}",88049,WKHP,2.5298047043110437,39824,13791,26033,7938.225859335288,0.5756091551979761,0.26657517300034794,0.0,19567,WKHP,2.5298047043110437,8869,3143,5726,1807.3446546710873,0.5750380702103364,0.27304317609243334,0.0
feasible,"WKHP cheap, SCHL costly (1,0.5,2)",2.0,50,0.3226196609357231,"[0.77055, 1.3904, 1.25101]",4.97234,"{'AGEP': 1.0, 'WKHP': 0.5, 'SCHL': 2.0}",88049,WKHP,5.561614017510249,56652,23474,33178,20539.882405535962,0.8750056405186999,0.45374415278153635,0.0,19567,WKHP,5.561614017510249,12586,5229,7357,4566.256186167119,0.8732561075094892,0.45426114151681,0.0
feasible,"WKHP cheap, SCHL costly (1,0.5,2)",4.0,8,0.5427486228649332,"[0.58698, 0.2884, 1.1429]",2.58204,"{'AGEP': 1.0, 'WKHP': 0.5, 'SCHL': 2.0}",88049,AGEP,2.34791793974414,28996,7232,21764,5346.169369374924,0.7392380212078158,0.13979201298952332,0.0,19567,AGEP,2.34791793974414,6474,1669,4805,1241.0397179895094,0.7435828148529116,0.14499174702458517,0.0
feasible,"WKHP cheap, SCHL costly (1,0.5,2)",8.0,49,0.6116413037448166,"[0.52935, 0.30754, 1.2151]",5.37206,"{'AGEP': 1.0, 'WKHP': 0.5, 'SCHL': 2.0}",88049,WKHP,4.9206950542569885,0,0,0,0.0,,0.0,,19567,WKHP,4.9206950542569885,0,0,0,0.0,,0.0,
feasible,"WKHP cheap, SCHL costly (1,0.5,2)",16.0,50,0.650225829640648,"[0.38629, 0.1906, 0.77165]",6.64272,"{'AGEP': 1.0, 'WKHP': 0.5, 'SCHL': 2.0}",88049,AGEP,6.1805900453830365,0,0,0,0.0,,0.0,,19567,AGEP,6.1805900453830365,0,0,0,0.0,,0.0,
feasible,"AGEP fixed, SCHL costly (1e6,1,2)",0.25,9,0.5782681704854007,"[0.5661, 0.83928, 1.1642]",0.70236,"{'AGEP': 1000000.0, 'WKHP': 1.0, 'SCHL': 2.0}",88049,WKHP,0.20981934704334027,5616,2382,3234,143.21666919306932,0.06012454626073439,0.046043221092511695,0.0,19567,WKHP,0.20981934704334027,1228,525,703,31.268286052530236,0.05955864010005759,0.04560854834506125,0.0
feasible,"AGEP fixed, SCHL costly (1e6,1,2)",0.5,10,0.5767343316248321,"[0.56419, 0.8486, 1.16416]",0.91518,"{'AGEP': 1000000.0, 'WKHP': 1.0, 'SCHL': 2.0}",88049,WKHP,0.4242988279426218,11001,4387,6614,551.8458180497137,0.12579115980162153,0.08479916495921444,0.0,19567,WKHP,0.4242988279426218,2435,983,1452,121.80556582620929,0.12391207103378361,0.08539657718703848,0.0
feasible,"AGEP fixed, SCHL costly (1e6,1,2)",1.0,19,0.5646638740901213,"[0.56618, 0.95824, 1.18669]",1.442,"{'AGEP': 1000000.0, 'WKHP': 1.0, 'SCHL': 2.0}",88049,WKHP,0.9582389514603321,21791,7590,14201,2095.762836129491,0.2761215857878117,0.14671202690686977,0.0,19567,WKHP,0.9582389514603321,4923,1743,3180,480.52388429218763,0.27568782805059533,0.15142038050560333,0.0
feasible,"AGEP fixed, SCHL costly (1e6,1,2)",2.0,46,0.49834352127022963,"[0.54508, 1.26522, 1.30693]",2.77494,"{'AGEP': 1000000.0, 'WKHP': 1.0, 'SCHL': 2.0}",88049,WKHP,2.5304338772614945,39824,13791,26033,7938.289706518195,0.5756137848247549,0.26657517300034794,0.0,19567,WKHP,2.5304338772614945,8869,3143,5726,1807.3610890707232,0.5750432990998164,0.27304317609243334,0.0
feasible,"AGEP fixed, SCHL costly (1e6,1,2)",4.0,50,0.32261911663223763,"[0.77034, 1.39048, 1.25112]",4.97251,"{'AGEP': 1000000.0, 'WKHP': 1.0, 'SCHL': 2.0}",88049,WKHP,5.561937823719037,56651,23473,33178,20538.83142292749,0.874998143523516,0.4537248231337225,0.0,19567,WKHP,5.561937823719037,12585,5229,7356,4566.229554534653,0.8732510144453344,0.45426114151681,0.0
feasible,"AGEP fixed, SCHL costly (1e6,1,2)",8.0,50,0.5816820227625313,"[0.54155, 0.58273, 1.15592]",5.11484,"{'AGEP': 1000000.0, 'WKHP': 1.0, 'SCHL': 2.0}",88049,WKHP,4.661806169202845,560,100,460,98.84693377396552,0.9884693377396552,0.0019329647813816832,0.0,19567,WKHP,4.661806169202845,130,32,98,31.411501864928216,0.9816094332790067,0.0027799496134132567,0.0
feasible,"AGEP fixed, SCHL costly (1e6,1,2)",16.0,48,0.6222478579480002,"[0.58076, 0.34508, 0.69196]",5.83038,"{'AGEP': 1000000.0, 'WKHP': 1.0, 'SCHL': 2.0}",88049,SCHL,5.535640332665655,0,0,0,0.0,,0.0,,19567,SCHL,5.535640332665655,0,0,0,0.0,,0.0,
