x,n,p_mean,p_std,p_q10,p_q25,p_q75,p_q90,empirical_rate
1.0,1523,0.005876567700696369,0.01655275418208839,0.0008620531673366569,0.00171046617874707,0.005358531563697375,0.009546833984175752,0.11556139198949442
2.0,33,0.005044195549634928,0.009224211617042961,0.0008450569120469612,0.0015878827264608527,0.003653539597041576,0.008954737479735998,0.06060606060606061
3.0,32,0.004640433013884984,0.0036292914704283974,0.001632239181827486,0.002192306405015148,0.00600918860664324,0.009267913059314473,0.125
4.0,36,0.010186918367958424,0.010540982478760563,0.0021625244423901097,0.00397844611274201,0.012142379882722678,0.016990582152430662,0.08333333333333333
5.0,112,0.021786473923952145,0.0361402748247341,0.005013157758562914,0.007722899491527857,0.022491787857186172,0.0378896873924613,0.05357142857142857
6.0,273,0.02191373740268776,0.02974959715734375,0.004384916327425414,0.008419182545359885,0.025210367952868053,0.036013716720673716,0.09157509157509157
7.0,172,0.03886945523910249,0.07673124398736177,0.008436353417171952,0.012110815270490677,0.03750771453022459,0.0688023909040272,0.12790697674418605
8.0,249,0.03819306448158812,0.03648171961245733,0.009749176263894087,0.016403330269375644,0.046250913856819335,0.07528581151760731,0.08433734939759036
9.0,1473,0.049595935553014156,0.057827807529306996,0.012916156091730226,0.022326355599279125,0.05706456992022093,0.08415927282044179,0.09300746775288526
10.0,212,0.06161478760156754,0.05955571982751374,0.013346799366288811,0.026485578318607067,0.07652749763046916,0.1159898749438927,0.10849056603773585
11.0,553,0.08135159469288157,0.08253228457796515,0.020899696022878524,0.03434341345213587,0.09774133902038719,0.15472290495696375,0.11211573236889692
12.0,968,0.09853847625691219,0.08703820606171558,0.026261858967830398,0.047221298601886744,0.12246958539881941,0.1816109015562839,0.11880165289256199
13.0,734,0.11264921062991949,0.11907443873881668,0.00773748691325716,0.03408326215009039,0.15620396875917059,0.23541610014708975,0.11035422343324251
14.0,1401,0.10228384406555834,0.12197096450967944,0.0051448652893949865,0.01244326738243813,0.14305952089175838,0.24225086387771264,0.09635974304068523
15.0,1995,0.19090457924354276,0.15493383570114108,0.02840266393757513,0.07941091757293199,0.2666488581627336,0.38822457323669135,0.17042606516290726
16.0,14836,0.21913929612269223,0.17338856973159555,0.03347856453830894,0.09319088030105406,0.3121285283209374,0.4419439676407121,0.2065246697222971
17.0,1847,0.29550875505355145,0.1900909208410999,0.08043981211361885,0.15412506320306033,0.4050576559535927,0.5505115954038438,0.2766648619382783
18.0,5776,0.32711492752510285,0.21796583640657385,0.05348534155875532,0.15740097658502744,0.4828263685866042,0.628509976486229,0.29605263157894735
19.0,14596,0.36330069928094955,0.23349061703222998,0.06088656146028724,0.1701645298559295,0.5403003691732902,0.6830128202877123,0.29932858317347216
20.0,7046,0.47350266275547875,0.22245226998458653,0.15171875570068039,0.31304064344073773,0.6457722381014901,0.7534013688875101,0.3993755322168606
21.0,21092,0.5544063779458533,0.21198695538478174,0.2545055581484766,0.40641631274802453,0.7245345647034346,0.8211235136140241,0.5843921866110373
22.0,8835,0.6569378098375555,0.18590318239999318,0.42363760956738455,0.5417946022217902,0.802672427380909,0.874621637424151,0.7486134691567629
23.0,2552,0.7485647903230217,0.1800396873659392,0.5162498125287093,0.6504733598116896,0.8851641693366611,0.9398988526120979,0.789576802507837
24.0,1703,0.8002306724558022,0.14715099824919706,0.6374169045623295,0.7274757885463511,0.9033402582679392,0.9476467022048888,0.815619495008808
