shift,lambda,split,agents,predicted_positive_before,manipulating,manipulating_y0,manipulating_y1,improved,improvement_rate,expected_improved,expected_improvement_rate,improvement_error,expected_improvement_error,error_no_response,w,c
l2,0.01,algo_val,9783,38,3081,780,2301,711,0.9115384615384615,703.0035912709965,0.9012866554756365,0.180721660022488,0.1815390379974449,0.4088725339875294,"[0.5721718072891235, 0.6522008776664734, 1.0503560304641724]",-3.2922308444976807
l2,0.01,algo_test,9784,30,3047,781,2266,705,0.9026888604353394,708.335099429404,0.9069591541989808,0.18622240392477515,0.18588153112945585,0.41005723630417007,"[0.5721718072891235, 0.6522008776664734, 1.0503560304641724]",-3.2922308444976807
l2,0.1,algo_val,9783,34,3003,796,2207,721,0.9057788944723618,715.8048634551565,0.8992523410240659,0.19094347337217624,0.19147451053305156,0.4088725339875294,"[0.4156135618686676, 0.4090920090675354, 0.5649687647819519]",-2.056215763092041
l2,0.1,algo_test,9784,27,2971,794,2177,725,0.9130982367758187,718.508020099513,0.9049219396719308,0.1947056418642682,0.19536917210757226,0.41015944399018806,"[0.4156135618686676, 0.4090920090675354, 0.5649687647819519]",-2.056215763092041
l2,1.0,algo_val,9783,0,0,0,0,0,,0.0,,0.4113257691914546,0.4113257691914546,0.4113257691914546,"[0.07327054440975189, 0.0795622318983078, 0.11498136073350906]",-1.129443645477295
l2,1.0,algo_test,9784,0,0,0,0,0,,0.0,,0.41210139002452983,0.41210139002452983,0.41210139002452983,"[0.07327054440975189, 0.0795622318983078, 0.11498136073350906]",-1.129443645477295
ours,0.01,algo_val,9783,52,3671,1005,2666,900,0.8955223880597015,900.4240670305943,0.895944345304074,0.14606971276704486,0.14602636542669997,0.4078503526525606,"[0.6170398592948914, 0.741523027420044, 1.1632977724075317]",-3.527021646499634
ours,0.01,algo_test,9784,34,3674,1038,2636,938,0.9036608863198459,935.4099514388874,0.9011656564921844,0.15065412919051513,0.15091885206062067,0.4098528209321341,"[0.6170398592948914, 0.741523027420044, 1.1632977724075317]",-3.527021646499634
ours,0.1,algo_val,9783,33,3398,905,2493,811,0.8961325966850828,816.2778184316435,0.9019644402559597,0.16375344986200552,0.16321396111298747,0.4089747521210263,"[0.3968338370323181, 0.47082406282424927, 0.5926966071128845]",-2.2363476753234863
ours,0.1,algo_test,9784,28,3380,914,2466,830,0.9080962800875274,831.4236799056057,0.9096539167457393,0.1670073589533933,0.16686184792461103,0.410466067048242,"[0.3968338370323181, 0.47082406282424927, 0.5926966071128845]",-2.2363476753234863
ours,1.0,algo_val,9783,0,0,0,0,0,,0.0,,0.4113257691914546,0.4113257691914546,0.4113257691914546,"[0.06052025407552719, 0.07629113644361496, 0.06556186079978943]",-1.1780314445495605
ours,1.0,algo_test,9784,0,0,0,0,0,,0.0,,0.41210139002452983,0.41210139002452983,0.41210139002452983,"[0.06052025407552719, 0.07629113644361496, 0.06556186079978943]",-1.1780314445495605
