epoch,train_loss,val_loss,b,w_lsat,w_ugpa,w_zgpa,j_star,S,val_frac_positive,val_frac_moved,val_mean_pi_y0
1,0.20527529644198148,0.19365880957664441,-0.02725467456084013,0.6592785304226013,0.023068605509697228,1.0337707889405485,2,2.067541577881097,0.5226179018286814,0.3917228103946102,0.3865407066578369
2,0.19689107041330972,0.18804802751310326,-0.04773628784143072,0.6231622308131769,0.018349387081596277,1.0632990238075746,2,2.126598047615149,0.5235803657362849,0.4032723772858518,0.42234884792836164
3,0.1907477861570412,0.1841371051756124,-0.06387029493751244,0.5897877881292636,0.015059463799184008,1.0872179906194344,2,2.1744359812388687,0.5274302213666987,0.40712223291626565,0.4332020404547651
4,0.18566664612383002,0.1810003122951845,-0.07744851543324542,0.5597329819964869,0.01259631636340901,1.1073500981419968,2,2.2147001962839936,0.534167468719923,0.4051973051010587,0.44503655704036105
5,0.18193750352326615,0.17874555998994285,-0.087489135318421,0.5328895161864663,0.01192130185342046,1.1236870255834719,2,2.2473740511669438,0.5351299326275265,0.4109720885466795,0.4514519467709003
6,0.17926080797546795,0.17676055582813818,-0.09617377504992908,0.5072901079333086,0.011275710301466083,1.1379256193795653,2,2.2758512387591305,0.5332050048123196,0.41482194417709334,0.45802060985115045
7,0.1772352518698414,0.1754195893498019,-0.10163421517703533,0.4844995663135127,0.011263076466177045,1.1491752590788478,2,2.2983505181576955,0.5312800769971127,0.4196342637151107,0.4592762535564638
8,0.17549263560387143,0.17458812406008853,-0.10566339741876019,0.46382542890317896,0.011727937315564456,1.1585333045921957,2,2.3170666091843914,0.5312800769971127,0.42059672762271416,0.45486039055356536
9,0.1743639105562635,0.17391119682084116,-0.10859477430175621,0.44555566142527603,0.01260171785641979,1.1662724290316788,2,2.3325448580633577,0.5293551491819056,0.42829643888354185,0.46395349453588264
10,0.17254030084767716,0.17331278581051154,-0.11129891946713989,0.42757745356822624,0.01342450689942213,1.1733412527282079,2,2.3466825054564158,0.5283926852743022,0.4302213666987488,0.46679553597930745
11,0.17198871470873778,0.1728598587778935,-0.11208700020693611,0.4120486292650705,0.014574360557799012,1.1787196275995304,2,2.357439255199061,0.5303176130895092,0.4302213666987488,0.46436325851831406
12,0.1721918622616257,0.17244178431724622,-0.11277710965303706,0.39628949088381943,0.01579267048384784,1.183494828591927,2,2.366989657183854,0.5332050048123196,0.4292589027911453,0.4681443684802839
13,0.1705263098132312,0.17207504359425319,-0.11347869763122612,0.3816477892767992,0.01735049686043674,1.1879171067759455,2,2.375834213551891,0.5332050048123196,0.43214629451395575,0.4658596910870517
14,0.17034390080328998,0.17180421915509725,-0.11345571902615799,0.36817496684530776,0.01867172314193445,1.1913534557500147,2,2.3827069115000294,0.534167468719923,0.4331087584215592,0.46983522446114107
15,0.16971921859765893,0.17157350100125598,-0.11315063083600825,0.35539284384466296,0.02029184513756436,1.1944705958992274,2,2.388941191798455,0.53609239653513,0.43214629451395575,0.47428761293446803
16,0.16956251599301445,0.17149962706358182,-0.11245957562376979,0.34346626607340935,0.022387128501670146,1.197002196213306,2,2.394004392426612,0.5380173243503369,0.43118383060635224,0.4787132366093899
17,0.1688670729080377,0.17149471396361315,-0.11121337080206498,0.3322235177813683,0.024314483151048026,1.1988025825266764,2,2.3976051650533527,0.5370548604427334,0.43214629451395575,0.47731235538062583
18,0.1685793661839475,0.17151739700569205,-0.10982774670912636,0.3219199063026024,0.026276465983567004,1.2003649996580883,2,2.4007299993161766,0.5351299326275265,0.4359961501443696,0.48241164599722736
19,0.1681408410644517,0.1715691660244245,-0.10809542769051173,0.31271146576240394,0.028253688106045054,1.201344723976185,2,2.40268944795237,0.5332050048123196,0.4379210779595765,0.48143456489346514
20,0.16846307841991856,0.1716194878463347,-0.10558803459621226,0.30482111137754553,0.030074056271491508,1.201728470321094,2,2.403456940642188,0.5322425409047161,0.43984600577478344,0.4871176806361644
21,0.16741797814066658,0.17165700201196119,-0.10390441761001873,0.2972742241870582,0.031475484824924425,1.202152650001679,2,2.404305300003358,0.5322425409047161,0.43888354186718,0.47987334325277936
22,0.16738849171784273,0.1717024797075809,-0.10225997969669792,0.2904282915799269,0.03267335752763493,1.2025714529241367,2,2.4051429058482734,0.5322425409047161,0.43984600577478344,0.4855424034661627
23,0.16694631449089672,0.17175508844827447,-0.10024328982240437,0.28364108953065925,0.034173009640803984,1.2027668127754996,2,2.405533625550999,0.5303176130895092,0.44177093358999037,0.48497090754351396
24,0.16706031864580329,0.17181273025552696,-0.09811121354021124,0.2781550824532204,0.03570904368627938,1.2025982147356957,2,2.4051964294713915,0.5303176130895092,0.44177093358999037,0.4846666837861181
25,0.16794153375876497,0.1718794293045141,-0.09572565040047293,0.27265699334171645,0.037174593429080555,1.202330157519173,2,2.404660315038346,0.5312800769971127,0.4408084696823869,0.4844219218023529
26,0.16788912834009304,0.1719440908553181,-0.0935460574694189,0.26768361861611645,0.03806850967169811,1.2020771142600761,2,2.4041542285201523,0.5293551491819056,0.44273339749759383,0.484175541824408
27,0.16697542843737703,0.17200730329504094,-0.09133146766223299,0.26306888526808747,0.0389957633790433,1.2017588502433003,2,2.4035177004866006,0.5274302213666987,0.44465832531280075,0.4840032194395458
28,0.16739335659394028,0.17207633058232574,-0.08917884059521292,0.2586780875409541,0.03977996755401026,1.2014821436789782,2,2.4029642873579564,0.5274302213666987,0.44465832531280075,0.48384140632622097
29,0.1682558857752447,0.17214042373072622,-0.08678917482562955,0.2546512134605719,0.04060265369121264,1.2008837901225287,2,2.4017675802450573,0.5274302213666987,0.4465832531280077,0.4961096427515475
30,0.16735753272087844,0.17219451755125464,-0.084645901837038,0.25105062686092594,0.040925202481655654,1.2002056481591987,2,2.4004112963183974,0.5283926852743022,0.4456207892204042,0.4960596664347989
31,0.16676509533439238,0.17225235439024272,-0.08246554451072956,0.24740017341840578,0.04151889351448241,1.19977295742783,2,2.39954591485566,0.5255052935514918,0.44850818094321465,0.49601897292540714
32,0.16804292242388957,0.17232599567676335,-0.0801468198685198,0.2432358910029476,0.042142724854839615,1.19916723180467,2,2.39833446360934,0.5245428296438883,0.4504331087584216,0.4959212764132621
33,0.16680717175520715,0.17238185007914417,-0.07811933151371875,0.2403702015408754,0.042890988427921724,1.1986237866923555,2,2.397247573384711,0.5245428296438883,0.4504331087584216,0.49599546007849615
34,0.16742770086929668,0.17243737693128505,-0.07606930606628055,0.23754263530405542,0.04359313710009166,1.198148452613972,2,2.396296905227944,0.5235803657362849,0.45139557266602504,0.49607742854611164
35,0.1670292217769411,0.17248741876015866,-0.07407755975720524,0.23527405699480822,0.04454617857694675,1.197648130131154,2,2.395296260262308,0.5235803657362849,0.45139557266602504,0.4962657767732101
36,0.1660467591566044,0.17253782110479582,-0.07286715615826868,0.23255334625593116,0.04485844886367798,1.1976592418895167,2,2.3953184837790333,0.5235803657362849,0.4523580365736285,0.5021021028792741
37,0.16595071796369573,0.17258786569943674,-0.07144224338321112,0.2300066007300046,0.045398205974605116,1.197447311908114,2,2.394894623816228,0.5226179018286814,0.45332050048123196,0.5020403990765872
38,0.1675798640962041,0.17263329781159856,-0.06997386690599387,0.22782650927805656,0.04581564613369825,1.1969474349824425,2,2.393894869964885,0.5226179018286814,0.45332050048123196,0.5020613571019317
39,0.1672101577688612,0.1726818855012945,-0.06882369176141591,0.22542840135715908,0.0461924006494674,1.1967792131448856,2,2.393558426289771,0.5226179018286814,0.45332050048123196,0.5019380147864957
40,0.1666773250390934,0.17272483870603422,-0.06803552214357304,0.22328002099747576,0.04654784657959296,1.1967138085387423,2,2.3934276170774846,0.5216554379210779,0.4552454282964389,0.5075385558261123
41,0.16683237722990446,0.17275207628663797,-0.06690481869642481,0.22145461609050648,0.0466971880365282,1.1964242166187031,2,2.3928484332374063,0.5206929740134745,0.4571703561116458,0.5125122055912508
42,0.16661691999929307,0.17277982262352373,-0.06599239357266598,0.21974528593946926,0.04713228439664375,1.196295433734258,2,2.392590867468516,0.5206929740134745,0.4571703561116458,0.5124433109305897
43,0.16655590916545068,0.17280651122290433,-0.06509044108573867,0.21810820533839478,0.04751258170559609,1.1961571804121358,2,2.3923143608242716,0.519730510105871,0.45813282001924927,0.5123827225490698
44,0.16671516528099892,0.17283243744862087,-0.06413559311331271,0.21643055678479534,0.04789101011100405,1.1959197448903858,2,2.3918394897807715,0.519730510105871,0.4590952839268527,0.5181612980564951
45,0.16689449750298205,0.17285073978762885,-0.06283282922120144,0.2151789961729173,0.04783542859984757,1.1956752541109659,2,2.3913505082219317,0.519730510105871,0.4590952839268527,0.518268224350807
46,0.16730699692656606,0.17287544014941852,-0.061548843104810944,0.2142661358948503,0.04830090447324309,1.1951010845151926,2,2.390202169030385,0.519730510105871,0.4590952839268527,0.518486760925526
47,0.16713603113632666,0.1729046428503485,-0.060158581801792434,0.2130722919707836,0.04893444339281326,1.194712863850428,2,2.389425727700856,0.5187680461982676,0.4600577478344562,0.5186813427170476
48,0.16677313007891945,0.17292930895015884,-0.05936441689493846,0.21170384332110356,0.04944118391590897,1.1945089144699972,2,2.3890178289399944,0.5187680461982676,0.4600577478344562,0.5186531564811937
49,0.16701137538651725,0.1729511309109783,-0.05857828212250318,0.21027346481327236,0.04966524891879449,1.1942335093267975,2,2.388467018653595,0.5187680461982676,0.4600577478344562,0.5185915923239139
50,0.16686667157385515,0.17295995997562202,-0.058089383120202356,0.20940885938536902,0.049442712273655896,1.1939840328136695,2,2.387968065627339,0.5187680461982676,0.4600577478344562,0.5185360444989688
51,0.1671682399363429,0.1729823853679198,-0.05740140061933999,0.20792454795778637,0.049668262443560623,1.1936693033085992,2,2.3873386066171984,0.5187680461982676,0.4600577478344562,0.5184349389783095
52,0.16724344635905974,0.17299392746714382,-0.05710193464005578,0.2062548415592017,0.04923913954917754,1.1936617043828914,2,2.387323408765783,0.519730510105871,0.4590952839268527,0.5181283163275155
53,0.16676384791647494,0.1730128400955531,-0.056759836769981385,0.20468940656510148,0.04936517872407822,1.1936644242469208,2,2.3873288484938415,0.5187680461982676,0.4600577478344562,0.517893420777228
54,0.16694315776427346,0.17302160455252896,-0.056351754463832386,0.20383644359899228,0.04919548155492877,1.1936006838645656,2,2.3872013677291313,0.5187680461982676,0.4600577478344562,0.5178144090423202
55,0.16687953669104227,0.1730403881244031,-0.05580767703466192,0.20276116582092116,0.049465789151671304,1.1933738337754123,2,2.3867476675508246,0.5187680461982676,0.4600577478344562,0.5177600828691998
56,0.16616671625757445,0.17304768817585064,-0.055652525981105955,0.20170697515653951,0.049208871427649854,1.19354863954362,2,2.38709727908724,0.5187680461982676,0.4600577478344562,0.5175512910981462
57,0.16740664951731926,0.1730653085353894,-0.05492854951074042,0.20122248195955075,0.04971427705443908,1.1932120192294808,2,2.3864240384589617,0.5187680461982676,0.4600577478344562,0.5176970563317315
58,0.16597875769454914,0.17307785622179792,-0.05443225126460596,0.20045834293257983,0.04978313203729059,1.1930415155366505,2,2.386083031073301,0.5187680461982676,0.4600577478344562,0.5176814255726152
59,0.16649943093114672,0.17308386344666177,-0.05426238723203668,0.19965721084875843,0.04956879478323931,1.1931390498703132,2,2.3862780997406263,0.5187680461982676,0.4600577478344562,0.5175369078345369
60,0.1663609642293897,0.17309136028311764,-0.05412086891598795,0.1987050350545005,0.049248314736440195,1.1929941878977208,2,2.3859883757954417,0.5187680461982676,0.4600577478344562,0.5173498341043299
61,0.1668178559778261,0.1731032908989712,-0.05345734294535693,0.19835453544695866,0.04947205374438369,1.19269219680103,2,2.38538439360206,0.5187680461982676,0.4600577478344562,0.5174873049501679
62,0.16725890555340678,0.1731183235926745,-0.05332212039069603,0.1973502111571419,0.04962658376992664,1.192469166466306,2,2.384938332932612,0.5187680461982676,0.4600577478344562,0.5173212664899166
63,0.16630354840285916,0.17312234755357933,-0.05292893322468216,0.1970699350886868,0.04951840919196046,1.192411653667202,2,2.384823307334404,0.5187680461982676,0.4600577478344562,0.5173669012636349
64,0.16619677401397925,0.17312708500695353,-0.05281683607072993,0.19639884219227746,0.049263264635422806,1.1924032659127244,2,2.3848065318254488,0.5187680461982676,0.4600577478344562,0.5172336035472126
65,0.16664323124765934,0.17313187232277288,-0.0524236564158211,0.19597302714332324,0.048935487764454826,1.1919607748999435,2,2.383921549799887,0.5178055822906641,0.46102021174205965,0.5172420247464441
66,0.16604547298127872,0.17313601432598522,-0.0526278693650039,0.1955901645782768,0.049063990525999523,1.1921306330291486,2,2.384261266058297,0.5178055822906641,0.46102021174205965,0.5171026915748729
67,0.1671804008737059,0.17314085378546412,-0.052303498777989746,0.19569485420796695,0.04929707694114422,1.1918880556086253,2,2.3837761112172506,0.5178055822906641,0.46102021174205965,0.5172420355721025
68,0.16721981203536956,0.1731502391971843,-0.05256961647269528,0.1949938673997346,0.049570481110805364,1.1920683671824808,2,2.3841367343649615,0.5178055822906641,0.46102021174205965,0.5170240294710318
69,0.1668948208663082,0.17315408160307189,-0.05196865850833766,0.1949791059712053,0.049448934578123833,1.1916400210224927,2,2.3832800420449853,0.5168431183830606,0.4619826756496631,0.5171972806736109
70,0.1659793197325858,0.17315498615265726,-0.05156244262494648,0.1948078242303872,0.04914806527750851,1.1914782753178188,2,2.3829565506356376,0.5168431183830606,0.4619826756496631,0.5172601686802617
71,0.16654303882863677,0.17315779444370372,-0.05183492610028952,0.19440646647723267,0.04917905024721456,1.1916399717165307,2,2.3832799434330614,0.5168431183830606,0.4619826756496631,0.5170903477800566
72,0.16732742798627032,0.17316957131633903,-0.051333857461957226,0.19382517742758962,0.049257801770544514,1.1913696356259071,2,2.3827392712518143,0.5168431183830606,0.4619826756496631,0.5171187615400256
73,0.16671515471070594,0.1731652781402785,-0.05107199272327299,0.19376720931987193,0.048744836877290434,1.19127967839311,2,2.38255935678622,0.5168431183830606,0.4619826756496631,0.5171484465540988
74,0.1663397552300826,0.17316936640608577,-0.05096573790319085,0.1936266348623195,0.04891362773008422,1.1913447125060066,2,2.382689425012013,0.5168431183830606,0.4619826756496631,0.5171579032320188
75,0.1665781697494717,0.17317083665154903,-0.05097084937265562,0.19331473128949028,0.048814093535903935,1.1915118944981682,2,2.3830237889963364,0.5168431183830606,0.4619826756496631,0.5170758560916091
76,0.16649487612602593,0.17317333761414494,-0.050900934394128294,0.19303622080882066,0.048709519305999885,1.191467222161894,2,2.382934444323788,0.5168431183830606,0.4619826756496631,0.5170281350482784
77,0.16625985689822956,0.1731808754309133,-0.0509283100567113,0.19228873787963777,0.048679424486051934,1.1916331909052589,2,2.3832663818105178,0.5168431183830606,0.4619826756496631,0.5168475941143779
78,0.16653728423265546,0.1731846929559478,-0.05074954626142126,0.192209027911529,0.0488089411702137,1.1915815771827385,2,2.383163154365477,0.5168431183830606,0.4619826756496631,0.5168918854654608
79,0.16813156009749142,0.17319284019071968,-0.05035126076404196,0.19236135736286852,0.0493235650000715,1.1913523868792928,2,2.3827047737585856,0.5168431183830606,0.4619826756496631,0.5170825686145865
80,0.16649296597285404,0.17319426001957267,-0.050337894155297006,0.1923054091010638,0.04944985555324878,1.1915459028061743,2,2.3830918056123487,0.5168431183830606,0.4619826756496631,0.517077595853718
81,0.16613751720164185,0.17319349813872248,-0.05028245273652771,0.19199455087976,0.049152515837779784,1.191710789525246,2,2.383421579050492,0.5168431183830606,0.4619826756496631,0.5169995618363691
82,0.1669139685836071,0.17319485767810022,-0.04987892083491899,0.19201946594744138,0.049104554313554635,1.191669338522616,2,2.383338677045232,0.5168431183830606,0.4619826756496631,0.5171194409395172
83,0.16690894116862537,0.17319141571646848,-0.04988355911955042,0.19187655272486306,0.0486977845279252,1.1916280507333954,2,2.383256101466791,0.5168431183830606,0.4619826756496631,0.517059230423515
84,0.16628539065525594,0.17319037766772133,-0.050059391690203556,0.19166693686343447,0.048613606634561796,1.1919360772301053,2,2.3838721544602106,0.5168431183830606,0.4619826756496631,0.5169478086248165
85,0.16684592136795903,0.17319061744851677,-0.05014770598307915,0.19141460613190378,0.048417287066415245,1.1918982651699874,2,2.383796530339975,0.5168431183830606,0.4619826756496631,0.5168535070882978
86,0.16712485131319016,0.17319399398172827,-0.04995474263450442,0.1912625031311785,0.04846533837974925,1.191913115893169,2,2.383826231786338,0.5168431183830606,0.4619826756496631,0.516878355992701
87,0.1670039870509734,0.17319136678549713,-0.049859182804123735,0.19124755395064486,0.04816789956341344,1.191800757192964,2,2.383601514385928,0.5168431183830606,0.4619826756496631,0.5168849276751037
88,0.1662897183749039,0.17318694265823095,-0.04986556220073694,0.19104909176129675,0.04769539101149428,1.1919424104076868,2,2.3838848208153736,0.5168431183830606,0.4619826756496631,0.5168022352609194
89,0.16716836104779403,0.17318206090135932,-0.04996961570013992,0.19140773657481344,0.047734772694420176,1.192038745989136,2,2.384077491978272,0.5168431183830606,0.4619826756496631,0.5168522253882983
90,0.16717646912260611,0.17318880420589206,-0.049811906126696476,0.19105976087761187,0.047870037093828664,1.1920476328250345,2,2.384095265650069,0.5168431183830606,0.4619826756496631,0.5168295106822798
91,0.16564580418372743,0.17318954726656327,-0.050140382789425765,0.19073059034993733,0.0478192456684764,1.1922825879797514,2,2.384565175959503,0.5168431183830606,0.4619826756496631,0.5166515254839663
92,0.16689497958521785,0.17318827626771777,-0.05011088037951884,0.19062443091587705,0.04759360720918797,1.1923371442844104,2,2.384674288568821,0.5168431183830606,0.4619826756496631,0.5166192193268485
93,0.1667669064009822,0.1731904141022839,-0.05022845824679795,0.1905112295442078,0.047707990640409134,1.1924016949218705,2,2.384803389843741,0.5168431183830606,0.4619826756496631,0.5165662858277891
94,0.16747107134722808,0.1731973258549257,-0.04997839873575249,0.19062859163304077,0.048243873461354954,1.1921981780527502,2,2.3843963561055004,0.5168431183830606,0.4619826756496631,0.516707419621199
95,0.16638521922517432,0.17319672548297013,-0.050326586021493626,0.1901880425448,0.04790132748801346,1.1924050217857625,2,2.384810043571525,0.5168431183830606,0.4619826756496631,0.5164792498522925
96,0.16677624475291444,0.1731988533390822,-0.05043628978942456,0.18968922632230548,0.047481065601065194,1.1925812499682265,2,2.385162499936453,0.5168431183830606,0.4619826756496631,0.5163022522043771
97,0.16630906542599008,0.17319496486634667,-0.050521434348034966,0.1897161867453297,0.047200881599801535,1.1926898289285008,2,2.3853796578570017,0.5168431183830606,0.4619826756496631,0.516261210343687
98,0.1666580241351415,0.1731924179378763,-0.05068964204289263,0.18969471475840563,0.0469863119251172,1.1927383710721353,2,2.3854767421442706,0.5168431183830606,0.4619826756496631,0.5161914619158885
99,0.1666011866890706,0.1731935393748722,-0.05045627002975514,0.18979138612187962,0.04709987597487758,1.1925265818807544,2,2.385053163761509,0.5168431183830606,0.4619826756496631,0.5162940316593488
100,0.16644193301226146,0.17319081491435678,-0.05026550195048359,0.19017169346065313,0.0473255484824448,1.1924969600731898,2,2.3849939201463797,0.5168431183830606,0.4619826756496631,0.5164506476331657
101,0.1662609637318272,0.17318875855464042,-0.050083461478404014,0.1902406469309479,0.047160453364208876,1.1924802479436423,2,2.3849604958872845,0.5168431183830606,0.4619826756496631,0.5165075542092239
102,0.16656639344308932,0.17318630738893012,-0.0504336304753761,0.19015194800838822,0.04698635059087386,1.192742321518009,2,2.385484643036018,0.5168431183830606,0.4619826756496631,0.5163674803066708
103,0.16716733157602956,0.17318774623029864,-0.04996442150363959,0.19036095335180758,0.04723423101578834,1.1925917449759902,2,2.3851834899519804,0.5168431183830606,0.4619826756496631,0.516571027991523
104,0.16654127086060766,0.17318915873613813,-0.05014526939515142,0.19006742283708783,0.04707056627842068,1.1928148081666912,2,2.3856296163333823,0.5168431183830606,0.4619826756496631,0.5164359975641938
105,0.16666681515718662,0.17319398053174026,-0.05022521550211444,0.1899434603485484,0.047404912957110315,1.1928721212634221,2,2.3857442425268442,0.5168431183830606,0.4619826756496631,0.516407117783512
106,0.16544244345838563,0.17319195726661216,-0.05040899147010837,0.18973305856846953,0.047017640945314396,1.193079068021921,2,2.386158136043842,0.5168431183830606,0.4619826756496631,0.5162745323652566
107,0.16683564507647147,0.17318613566435148,-0.05033752000977491,0.1899868676554882,0.04678072571772101,1.1930210159058174,2,2.386042031811635,0.5168431183830606,0.4619826756496631,0.5163367596291408
108,0.16718613113357345,0.17317987723208944,-0.05015803439907356,0.19032793890670485,0.04653735301353585,1.1927894001612545,2,2.385578800322509,0.5168431183830606,0.4619826756496631,0.5164537318855441
109,0.16637307424383724,0.1731799671273489,-0.050048096357568246,0.19032139545935728,0.04648432037213013,1.192740973029506,2,2.385481946059012,0.5168431183830606,0.4619826756496631,0.5164816014217813
110,0.16625039290525537,0.17318291051648008,-0.04976722080502491,0.1903483085556714,0.04672022688380355,1.192737102092775,2,2.38547420418555,0.5168431183830606,0.4619826756496631,0.5165854152033629
111,0.16640976618288328,0.17318274699528857,-0.04965902248768045,0.19027915393709055,0.046544406554078134,1.1926733683589366,2,2.385346736717873,0.5168431183830606,0.4619826756496631,0.5165906176047146
112,0.16679259632721427,0.17318766851512932,-0.049984656308126256,0.1897661045806231,0.04641766543593982,1.1928117953711803,2,2.3856235907423606,0.5168431183830606,0.4619826756496631,0.5163695110433205
113,0.166507453071132,0.1731846020457412,-0.04958070499514322,0.1902229743644106,0.0466041446020951,1.1926300086573243,2,2.3852600173146485,0.5168431183830606,0.4619826756496631,0.5166060488326943
114,0.16641140627742523,0.17318728910914657,-0.049268822423152885,0.19035045922210483,0.04691799400042362,1.192526925624585,2,2.38505385124917,0.5168431183830606,0.4619826756496631,0.5167492709109559
115,0.1672995395519666,0.17318827681757515,-0.0494908929532899,0.190120536358835,0.04677249525175354,1.1925910560468906,2,2.3851821120937813,0.5168431183830606,0.4619826756496631,0.5166219778459471
116,0.1659050618815313,0.17318785760654315,-0.049247399569021494,0.19023123295245745,0.04675655570760674,1.1924183950766651,2,2.3848367901533303,0.5168431183830606,0.4619826756496631,0.5167204477368603
117,0.16636516024563344,0.17318444975004504,-0.04892469377837072,0.190497191159389,0.04669047361588813,1.1923898303421512,2,2.3847796606843024,0.5168431183830606,0.4619826756496631,0.5168690646427709
118,0.1666660533793652,0.17319017294747835,-0.048472293109058755,0.19057040936926634,0.04705646805026974,1.1922600198271425,2,2.384520039654285,0.5168431183830606,0.4619826756496631,0.5170450385264055
119,0.166592218362988,0.17318834877054576,-0.04840830393310819,0.19064525084727435,0.04696097856462545,1.1922649362247997,2,2.3845298724495994,0.5168431183830606,0.4619826756496631,0.5170733687426562
120,0.16701671008748692,0.1731841027783185,-0.04840965965575175,0.19073101596756412,0.04669971676165237,1.192263246681258,2,2.384526493362516,0.5168431183830606,0.4619826756496631,0.5170738478004137
121,0.16643360362835724,0.17318285737499198,-0.048407650489452045,0.1909526014369996,0.04684184924635047,1.192310608066016,2,2.384621216132032,0.5168431183830606,0.4619826756496631,0.5171324231519231
122,0.16641000635843972,0.17317920625654826,-0.04871280908493078,0.19097008564418747,0.04677719897550895,1.1925530885437088,2,2.3851061770874176,0.5168431183830606,0.4619826756496631,0.5170372698591872
123,0.16648462724686502,0.17317938112933456,-0.048880225715324646,0.19054155080102123,0.04635989639926285,1.192766884818098,2,2.385533769636196,0.5168431183830606,0.4619826756496631,0.5168586483967552
124,0.1661651023421501,0.17318248597968688,-0.04873465436376944,0.1902818952674463,0.04620663846539417,1.1926863595367307,2,2.3853727190734615,0.5168431183830606,0.4619826756496631,0.5168342162270912
125,0.16661544226562466,0.17318092893758777,-0.04875085059673275,0.19034019841389976,0.046166457614120984,1.1927560891161386,2,2.3855121782322772,0.5168431183830606,0.4619826756496631,0.516837867116586
126,0.16637011519350803,0.17317931880862328,-0.048606762822190994,0.19019936800534215,0.045737090352897095,1.1927333973253822,2,2.3854667946507644,0.5168431183830606,0.4619826756496631,0.51681854055807
127,0.16678741650574985,0.1731802121257645,-0.0485476659056285,0.19008231512141818,0.04562080507736035,1.1927057128396603,2,2.3854114256793206,0.5168431183830606,0.4619826756496631,0.5168020712015162
128,0.16668038378097894,0.17318125647484156,-0.04861124713199716,0.18993224734053527,0.04552126863795317,1.1927038931803828,2,2.3854077863607657,0.5168431183830606,0.4619826756496631,0.5167432964367885
129,0.16643974469599132,0.17318356506924024,-0.04866491703786183,0.18992601311702662,0.04576205095900601,1.1927010989925808,2,2.3854021979851616,0.5168431183830606,0.4619826756496631,0.5167434138162394
130,0.166306545059288,0.17317818849848304,-0.04878127329266839,0.19022395599887637,0.045764421667970734,1.1928626422241257,2,2.3857252844482515,0.5168431183830606,0.4619826756496631,0.5167721337516741
131,0.16648506522606388,0.1731791990702313,-0.0484521837890537,0.1904457786023784,0.04602916478195603,1.1927091432345256,2,2.385418286469051,0.5168431183830606,0.4619826756496631,0.5169392211821555
132,0.16768790027276664,0.17318518932375157,-0.048915972606075456,0.1895616254785408,0.04551318873369613,1.1928663191281537,2,2.3857326382563073,0.5168431183830606,0.4619826756496631,0.5165677376259536
133,0.16609696617313896,0.17318749965013175,-0.04899510782175953,0.18939096343892714,0.04554767087044653,1.1929756771575073,2,2.3859513543150146,0.5168431183830606,0.4619826756496631,0.5165063332078312
134,0.16611306872829618,0.17318577623082157,-0.0490428705972016,0.1894062335328907,0.04543954252988362,1.1930571078816963,2,2.3861142157633926,0.5158806544754572,0.4629451395572666,0.5164861876676972
135,0.16601689825950292,0.17318693953296788,-0.049111566912585475,0.18935449227875564,0.045489174000932955,1.19301982285265,2,2.3860396457053,0.5168431183830606,0.4619826756496631,0.5164592597722691
136,0.16650745037599507,0.17318870420532814,-0.04913243269555178,0.18940353166337012,0.04573915669755112,1.192986099245086,2,2.385972198490172,0.5168431183830606,0.4619826756496631,0.5164826628813576
137,0.16605362731103931,0.1731929686028023,-0.04877799431611979,0.1894753242430094,0.046099494646832655,1.192814250141051,2,2.385628500282102,0.5168431183830606,0.4619826756496631,0.5166309454133556
138,0.1676515581373672,0.173194620128103,-0.04840149513685627,0.18954719286375957,0.04617235938934187,1.192598962396684,2,2.385197924793368,0.5168431183830606,0.4619826756496631,0.5167665301022377
139,0.16679901654704354,0.173199971331345,-0.048546809031280586,0.18938328014525968,0.04654275007601599,1.1927012866512006,2,2.385402573302401,0.5168431183830606,0.4619826756496631,0.5167112773332585
140,0.16610300637672798,0.17319293090196292,-0.04878696917005358,0.18959916030500976,0.046267079917802316,1.1927561191952318,2,2.3855122383904637,0.5168431183830606,0.4619826756496631,0.5166692814161482
141,0.1661220611158522,0.17319058921553826,-0.04898324697365921,0.18962500971919857,0.04617579609490192,1.1928672841815326,2,2.3857345683630653,0.5168431183830606,0.4619826756496631,0.5166090104583004
142,0.16647002517169399,0.17319282576736683,-0.049014622209628364,0.18962372573367176,0.04642099297715094,1.1929086966737068,2,2.3858173933474136,0.5168431183830606,0.4619826756496631,0.5166157789269114
143,0.16697854415047322,0.1731914972020137,-0.049137135739780416,0.18952897214769404,0.04619617648310717,1.192935877293908,2,2.385871754587816,0.5168431183830606,0.4619826756496631,0.5165427479914478
144,0.16668252154868754,0.1731924347217646,-0.04896007348468155,0.1896928868256037,0.04639636422426332,1.1926875861057393,2,2.3853751722114787,0.5168431183830606,0.4619826756496631,0.5166510614238599
145,0.16665234714472038,0.17319464117485595,-0.04866195525186839,0.1897079669216747,0.04647392258482074,1.1924970351842883,2,2.3849940703685766,0.5168431183830606,0.4619826756496631,0.5167510140357094
146,0.16633829511915174,0.17319362312410763,-0.04825554350788697,0.18986848778404974,0.04643388591871762,1.1923887799202297,2,2.3847775598404595,0.5168431183830606,0.4619826756496631,0.5169042394965238
147,0.16756616179094763,0.17320020154009902,-0.04876834145804131,0.18921070036438847,0.046321678627945735,1.1925116313617736,2,2.3850232627235473,0.5168431183830606,0.4619826756496631,0.516598247009248
148,0.16601912823326054,0.17319757794523163,-0.04904727416662652,0.18913219993121633,0.04607330208707391,1.1926312955664764,2,2.385262591132953,0.5168431183830606,0.4619826756496631,0.5164795033445484
149,0.16708798107281178,0.17319753488230627,-0.049150971528172924,0.18903828733386208,0.045942963604256135,1.1925777183043142,2,2.3851554366086285,0.5168431183830606,0.4619826756496631,0.5164207856474177
150,0.16665888797569245,0.17319735693770402,-0.049350084324852383,0.18886939231537134,0.04577704981740312,1.1927199030126192,2,2.3854398060252384,0.5168431183830606,0.4619826756496631,0.5163100698255847
151,0.1661310073503471,0.17319778430827,-0.04918486376543155,0.18906906263451717,0.04607142827328499,1.192716736253122,2,2.385433472506244,0.5168431183830606,0.4619826756496631,0.5164232549574382
152,0.16677628246774043,0.17319807194759193,-0.04933214182232414,0.1887337133121465,0.04567333328355299,1.1928461394682675,2,2.385692278936535,0.5158806544754572,0.4629451395572666,0.5162743269749336
153,0.16693412460821488,0.17319562110060754,-0.049261226093866725,0.18878231510568108,0.04545194148666534,1.192769973517202,2,2.385539947034404,0.5158806544754572,0.4629451395572666,0.5162920820340908
154,0.16578109037098945,0.17319395489153183,-0.048967616643756005,0.18916408236006962,0.04574904769284476,1.19268919033523,2,2.38537838067046,0.5168431183830606,0.4619826756496631,0.516485318596919
155,0.16698230439498654,0.17319656224252875,-0.04837636948516113,0.18974561073692936,0.0465484555203737,1.1922719694516182,2,2.3845439389032363,0.5168431183830606,0.4619826756496631,0.51685307969591
156,0.16646623648525347,0.1731939850629995,-0.04861120858533016,0.1897070394942953,0.046376159739794934,1.1924548668579242,2,2.3849097337158485,0.5168431183830606,0.4619826756496631,0.5167597237900643
157,0.1658552980161669,0.17319077718962764,-0.04855606792427766,0.189971088741648,0.04643114862304142,1.1924539529327864,2,2.384907905865573,0.5168431183830606,0.4619826756496631,0.5168384095579972
158,0.16664046758848117,0.17319744919184177,-0.04805392375633285,0.19026086762687905,0.047102921668126144,1.192118543854681,2,2.384237087709362,0.5168431183830606,0.4619826756496631,0.5171038879146048
159,0.1668886679427699,0.17319730412600115,-0.048195895789711236,0.19019889866743175,0.047134344009488946,1.192274493323009,2,2.384548986646018,0.5168431183830606,0.4619826756496631,0.517047145290119
160,0.16637239751683772,0.17320043148858605,-0.04831334694764912,0.18972554534610778,0.04693577196770973,1.1924517336141258,2,2.3849034672282516,0.5168431183830606,0.4619826756496631,0.5168891635473936
161,0.16623923712124658,0.17319673816618517,-0.04851865496488907,0.18983041610720852,0.04684003733343556,1.1925819853494424,2,2.3851639706988848,0.5168431183830606,0.4619826756496631,0.5168431060820721
162,0.16718079960686574,0.17320099689902732,-0.04861282432466277,0.1895106063112654,0.04678372386174013,1.1924696825508017,2,2.3849393651016033,0.5168431183830606,0.4619826756496631,0.5167436195618393
163,0.16602146589611816,0.1731948281523612,-0.048479813186132106,0.18987694719887954,0.0466769986311124,1.1924889354394081,2,2.3849778708788163,0.5168431183830606,0.4619826756496631,0.5168557444264257
164,0.16594831211349115,0.17319561504769562,-0.048862407448149674,0.1895868108278685,0.04653233326701731,1.192726576501631,2,2.385453153003262,0.5168431183830606,0.4619826756496631,0.5166641217525004
165,0.16698825178649498,0.173192343847658,-0.04851049401164504,0.19047792849151013,0.047195176201422315,1.1923854148486261,2,2.3847708296972523,0.5168431183830606,0.4619826756496631,0.5170197727297372
166,0.16687705484734397,0.1731874801673991,-0.048643043560919974,0.191012010042001,0.047393140983103446,1.1924047597452954,2,2.3848095194905907,0.5168431183830606,0.4619826756496631,0.5171136911816716
167,0.1668703745090063,0.17318580651222176,-0.04855596709933685,0.19126662151442136,0.04748737031550685,1.1924562985102347,2,2.3849125970204694,0.5168431183830606,0.4619826756496631,0.5172006411322037
168,0.1669880970061811,0.17318703956291723,-0.04857270230327637,0.19085423441081603,0.04721799625141483,1.1925013506034206,2,2.385002701206841,0.5168431183830606,0.4619826756496631,0.5170840926392422
169,0.16590036876966607,0.17318642316656413,-0.04916852920245375,0.1904116980411684,0.04697993423721752,1.1928152661955993,2,2.3856305323911986,0.5168431183830606,0.4619826756496631,0.5167886025571408
170,0.1675312783526364,0.17319100693706774,-0.0489457403405069,0.19012010411125044,0.04688316491255153,1.192682328883187,2,2.385364657766374,0.5168431183830606,0.4619826756496631,0.5167847075018303
171,0.16669472464602886,0.1731929998543162,-0.04877958865220875,0.19016365625103085,0.04702444776730151,1.192508903211307,2,2.385017806422614,0.5168431183830606,0.4619826756496631,0.5168568661809391
172,0.1673666302834664,0.1731907483487398,-0.048773078207397534,0.19012898493997837,0.04674510827061683,1.1924766104549245,2,2.384953220909849,0.5168431183830606,0.4619826756496631,0.5168323290658732
173,0.16706393655433635,0.17319873552369253,-0.04837391857424789,0.19030312789572895,0.04744607467894602,1.192301127239043,2,2.384602254478086,0.5168431183830606,0.4619826756496631,0.5170400288214846
174,0.16715694241605172,0.17319703227618052,-0.04805169542335493,0.1906020022643982,0.047345433151456576,1.1919910795188735,2,2.383982159037747,0.5168431183830606,0.4619826756496631,0.517200819694301
175,0.167003260065851,0.17319773798526278,-0.04846278025952807,0.1902363762486699,0.04728130161622993,1.1921714849049254,2,2.384342969809851,0.5168431183830606,0.4619826756496631,0.5169914511448761
176,0.166925449265609,0.17319866698119663,-0.048519563986175525,0.18987930285675905,0.04699884970886263,1.1922864300596423,2,2.3845728601192846,0.5168431183830606,0.4619826756496631,0.5168726855735802
177,0.16745735313925741,0.17319957062114083,-0.04853372891656399,0.190053865457556,0.04724370797406715,1.1921539051899093,2,2.3843078103798185,0.5168431183830606,0.4619826756496631,0.5169281378734295
178,0.16740906248018997,0.17320846425448608,-0.04827790540465469,0.19022680016907945,0.04796250431048224,1.1919696927456018,2,2.3839393854912037,0.5168431183830606,0.4619826756496631,0.5170955763908602
179,0.16722490574552015,0.1732108272901003,-0.04849270924395935,0.19001276687553578,0.04805439919318748,1.1920362882148496,2,2.3840725764296993,0.5168431183830606,0.4619826756496631,0.5169905053942839
180,0.16628589873078894,0.1732101658982427,-0.04871769588613191,0.18990510569085778,0.04804364030622857,1.192175009131857,2,2.384350018263714,0.5168431183830606,0.4619826756496631,0.5168971066564482
181,0.16674366307732827,0.17320595169284111,-0.048582518271140435,0.19001968812113493,0.04777695997842714,1.1921878762199334,2,2.3843757524398668,0.5168431183830606,0.4619826756496631,0.5169427521768764
182,0.16611763546018335,0.17320080994938925,-0.048798566532560504,0.190229415036545,0.04772516099025852,1.192347021717802,2,2.384694043435604,0.5168431183830606,0.4619826756496631,0.5169192565488405
183,0.16679201554345974,0.17319638392995584,-0.04915605112407457,0.19017790553252617,0.047470056690848125,1.1924982406097386,2,2.3849964812194773,0.5168431183830606,0.4619826756496631,0.5167827328144006
184,0.16764487887249702,0.17320042048311343,-0.04914950512882635,0.1899737776847726,0.04748957742892815,1.1922635734355662,2,2.3845271468711324,0.5168431183830606,0.4619826756496631,0.5167466808383063
185,0.16640175684301656,0.17320089398668082,-0.04914156182572296,0.18978111206128426,0.0473289427438034,1.1923874682164517,2,2.3847749364329034,0.5168431183830606,0.4619826756496631,0.516691519682341
186,0.16625363249155212,0.17319608482809137,-0.049087763082149134,0.18988949711647746,0.04703372153730857,1.192499305705785,2,2.38499861141157,0.5168431183830606,0.4619826756496631,0.5167076400771585
187,0.16714034509535441,0.17319496770420523,-0.04902533358152472,0.18985254282504432,0.04679945460504606,1.1923480476841486,2,2.384696095368297,0.5168431183830606,0.4619826756496631,0.5167050267045923
188,0.16724311285928334,0.17319790776869687,-0.04848012423654928,0.19008467779934607,0.04707961083465677,1.192049641196148,2,2.384099282392296,0.5168431183830606,0.4619826756496631,0.5169417838456605
189,0.1675254522914809,0.17320358182325474,-0.04810007103039836,0.19005032218420184,0.04728263311491949,1.1918189107457164,2,2.383637821491433,0.5168431183830606,0.4619826756496631,0.5170642061154693
190,0.166573707766418,0.1732064213726197,-0.04842552561110694,0.18940067830492968,0.04697574792750518,1.192106914135511,2,2.384213828271022,0.5168431183830606,0.4619826756496631,0.5167962461365175
191,0.16734325391674967,0.17320596107491995,-0.04805855501507428,0.1899293317363598,0.04741958116328631,1.1920348668463576,2,2.3840697336927152,0.5168431183830606,0.4619826756496631,0.5170530439508106
192,0.1671953590782351,0.17320709218348893,-0.04804803388774525,0.18983931897941786,0.04739004956832433,1.1919730128269357,2,2.3839460256538714,0.5168431183830606,0.4619826756496631,0.5170356089278727
193,0.16618741312341684,0.173200169049359,-0.04820043830241264,0.19007193027968106,0.04719087782197846,1.1921550431486532,2,2.3843100862973063,0.5168431183830606,0.4619826756496631,0.5170246795426555
194,0.16778126401625632,0.17320636725538333,-0.048261814063031455,0.18963196878224023,0.04722803350542066,1.1921609774638686,2,2.3843219549277372,0.5168431183830606,0.4619826756496631,0.5169113376657302
195,0.1673604978683806,0.17320852668286327,-0.048255668695464785,0.18939942342562066,0.04709544515101259,1.1920526532104958,2,2.3841053064209916,0.5168431183830606,0.4619826756496631,0.5168548515267414
196,0.16692444935994774,0.17321183151679043,-0.04834200550543759,0.18935199114654697,0.04735296190082434,1.1920415309359205,2,2.384083061871841,0.5168431183830606,0.4619826756496631,0.5168376335014904
197,0.16743157361512884,0.17321581668022393,-0.048480002184019856,0.1888572065049409,0.047069690042880134,1.1919729696131138,2,2.3839459392262277,0.5168431183830606,0.4619826756496631,0.516669308722728
198,0.16669926781891425,0.17321979727458586,-0.04838474088810173,0.18860139713045254,0.047091612723450985,1.192114283988615,2,2.38422856797723,0.5168431183830606,0.4619826756496631,0.5166375141385412
199,0.1670081171149092,0.17322091301098913,-0.048172985948089116,0.18844622243159226,0.0468774967630072,1.1920559141678406,2,2.3841118283356812,0.5158806544754572,0.4629451395572666,0.5166505874252619
200,0.16633597485267407,0.1732193466161211,-0.04839769340026129,0.1883401745907757,0.04671332352185484,1.1922941060967598,2,2.3845882121935196,0.5158806544754572,0.4629451395572666,0.5165441423549201
