feature,dtype,n_unique,n_missing,min,max,detected_type,detected_reason,final_type,source
ExternalRiskEstimate,float64,60,10,33.0,94.0,continuous,"integer-valued, 60 > 30 unique values",continuous,auto-detected
MSinceOldestTradeOpen,float64,524,239,2.0,803.0,continuous,"integer-valued, 524 > 30 unique values",continuous,auto-detected
MSinceMostRecentTradeOpen,float64,111,0,0.0,383.0,continuous,"integer-valued, 111 > 30 unique values",continuous,auto-detected
AverageMInFile,float64,236,0,4.0,383.0,continuous,"integer-valued, 236 > 30 unique values",continuous,auto-detected
NumSatisfactoryTrades,float64,73,0,0.0,79.0,continuous,"integer-valued, 73 > 30 unique values",continuous,auto-detected
NumTrades60Ever2DerogPubRec,float64,18,0,0.0,19.0,ordinal,"integer-valued, 18 <= 30 unique values (may be nominal codes)",ordinal,auto-detected
NumTrades90Ever2DerogPubRec,float64,16,0,0.0,19.0,ordinal,"integer-valued, 16 <= 30 unique values (may be nominal codes)",ordinal,auto-detected
PercentTradesNeverDelq,float64,71,0,0.0,100.0,continuous,"integer-valued, 71 > 30 unique values",continuous,auto-detected
MSinceMostRecentDelq,float64,84,4840,0.0,83.0,continuous,"integer-valued, 84 > 30 unique values",continuous,auto-detected
MaxDelq2PublicRecLast12M,float64,9,0,0.0,9.0,ordinal,"integer-valued, 9 <= 30 unique values (may be nominal codes)",nominal,config override
MaxDelqEver,float64,7,0,2.0,8.0,ordinal,"integer-valued, 7 <= 30 unique values (may be nominal codes)",nominal,config override
NumTotalTrades,float64,87,0,0.0,104.0,continuous,"integer-valued, 87 > 30 unique values",continuous,auto-detected
NumTradesOpeninLast12M,float64,18,0,0.0,19.0,ordinal,"integer-valued, 18 <= 30 unique values (may be nominal codes)",ordinal,auto-detected
PercentInstallTrades,float64,95,0,0.0,100.0,continuous,"integer-valued, 95 > 30 unique values",continuous,auto-detected
MSinceMostRecentInqexcl7days,float64,25,2331,0.0,24.0,ordinal,"integer-valued, 25 <= 30 unique values (may be nominal codes)",ordinal,auto-detected
NumInqLast6M,float64,26,0,0.0,66.0,ordinal,"integer-valued, 26 <= 30 unique values (may be nominal codes)",ordinal,auto-detected
NumInqLast6Mexcl7days,float64,26,0,0.0,66.0,ordinal,"integer-valued, 26 <= 30 unique values (may be nominal codes)",ordinal,auto-detected
NetFractionInstallBurden,float64,137,3419,0.0,471.0,continuous,"integer-valued, 137 > 30 unique values",continuous,auto-detected
NumRevolvingTradesWBalance,float64,29,156,0.0,32.0,ordinal,"integer-valued, 29 <= 30 unique values (may be nominal codes)",ordinal,auto-detected
NumInstallTradesWBalance,float64,18,861,1.0,23.0,ordinal,"integer-valued, 18 <= 30 unique values (may be nominal codes)",ordinal,auto-detected
neg_NetFractionRevolvingBurden,float64,126,186,-232.0,-0.0,continuous,"integer-valued, 126 > 30 unique values",continuous,auto-detected
neg_PercentTradesWBalance,float64,93,18,-100.0,-0.0,continuous,"integer-valued, 93 > 30 unique values",continuous,auto-detected
neg_NumBank2NatlTradesWHighUtilization,float64,17,583,-18.0,-0.0,ordinal,"integer-valued, 17 <= 30 unique values (may be nominal codes)",ordinal,auto-detected
