clip_mode,profile,beta,best_epoch,best_val_loss,w,b,alpha_used,sel_n_agents,sel_j_star,sel_S_w,sel_manipulating,sel_manipulating_y0,sel_manipulating_y1,sel_expected_improved,sel_expected_improvement_rate,sel_frac_negatives_manipulating,rep_n_agents,rep_j_star,rep_S_w,rep_manipulating,rep_manipulating_y0,rep_manipulating_y1,rep_expected_improved,rep_expected_improvement_rate,rep_frac_negatives_manipulating,sel_frac_movers_beyond_observed_max,rep_frac_movers_beyond_observed_max
feasible,"equal (1,1,1)",0.25,156,0.2391848466881926,"[0.00073, 0.00016, 0.00124]",-1.00123,"{'lsat': 1.0, 'ugpa': 1.0, 'zgpa': 1.0}",9359,zgpa,0.00031100798209130116,0,0,0,0.0,,0.0,1039,zgpa,0.00031100798209130116,0,0,0,0.0,,0.0,,
feasible,"equal (1,1,1)",0.5,182,0.23918234144462666,"[0.00077, 0.0001, 0.00086]",-1.00056,"{'lsat': 1.0, 'ugpa': 1.0, 'zgpa': 1.0}",9359,zgpa,0.0004282180676386874,0,0,0,0.0,,0.0,1039,zgpa,0.0004282180676386874,0,0,0,0.0,,0.0,,
feasible,"equal (1,1,1)",1.0,199,0.23813026864491613,"[0.25849, 0.07889, 0.77194]",-1.02156,"{'lsat': 1.0, 'ugpa': 1.0, 'zgpa': 1.0}",9359,zgpa,0.7719394843425333,1079,445,634,132.90027534593833,0.298652304148176,0.42665388302972196,1039,zgpa,0.7719394843425333,137,59,78,17.46997134313689,0.29610120920571004,0.4306569343065693,0.0,0.0
feasible,"equal (1,1,1)",2.0,194,0.1733593759428787,"[0.1821, 0.0494, 1.17641]",-0.0616,"{'lsat': 1.0, 'ugpa': 1.0, 'zgpa': 1.0}",9359,zgpa,2.3528173125488396,4245,824,3421,547.1810940899901,0.6640547258373666,0.7900287631831256,1039,zgpa,2.3528173125488396,477,111,366,70.9248768138059,0.6389628541784315,0.8102189781021898,0.0,0.0
feasible,"equal (1,1,1)",4.0,200,0.04305450172153304,"[0.04733, 0.00503, 0.95089]",1.21296,"{'lsat': 1.0, 'ugpa': 1.0, 'zgpa': 1.0}",9359,zgpa,3.803579054147735,8234,1020,7214,931.2522653960053,0.9129924170549072,0.9779482262703739,1039,zgpa,3.803579054147735,921,136,785,123.9086306642432,0.9110928725312001,0.9927007299270073,0.0,0.0
feasible,"equal (1,1,1)",8.0,200,0.0034802235116450564,"[0.00302, 0.01309, 0.35818]",1.06502,"{'lsat': 1.0, 'ugpa': 1.0, 'zgpa': 1.0}",9359,zgpa,2.8654264566752725,9352,1043,8309,1027.942680158765,0.9855634517341946,1.0,1039,zgpa,2.8654264566752725,1038,137,901,135.58959935067622,0.9897051047494615,1.0,0.0,0.0
feasible,"LSAT cheap (0.5,1,1)",0.25,95,0.2391799504671214,"[0.00038, 0.00017, 0.0008]",-1.00064,"{'lsat': 0.5, 'ugpa': 1.0, 'zgpa': 1.0}",9359,zgpa,0.00019985849080999613,0,0,0,0.0,,0.0,1039,zgpa,0.00019985849080999613,0,0,0,0.0,,0.0,,
feasible,"LSAT cheap (0.5,1,1)",0.5,97,0.23917929159311715,"[0.00044, 0.0, 0.00095]",-1.00068,"{'lsat': 0.5, 'ugpa': 1.0, 'zgpa': 1.0}",9359,zgpa,0.0004745757572058871,0,0,0,0.0,,0.0,1039,zgpa,0.0004745757572058871,0,0,0,0.0,,0.0,,
feasible,"LSAT cheap (0.5,1,1)",1.0,199,0.23813026864491613,"[0.25849, 0.07889, 0.77194]",-1.02156,"{'lsat': 0.5, 'ugpa': 1.0, 'zgpa': 1.0}",9359,zgpa,0.7719394843425333,1079,445,634,132.90027534593833,0.298652304148176,0.42665388302972196,1039,zgpa,0.7719394843425333,137,59,78,17.46997134313689,0.29610120920571004,0.4306569343065693,0.0,0.0
feasible,"LSAT cheap (0.5,1,1)",2.0,194,0.1733593759428787,"[0.1821, 0.0494, 1.17641]",-0.0616,"{'lsat': 0.5, 'ugpa': 1.0, 'zgpa': 1.0}",9359,zgpa,2.3528173125488396,4245,824,3421,547.1810940899901,0.6640547258373666,0.7900287631831256,1039,zgpa,2.3528173125488396,477,111,366,70.9248768138059,0.6389628541784315,0.8102189781021898,0.0,0.0
feasible,"LSAT cheap (0.5,1,1)",4.0,200,0.04305450172153304,"[0.04733, 0.00503, 0.95089]",1.21296,"{'lsat': 0.5, 'ugpa': 1.0, 'zgpa': 1.0}",9359,zgpa,3.803579054147735,8234,1020,7214,931.2522653960053,0.9129924170549072,0.9779482262703739,1039,zgpa,3.803579054147735,921,136,785,123.9086306642432,0.9110928725312001,0.9927007299270073,0.0,0.0
feasible,"LSAT cheap (0.5,1,1)",8.0,200,0.0034802235116450564,"[0.00302, 0.01309, 0.35818]",1.06502,"{'lsat': 0.5, 'ugpa': 1.0, 'zgpa': 1.0}",9359,zgpa,2.8654264566752725,9352,1043,8309,1027.942680158765,0.9855634517341946,1.0,1039,zgpa,2.8654264566752725,1038,137,901,135.58959935067622,0.9897051047494615,1.0,0.0,0.0
feasible,"zgpa cheap (1,1,0.5)",0.25,182,0.23918119294404155,"[0.00074, 2e-05, 0.00085]",-1.00047,"{'lsat': 1.0, 'ugpa': 1.0, 'zgpa': 0.5}",9359,zgpa,0.0004259949962493996,0,0,0,0.0,,0.0,1039,zgpa,0.0004259949962493996,0,0,0,0.0,,0.0,,
feasible,"zgpa cheap (1,1,0.5)",0.5,199,0.23813026864491613,"[0.25849, 0.07889, 0.77194]",-1.02156,"{'lsat': 1.0, 'ugpa': 1.0, 'zgpa': 0.5}",9359,zgpa,0.7719394843425333,1079,445,634,132.90027534593833,0.298652304148176,0.42665388302972196,1039,zgpa,0.7719394843425333,137,59,78,17.46997134313689,0.29610120920571004,0.4306569343065693,0.0,0.0
feasible,"zgpa cheap (1,1,0.5)",1.0,194,0.1733593759428787,"[0.1821, 0.0494, 1.17641]",-0.0616,"{'lsat': 1.0, 'ugpa': 1.0, 'zgpa': 0.5}",9359,zgpa,2.3528173125488396,4245,824,3421,547.1810940899901,0.6640547258373666,0.7900287631831256,1039,zgpa,2.3528173125488396,477,111,366,70.9248768138059,0.6389628541784315,0.8102189781021898,0.0,0.0
feasible,"zgpa cheap (1,1,0.5)",2.0,200,0.04305450172153304,"[0.04733, 0.00503, 0.95089]",1.21296,"{'lsat': 1.0, 'ugpa': 1.0, 'zgpa': 0.5}",9359,zgpa,3.803579054147735,8234,1020,7214,931.2522653960053,0.9129924170549072,0.9779482262703739,1039,zgpa,3.803579054147735,921,136,785,123.9086306642432,0.9110928725312001,0.9927007299270073,0.0,0.0
feasible,"zgpa cheap (1,1,0.5)",4.0,200,0.0034802235116450564,"[0.00302, 0.01309, 0.35818]",1.06502,"{'lsat': 1.0, 'ugpa': 1.0, 'zgpa': 0.5}",9359,zgpa,2.8654264566752725,9352,1043,8309,1027.942680158765,0.9855634517341946,1.0,1039,zgpa,2.8654264566752725,1038,137,901,135.58959935067622,0.9897051047494615,1.0,0.0,0.0
feasible,"zgpa cheap (1,1,0.5)",8.0,1,0.03539998905919221,"[0.05954, 0.0412, 0.0906]",0.1167,"{'lsat': 1.0, 'ugpa': 1.0, 'zgpa': 0.5}",9359,zgpa,1.4496438492774475,7152,924,6228,868.9568618246653,0.9404295041392482,0.8859060402684564,1039,zgpa,1.4496438492774475,801,125,676,116.69584484172218,0.9335667587337774,0.9124087591240876,0.0,0.0
feasible,"ugpa costly (1,4,1)",0.25,70,0.23918321318217442,"[0.0005, 0.0, 0.00123]",-1.00113,"{'lsat': 1.0, 'ugpa': 4.0, 'zgpa': 1.0}",9359,zgpa,0.00030630001008702043,0,0,0,0.0,,0.0,1039,zgpa,0.00030630001008702043,0,0,0,0.0,,0.0,,
feasible,"ugpa costly (1,4,1)",0.5,182,0.23918279750904295,"[0.0008, 2e-05, 0.00087]",-1.00047,"{'lsat': 1.0, 'ugpa': 4.0, 'zgpa': 1.0}",9359,zgpa,0.00043574949120710085,0,0,0,0.0,,0.0,1039,zgpa,0.00043574949120710085,0,0,0,0.0,,0.0,,
feasible,"ugpa costly (1,4,1)",1.0,199,0.23813026864491613,"[0.25849, 0.07889, 0.77194]",-1.02156,"{'lsat': 1.0, 'ugpa': 4.0, 'zgpa': 1.0}",9359,zgpa,0.7719394843425333,1079,445,634,132.90027534593833,0.298652304148176,0.42665388302972196,1039,zgpa,0.7719394843425333,137,59,78,17.46997134313689,0.29610120920571004,0.4306569343065693,0.0,0.0
feasible,"ugpa costly (1,4,1)",2.0,194,0.1733593759428787,"[0.1821, 0.0494, 1.17641]",-0.0616,"{'lsat': 1.0, 'ugpa': 4.0, 'zgpa': 1.0}",9359,zgpa,2.3528173125488396,4245,824,3421,547.1810940899901,0.6640547258373666,0.7900287631831256,1039,zgpa,2.3528173125488396,477,111,366,70.9248768138059,0.6389628541784315,0.8102189781021898,0.0,0.0
feasible,"ugpa costly (1,4,1)",4.0,200,0.04305450172153304,"[0.04733, 0.00503, 0.95089]",1.21296,"{'lsat': 1.0, 'ugpa': 4.0, 'zgpa': 1.0}",9359,zgpa,3.803579054147735,8234,1020,7214,931.2522653960053,0.9129924170549072,0.9779482262703739,1039,zgpa,3.803579054147735,921,136,785,123.9086306642432,0.9110928725312001,0.9927007299270073,0.0,0.0
feasible,"ugpa costly (1,4,1)",8.0,200,0.0034802235116450564,"[0.00302, 0.01309, 0.35818]",1.06502,"{'lsat': 1.0, 'ugpa': 4.0, 'zgpa': 1.0}",9359,zgpa,2.8654264566752725,9352,1043,8309,1027.942680158765,0.9855634517341946,1.0,1039,zgpa,2.8654264566752725,1038,137,901,135.58959935067622,0.9897051047494615,1.0,0.0,0.0
feasible,"ugpa fixed (1,1e6,1)",0.25,70,0.23918321318217442,"[0.0005, 0.0, 0.00123]",-1.00113,"{'lsat': 1.0, 'ugpa': 1000000.0, 'zgpa': 1.0}",9359,zgpa,0.00030630001008702043,0,0,0,0.0,,0.0,1039,zgpa,0.00030630001008702043,0,0,0,0.0,,0.0,,
feasible,"ugpa fixed (1,1e6,1)",0.5,182,0.23918279750904295,"[0.0008, 2e-05, 0.00087]",-1.00047,"{'lsat': 1.0, 'ugpa': 1000000.0, 'zgpa': 1.0}",9359,zgpa,0.00043574949120710085,0,0,0,0.0,,0.0,1039,zgpa,0.00043574949120710085,0,0,0,0.0,,0.0,,
feasible,"ugpa fixed (1,1e6,1)",1.0,199,0.23813026864491613,"[0.25849, 0.07889, 0.77194]",-1.02156,"{'lsat': 1.0, 'ugpa': 1000000.0, 'zgpa': 1.0}",9359,zgpa,0.7719394843425333,1079,445,634,132.90027534593833,0.298652304148176,0.42665388302972196,1039,zgpa,0.7719394843425333,137,59,78,17.46997134313689,0.29610120920571004,0.4306569343065693,0.0,0.0
feasible,"ugpa fixed (1,1e6,1)",2.0,194,0.1733593759428787,"[0.1821, 0.0494, 1.17641]",-0.0616,"{'lsat': 1.0, 'ugpa': 1000000.0, 'zgpa': 1.0}",9359,zgpa,2.3528173125488396,4245,824,3421,547.1810940899901,0.6640547258373666,0.7900287631831256,1039,zgpa,2.3528173125488396,477,111,366,70.9248768138059,0.6389628541784315,0.8102189781021898,0.0,0.0
feasible,"ugpa fixed (1,1e6,1)",4.0,200,0.04305450172153304,"[0.04733, 0.00503, 0.95089]",1.21296,"{'lsat': 1.0, 'ugpa': 1000000.0, 'zgpa': 1.0}",9359,zgpa,3.803579054147735,8234,1020,7214,931.2522653960053,0.9129924170549072,0.9779482262703739,1039,zgpa,3.803579054147735,921,136,785,123.9086306642432,0.9110928725312001,0.9927007299270073,0.0,0.0
feasible,"ugpa fixed (1,1e6,1)",8.0,200,0.0034802235116450564,"[0.00302, 0.01309, 0.35818]",1.06502,"{'lsat': 1.0, 'ugpa': 1000000.0, 'zgpa': 1.0}",9359,zgpa,2.8654264566752725,9352,1043,8309,1027.942680158765,0.9855634517341946,1.0,1039,zgpa,2.8654264566752725,1038,137,901,135.58959935067622,0.9897051047494615,1.0,0.0,0.0
feasible,"LSAT+zgpa cheap, ugpa fixed (0.5,1e6,0.5)",0.25,182,0.23918279750904295,"[0.0008, 2e-05, 0.00087]",-1.00047,"{'lsat': 0.5, 'ugpa': 1000000.0, 'zgpa': 0.5}",9359,zgpa,0.00043574949120710085,0,0,0,0.0,,0.0,1039,zgpa,0.00043574949120710085,0,0,0,0.0,,0.0,,
feasible,"LSAT+zgpa cheap, ugpa fixed (0.5,1e6,0.5)",0.5,199,0.23813026864491613,"[0.25849, 0.07889, 0.77194]",-1.02156,"{'lsat': 0.5, 'ugpa': 1000000.0, 'zgpa': 0.5}",9359,zgpa,0.7719394843425333,1079,445,634,132.90027534593833,0.298652304148176,0.42665388302972196,1039,zgpa,0.7719394843425333,137,59,78,17.46997134313689,0.29610120920571004,0.4306569343065693,0.0,0.0
feasible,"LSAT+zgpa cheap, ugpa fixed (0.5,1e6,0.5)",1.0,194,0.1733593759428787,"[0.1821, 0.0494, 1.17641]",-0.0616,"{'lsat': 0.5, 'ugpa': 1000000.0, 'zgpa': 0.5}",9359,zgpa,2.3528173125488396,4245,824,3421,547.1810940899901,0.6640547258373666,0.7900287631831256,1039,zgpa,2.3528173125488396,477,111,366,70.9248768138059,0.6389628541784315,0.8102189781021898,0.0,0.0
feasible,"LSAT+zgpa cheap, ugpa fixed (0.5,1e6,0.5)",2.0,200,0.04305450172153304,"[0.04733, 0.00503, 0.95089]",1.21296,"{'lsat': 0.5, 'ugpa': 1000000.0, 'zgpa': 0.5}",9359,zgpa,3.803579054147735,8234,1020,7214,931.2522653960053,0.9129924170549072,0.9779482262703739,1039,zgpa,3.803579054147735,921,136,785,123.9086306642432,0.9110928725312001,0.9927007299270073,0.0,0.0
feasible,"LSAT+zgpa cheap, ugpa fixed (0.5,1e6,0.5)",4.0,200,0.0034802235116450564,"[0.00302, 0.01309, 0.35818]",1.06502,"{'lsat': 0.5, 'ugpa': 1000000.0, 'zgpa': 0.5}",9359,zgpa,2.8654264566752725,9352,1043,8309,1027.942680158765,0.9855634517341946,1.0,1039,zgpa,2.8654264566752725,1038,137,901,135.58959935067622,0.9897051047494615,1.0,0.0,0.0
feasible,"LSAT+zgpa cheap, ugpa fixed (0.5,1e6,0.5)",8.0,1,0.03539998905919221,"[0.05954, 0.0412, 0.0906]",0.1167,"{'lsat': 0.5, 'ugpa': 1000000.0, 'zgpa': 0.5}",9359,zgpa,1.4496438492774475,7152,924,6228,868.9568618246653,0.9404295041392482,0.8859060402684564,1039,zgpa,1.4496438492774475,801,125,676,116.69584484172218,0.9335667587337774,0.9124087591240876,0.0,0.0
