clip_mode,profile,beta,best_epoch,best_val_loss,w,b,alpha_used,sel_n_agents,sel_j_star,sel_S_w,sel_manipulating,sel_manipulating_y0,sel_manipulating_y1,sel_expected_improved,sel_expected_improvement_rate,sel_frac_negatives_manipulating,sel_frac_movers_beyond_observed_max,sel_expected_improvement_error,rep_n_agents,rep_j_star,rep_S_w,rep_manipulating,rep_manipulating_y0,rep_manipulating_y1,rep_expected_improved,rep_expected_improvement_rate,rep_frac_negatives_manipulating,rep_frac_movers_beyond_observed_max,rep_expected_improvement_error
feasible,"equal (1,1,1,1)",0.25,169,0.671868231916381,"[0.71205, 0.34315, 0.04864, 0.18797]",0.27085,"{'ExternalRiskEstimate': 1.0, 'neg_NetFractionRevolvingBurden': 1.0, 'neg_PercentTradesWBalance': 1.0, 'PercentTradesNeverDelq': 1.0}",4356,ExternalRiskEstimate,0.17801350113467315,208,96,112,5.2211997036446895,0.054387496912965516,0.043596730245231606,0.0,0.27910440778153245,484,ExternalRiskEstimate,0.17801350113467315,27,17,10,0.9889200318005987,0.05817176657650581,0.06854838709677419,0.0,0.2934113222483459
feasible,"equal (1,1,1,1)",0.5,110,0.6706564977201441,"[0.70963, 0.32728, 0.06918, 0.19225]",0.43053,"{'ExternalRiskEstimate': 1.0, 'neg_NetFractionRevolvingBurden': 1.0, 'neg_PercentTradesWBalance': 1.0, 'PercentTradesNeverDelq': 1.0}",4356,ExternalRiskEstimate,0.3548167833764409,447,191,256,20.27613790582231,0.10615779008283932,0.08673932788374206,0.0,0.2747299958893888,484,ExternalRiskEstimate,0.3548167833764409,55,26,29,3.203242028336245,0.12320161647447095,0.10483870967741936,0.0,0.28883627680095814
feasible,"equal (1,1,1,1)",1.0,168,0.662999490937801,"[0.78027, 0.29648, 0.04332, 0.15962]",0.82171,"{'ExternalRiskEstimate': 1.0, 'neg_NetFractionRevolvingBurden': 1.0, 'neg_PercentTradesWBalance': 1.0, 'PercentTradesNeverDelq': 1.0}",4356,ExternalRiskEstimate,0.7802712138000731,928,370,558,84.35612740835874,0.2279895335361047,0.16802906448683017,0.0,0.2611670965545549,484,ExternalRiskEstimate,0.7802712138000731,95,39,56,10.062691999255655,0.2580177435706578,0.15725806451612903,0.0,0.2746638595056701
feasible,"equal (1,1,1,1)",2.0,200,0.6073119011611515,"[0.98549, 0.16068, 0.05192, 0.06631]",1.84719,"{'ExternalRiskEstimate': 1.0, 'neg_NetFractionRevolvingBurden': 1.0, 'neg_PercentTradesWBalance': 1.0, 'PercentTradesNeverDelq': 1.0}",4356,ExternalRiskEstimate,1.9709821461093031,2092,677,1415,330.1659637049459,0.487689754364765,0.30744777475022705,0.0,0.2139196593882126,484,ExternalRiskEstimate,1.9709821461093031,220,74,146,36.456611804622334,0.4926569162786802,0.29838709677419356,0.0,0.22632931445325966
feasible,"equal (1,1,1,1)",4.0,78,0.6520410125887188,"[0.42051, 0.3843, 0.15279, 0.34056]",1.58027,"{'ExternalRiskEstimate': 1.0, 'neg_NetFractionRevolvingBurden': 1.0, 'neg_PercentTradesWBalance': 1.0, 'PercentTradesNeverDelq': 1.0}",4356,ExternalRiskEstimate,1.682022897234631,602,114,488,48.98923649456574,0.42973014468917314,0.051771117166212535,0.0,0.381774739096748,484,ExternalRiskEstimate,1.682022897234631,65,15,50,7.290523216438969,0.4860348810959313,0.06048387096774194,0.0,0.3816311503792583
feasible,"equal (1,1,1,1)",8.0,199,0.6899278898141821,"[0.34191, 0.33996, 0.24659, 0.29138]",2.72667,"{'ExternalRiskEstimate': 1.0, 'neg_NetFractionRevolvingBurden': 1.0, 'neg_PercentTradesWBalance': 1.0, 'PercentTradesNeverDelq': 1.0}",4356,ExternalRiskEstimate,2.7353029448445225,0,0,0,0.0,,0.0,,0.49449035812672176,484,ExternalRiskEstimate,2.7353029448445225,0,0,0,0.0,,0.0,,0.48760330578512395
feasible,"risk est. costly (4,1,1,1)",0.25,169,0.6720087130959778,"[0.71718, 0.3387, 0.05079, 0.1833]",0.17772,"{'ExternalRiskEstimate': 4.0, 'neg_NetFractionRevolvingBurden': 1.0, 'neg_PercentTradesWBalance': 1.0, 'PercentTradesNeverDelq': 1.0}",4356,neg_NetFractionRevolvingBurden,0.08467389594068855,96,52,44,0.657728041636309,0.012648616185313636,0.023614895549500452,0.0,0.2806111735441606,484,neg_NetFractionRevolvingBurden,0.08467389594068855,12,9,3,0.15358749962615753,0.017065277736239726,0.036290322580645164,0.0,0.29307110020738397
feasible,"risk est. costly (4,1,1,1)",0.5,169,0.6717934854202454,"[0.72181, 0.33564, 0.05283, 0.18007]",0.25614,"{'ExternalRiskEstimate': 4.0, 'neg_NetFractionRevolvingBurden': 1.0, 'neg_PercentTradesWBalance': 1.0, 'PercentTradesNeverDelq': 1.0}",4356,neg_NetFractionRevolvingBurden,0.16782022694515997,167,78,89,2.4224271900973777,0.031056758847402277,0.035422343324250684,0.0,0.2792877807185268,484,neg_NetFractionRevolvingBurden,0.16782022694515997,19,13,6,0.4392883713734552,0.033791413182573476,0.05241935483870968,0.0,0.2924808091500548
feasible,"risk est. costly (4,1,1,1)",1.0,169,0.6712329046093596,"[0.73377, 0.32503, 0.06254, 0.17322]",0.40041,"{'ExternalRiskEstimate': 4.0, 'neg_NetFractionRevolvingBurden': 1.0, 'neg_PercentTradesWBalance': 1.0, 'PercentTradesNeverDelq': 1.0}",4356,neg_NetFractionRevolvingBurden,0.3250299580187791,290,122,168,7.039334452737932,0.057699462727360096,0.055404178019981834,0.0,0.27845745306410974,484,neg_NetFractionRevolvingBurden,0.3250299580187791,41,19,22,1.4069352773586192,0.07404922512413785,0.07661290322580645,0.0,0.28634930727818464
feasible,"risk est. costly (4,1,1,1)",2.0,166,0.6691595841559719,"[0.73613, 0.33046, 0.05136, 0.16908]",0.70433,"{'ExternalRiskEstimate': 4.0, 'neg_NetFractionRevolvingBurden': 1.0, 'neg_PercentTradesWBalance': 1.0, 'PercentTradesNeverDelq': 1.0}",4356,neg_NetFractionRevolvingBurden,0.660910474540892,335,118,217,10.467147658330905,0.0887046411722958,0.053587647593097185,0.0,0.2896080928240746,484,neg_NetFractionRevolvingBurden,0.660910474540892,35,13,22,1.4629151467800754,0.11253193436769811,0.05241935483870968,0.0,0.29449810920086766
feasible,"risk est. costly (4,1,1,1)",4.0,112,0.6641443530237583,"[0.85008, 0.20731, 0.09422, 0.11642]",0.88855,"{'ExternalRiskEstimate': 4.0, 'neg_NetFractionRevolvingBurden': 1.0, 'neg_PercentTradesWBalance': 1.0, 'PercentTradesNeverDelq': 1.0}",4356,ExternalRiskEstimate,0.8500824134666236,995,389,606,91.441653261922,0.2350685173828329,0.17665758401453224,0.0,0.25977005205190035,484,ExternalRiskEstimate,0.8500824134666236,109,39,70,10.476117666952828,0.2686184017167392,0.15725806451612903,0.0,0.273809674241833
feasible,"risk est. costly (4,1,1,1)",8.0,200,0.6056627010821561,"[1.04244, 0.12214, 0.05496, 0.05373]",1.95611,"{'ExternalRiskEstimate': 4.0, 'neg_NetFractionRevolvingBurden': 1.0, 'neg_PercentTradesWBalance': 1.0, 'PercentTradesNeverDelq': 1.0}",4356,ExternalRiskEstimate,2.08488907086861,2140,681,1459,336.428713526314,0.4940216057655125,0.30926430517711173,0.0,0.2106453825697167,484,ExternalRiskEstimate,2.08488907086861,228,76,152,37.047485433949575,0.48746691360459965,0.3064516129032258,0.0,0.22304238546704633
feasible,"risk est. fixed (1e6,1,1,1)",0.25,169,0.6720087130959778,"[0.71718, 0.3387, 0.05079, 0.1833]",0.17772,"{'ExternalRiskEstimate': 1000000.0, 'neg_NetFractionRevolvingBurden': 1.0, 'neg_PercentTradesWBalance': 1.0, 'PercentTradesNeverDelq': 1.0}",4356,neg_NetFractionRevolvingBurden,0.08467389594068855,96,52,44,0.657728041636309,0.012648616185313636,0.023614895549500452,0.0,0.2806111735441606,484,neg_NetFractionRevolvingBurden,0.08467389594068855,12,9,3,0.15358749962615753,0.017065277736239726,0.036290322580645164,0.0,0.29307110020738397
feasible,"risk est. fixed (1e6,1,1,1)",0.5,169,0.6717934854202454,"[0.72181, 0.33564, 0.05283, 0.18007]",0.25614,"{'ExternalRiskEstimate': 1000000.0, 'neg_NetFractionRevolvingBurden': 1.0, 'neg_PercentTradesWBalance': 1.0, 'PercentTradesNeverDelq': 1.0}",4356,neg_NetFractionRevolvingBurden,0.16782022694515997,167,78,89,2.4224271900973777,0.031056758847402277,0.035422343324250684,0.0,0.2792877807185268,484,neg_NetFractionRevolvingBurden,0.16782022694515997,19,13,6,0.4392883713734552,0.033791413182573476,0.05241935483870968,0.0,0.2924808091500548
feasible,"risk est. fixed (1e6,1,1,1)",1.0,169,0.6712329046093596,"[0.73377, 0.32503, 0.06254, 0.17322]",0.40041,"{'ExternalRiskEstimate': 1000000.0, 'neg_NetFractionRevolvingBurden': 1.0, 'neg_PercentTradesWBalance': 1.0, 'PercentTradesNeverDelq': 1.0}",4356,neg_NetFractionRevolvingBurden,0.3250299580187791,290,122,168,7.039334452737932,0.057699462727360096,0.055404178019981834,0.0,0.27845745306410974,484,neg_NetFractionRevolvingBurden,0.3250299580187791,41,19,22,1.4069352773586192,0.07404922512413785,0.07661290322580645,0.0,0.28634930727818464
feasible,"risk est. fixed (1e6,1,1,1)",2.0,166,0.6691595841559719,"[0.73613, 0.33046, 0.05136, 0.16908]",0.70433,"{'ExternalRiskEstimate': 1000000.0, 'neg_NetFractionRevolvingBurden': 1.0, 'neg_PercentTradesWBalance': 1.0, 'PercentTradesNeverDelq': 1.0}",4356,neg_NetFractionRevolvingBurden,0.660910474540892,335,118,217,10.467147658330905,0.0887046411722958,0.053587647593097185,0.0,0.2896080928240746,484,neg_NetFractionRevolvingBurden,0.660910474540892,35,13,22,1.4629151467800754,0.11253193436769811,0.05241935483870968,0.0,0.29449810920086766
feasible,"risk est. fixed (1e6,1,1,1)",4.0,173,0.6692927774015689,"[0.75904, 0.25695, 0.08976, 0.14295]",1.03388,"{'ExternalRiskEstimate': 1000000.0, 'neg_NetFractionRevolvingBurden': 1.0, 'neg_PercentTradesWBalance': 1.0, 'PercentTradesNeverDelq': 1.0}",4356,neg_NetFractionRevolvingBurden,1.0277851500111066,170,41,129,3.22670814734247,0.07870019871567001,0.018619436875567667,0.0,0.33190387783577996,484,neg_NetFractionRevolvingBurden,1.0277851500111066,20,7,13,0.7370480363106108,0.10529257661580153,0.028225806451612902,0.0,0.3662457685200194
feasible,"risk est. fixed (1e6,1,1,1)",8.0,191,0.6741075445742177,"[0.86016, 0.11064, 0.13508, 0.11779]",1.16565,"{'ExternalRiskEstimate': 1000000.0, 'neg_NetFractionRevolvingBurden': 1.0, 'neg_PercentTradesWBalance': 1.0, 'PercentTradesNeverDelq': 1.0}",4356,neg_PercentTradesWBalance,1.0806529764000725,418,109,309,14.628225379334534,0.13420390256270215,0.049500454132606724,0.0,0.32400637617554306,484,neg_PercentTradesWBalance,1.0806529764000725,44,12,32,1.4607719053290524,0.12173099211075437,0.04838709677419355,0.0,0.3482215456501466
feasible,"balances cheap (1,.5,.5,1)",0.25,169,0.671908595231884,"[0.72054, 0.33645, 0.05033, 0.18239]",0.27419,"{'ExternalRiskEstimate': 1.0, 'neg_NetFractionRevolvingBurden': 0.5, 'neg_PercentTradesWBalance': 0.5, 'PercentTradesNeverDelq': 1.0}",4356,ExternalRiskEstimate,0.180135138472415,208,96,112,5.315977345304671,0.05537476401359032,0.043596730245231606,0.0,0.2793122182402882,484,ExternalRiskEstimate,0.180135138472415,26,17,9,0.9264779196060279,0.054498701153295755,0.06854838709677419,0.0,0.2914742191743677
feasible,"balances cheap (1,.5,.5,1)",0.5,110,0.6706085313908177,"[0.71999, 0.3228, 0.06372, 0.18532]",0.4376,"{'ExternalRiskEstimate': 1.0, 'neg_NetFractionRevolvingBurden': 0.5, 'neg_PercentTradesWBalance': 0.5, 'PercentTradesNeverDelq': 1.0}",4356,ExternalRiskEstimate,0.3599944578585639,443,189,254,19.7686470411113,0.10459601609053598,0.08583106267029973,0.0,0.27461693134960713,484,ExternalRiskEstimate,0.3599944578585639,55,27,28,3.4850865210632005,0.1290772785578963,0.10887096774193548,0.0,0.29238618487383633
feasible,"balances cheap (1,.5,.5,1)",1.0,168,0.6630401029495274,"[0.80643, 0.27398, 0.04841, 0.14139]",0.85048,"{'ExternalRiskEstimate': 1.0, 'neg_NetFractionRevolvingBurden': 0.5, 'neg_PercentTradesWBalance': 0.5, 'PercentTradesNeverDelq': 1.0}",4356,ExternalRiskEstimate,0.8064268671275762,952,376,576,86.76518872563398,0.23075848065328186,0.17075386012715713,0.0,0.2615323258205615,484,ExternalRiskEstimate,0.8064268671275762,101,40,61,10.720942672368368,0.2680235668092092,0.16129032258064516,0.0,0.27536995315626367
feasible,"balances cheap (1,.5,.5,1)",2.0,200,0.607018124054916,"[0.99609, 0.15253, 0.05155, 0.06387]",1.86611,"{'ExternalRiskEstimate': 1.0, 'neg_NetFractionRevolvingBurden': 0.5, 'neg_PercentTradesWBalance': 0.5, 'PercentTradesNeverDelq': 1.0}",4356,ExternalRiskEstimate,1.9921714554710404,2108,682,1426,333.2134823188014,0.48858281864926895,0.3097184377838329,0.0,0.21322004538135872,484,ExternalRiskEstimate,1.9921714554710404,222,74,148,36.565387524472996,0.49412685843882426,0.29838709677419356,0.0,0.22610457123042768
feasible,"balances cheap (1,.5,.5,1)",4.0,198,0.677135055114515,"[0.57426, 0.28064, 0.17412, 0.27734]",2.30193,"{'ExternalRiskEstimate': 1.0, 'neg_NetFractionRevolvingBurden': 0.5, 'neg_PercentTradesWBalance': 0.5, 'PercentTradesNeverDelq': 1.0}",4356,ExternalRiskEstimate,2.2970262228427116,10,8,2,3.618624484063273,0.45232806050790914,0.0036330608537693005,0.0,0.49503704672083026,484,ExternalRiskEstimate,2.2970262228427116,2,1,1,0.30104562231439314,0.30104562231439314,0.004032258064516129,0.0,0.4869813106976975
feasible,"balances cheap (1,.5,.5,1)",8.0,2,0.6664374559451696,"[0.15082, 0.01801, 0.0417, 0.05748]",0.28985,"{'ExternalRiskEstimate': 1.0, 'neg_NetFractionRevolvingBurden': 0.5, 'neg_PercentTradesWBalance': 0.5, 'PercentTradesNeverDelq': 1.0}",4356,ExternalRiskEstimate,1.2065569469886572,2799,1282,1517,758.3689128644096,0.5915514140908031,0.5821980018165305,0.0,0.19435975370422184,484,ExternalRiskEstimate,1.2065569469886572,309,144,165,83.07520163952996,0.5769111224967358,0.5806451612903226,0.0,0.20439007925716948
feasible,"balances cheap, risk fixed (1e6,.5,.5,1)",0.25,169,0.6717934854202454,"[0.72181, 0.33564, 0.05283, 0.18007]",0.25614,"{'ExternalRiskEstimate': 1000000.0, 'neg_NetFractionRevolvingBurden': 0.5, 'neg_PercentTradesWBalance': 0.5, 'PercentTradesNeverDelq': 1.0}",4356,neg_NetFractionRevolvingBurden,0.16782022694515997,167,78,89,2.4224271900973777,0.031056758847402277,0.035422343324250684,0.0,0.2792877807185268,484,neg_NetFractionRevolvingBurden,0.16782022694515997,19,13,6,0.4392883713734552,0.033791413182573476,0.05241935483870968,0.0,0.2924808091500548
feasible,"balances cheap, risk fixed (1e6,.5,.5,1)",0.5,112,0.671227527982469,"[0.71511, 0.33608, 0.06615, 0.19468]",0.39816,"{'ExternalRiskEstimate': 1000000.0, 'neg_NetFractionRevolvingBurden': 0.5, 'neg_PercentTradesWBalance': 0.5, 'PercentTradesNeverDelq': 1.0}",4356,neg_NetFractionRevolvingBurden,0.3360832451443478,307,131,176,7.396521240827027,0.05646199420478646,0.059491371480472295,0.0,0.27837545426059984,484,neg_NetFractionRevolvingBurden,0.3360832451443478,44,22,22,1.6009412955420705,0.07277005888827594,0.08870967741935484,0.0,0.2942129312075577
feasible,"balances cheap, risk fixed (1e6,.5,.5,1)",1.0,166,0.6692311451377244,"[0.73568, 0.32882, 0.05281, 0.17033]",0.69995,"{'ExternalRiskEstimate': 1000000.0, 'neg_NetFractionRevolvingBurden': 0.5, 'neg_PercentTradesWBalance': 0.5, 'PercentTradesNeverDelq': 1.0}",4356,neg_NetFractionRevolvingBurden,0.6576380025116005,333,117,216,10.61462161221186,0.09072326164283641,0.05313351498637602,0.0,0.29003337428553444,484,neg_NetFractionRevolvingBurden,0.6576380025116005,35,13,22,1.4419954221959939,0.11092272478430722,0.05241935483870968,0.0,0.29454133177232233
feasible,"balances cheap, risk fixed (1e6,.5,.5,1)",2.0,198,0.6688527764206416,"[0.74949, 0.27201, 0.08846, 0.15067]",1.11043,"{'ExternalRiskEstimate': 1000000.0, 'neg_NetFractionRevolvingBurden': 0.5, 'neg_PercentTradesWBalance': 0.5, 'PercentTradesNeverDelq': 1.0}",4356,neg_NetFractionRevolvingBurden,1.0880593749446728,176,46,130,3.4481821085335445,0.07496048062029445,0.02089009990917348,0.0,0.3435610233910621,484,neg_NetFractionRevolvingBurden,1.0880593749446728,18,8,10,0.7582793181558126,0.09478491476947658,0.03225806451612903,0.0,0.3785985964500913
feasible,"balances cheap, risk fixed (1e6,.5,.5,1)",4.0,200,0.6714914255176814,"[0.82665, 0.11341, 0.14981, 0.10468]",1.25469,"{'ExternalRiskEstimate': 1000000.0, 'neg_NetFractionRevolvingBurden': 0.5, 'neg_PercentTradesWBalance': 0.5, 'PercentTradesNeverDelq': 1.0}",4356,neg_PercentTradesWBalance,1.198455256117729,448,98,350,13.338519286517068,0.13610733965833743,0.04450499545867393,0.0,0.3332556199985039,484,neg_PercentTradesWBalance,1.198455256117729,53,15,38,1.703422121411776,0.11356147476078507,0.06048387096774194,0.0,0.3580507807408848
feasible,"balances cheap, risk fixed (1e6,.5,.5,1)",8.0,200,0.6797837650666461,"[0.93785, 0.06352, 0.06355, 0.05592]",1.08851,"{'ExternalRiskEstimate': 1000000.0, 'neg_NetFractionRevolvingBurden': 0.5, 'neg_PercentTradesWBalance': 0.5, 'PercentTradesNeverDelq': 1.0}",4356,neg_PercentTradesWBalance,1.016741346643907,197,45,152,5.650339735908898,0.12556310524241995,0.020435967302452316,0.0,0.3409893618604433,484,neg_PercentTradesWBalance,1.016741346643907,23,6,17,0.6163884669945312,0.1027314111657552,0.024193548387096774,0.0,0.3623628337458791
feasible,"delinquency costly (1,1,1,4)",0.25,169,0.671868231916381,"[0.71205, 0.34315, 0.04864, 0.18797]",0.27085,"{'ExternalRiskEstimate': 1.0, 'neg_NetFractionRevolvingBurden': 1.0, 'neg_PercentTradesWBalance': 1.0, 'PercentTradesNeverDelq': 4.0}",4356,ExternalRiskEstimate,0.17801350113467315,208,96,112,5.2211997036446895,0.054387496912965516,0.043596730245231606,0.0,0.27910440778153245,484,ExternalRiskEstimate,0.17801350113467315,27,17,10,0.9889200318005987,0.05817176657650581,0.06854838709677419,0.0,0.2934113222483459
feasible,"delinquency costly (1,1,1,4)",0.5,110,0.6706564977201441,"[0.70963, 0.32728, 0.06918, 0.19225]",0.43053,"{'ExternalRiskEstimate': 1.0, 'neg_NetFractionRevolvingBurden': 1.0, 'neg_PercentTradesWBalance': 1.0, 'PercentTradesNeverDelq': 4.0}",4356,ExternalRiskEstimate,0.3548167833764409,447,191,256,20.27613790582231,0.10615779008283932,0.08673932788374206,0.0,0.2747299958893888,484,ExternalRiskEstimate,0.3548167833764409,55,26,29,3.203242028336245,0.12320161647447095,0.10483870967741936,0.0,0.28883627680095814
feasible,"delinquency costly (1,1,1,4)",1.0,168,0.66300967509126,"[0.77725, 0.29831, 0.04332, 0.16146]",0.81855,"{'ExternalRiskEstimate': 1.0, 'neg_NetFractionRevolvingBurden': 1.0, 'neg_PercentTradesWBalance': 1.0, 'PercentTradesNeverDelq': 4.0}",4356,ExternalRiskEstimate,0.7772531127136564,922,367,555,83.98704249710832,0.22884752724007718,0.16666666666666666,0.0,0.2610222583799109,484,ExternalRiskEstimate,0.7772531127136564,95,39,56,10.034050964471804,0.2572833580633796,0.15725806451612903,0.0,0.2747230351973723
feasible,"delinquency costly (1,1,1,4)",2.0,200,0.6075293581274088,"[0.97748, 0.16465, 0.05327, 0.06819]",1.8307,"{'ExternalRiskEstimate': 1.0, 'neg_NetFractionRevolvingBurden': 1.0, 'neg_PercentTradesWBalance': 1.0, 'PercentTradesNeverDelq': 4.0}",4356,ExternalRiskEstimate,1.9549615717905822,2080,673,1407,328.9339732465343,0.4887577611389812,0.30563124432334243,0.0,0.21397291706920699,484,ExternalRiskEstimate,1.9549615717905822,220,75,145,36.976049510690856,0.4930139934758781,0.3024193548387097,0.0,0.22732221175477094
feasible,"delinquency costly (1,1,1,4)",4.0,79,0.6524076771482838,"[0.43959, 0.3963, 0.13453, 0.36982]",1.59454,"{'ExternalRiskEstimate': 1.0, 'neg_NetFractionRevolvingBurden': 1.0, 'neg_PercentTradesWBalance': 1.0, 'PercentTradesNeverDelq': 4.0}",4356,ExternalRiskEstimate,1.758350268589676,713,132,581,58.52638478225939,0.4433817028959045,0.05994550408719346,0.0,0.36030156455871,484,ExternalRiskEstimate,1.758350268589676,70,18,52,7.842053633783605,0.4356696463213114,0.07258064516129033,0.0,0.3742932776161496
feasible,"delinquency costly (1,1,1,4)",8.0,193,0.7019157146033732,"[0.29709, 0.29745, 0.28272, 0.47489]",2.37857,"{'ExternalRiskEstimate': 1.0, 'neg_NetFractionRevolvingBurden': 1.0, 'neg_PercentTradesWBalance': 1.0, 'PercentTradesNeverDelq': 4.0}",4356,neg_NetFractionRevolvingBurden,2.3796015154997194,0,0,0,0.0,,0.0,,0.49449035812672176,484,neg_NetFractionRevolvingBurden,2.3796015154997194,0,0,0,0.0,,0.0,,0.48760330578512395
